path,rate,waveform,modulated,pair,order,oscillators,frames,seconds,energy,variant
reference,48000,0,0,0,reference-first,32,8192,0.010877875,39117.538740578682,shared-frequency-v1
study,48000,0,0,0,reference-first,32,8192,0.011220124999999999,39117.538740578682,shared-frequency-v1
study,48000,0,0,1,study-first,32,8192,0.011674874999999999,39117.538740578682,shared-frequency-v1
reference,48000,0,0,1,study-first,32,8192,0.012384958,39117.538740578682,shared-frequency-v1
reference,48000,0,0,2,reference-first,32,8192,0.011353083,39117.538740578682,shared-frequency-v1
study,48000,0,0,2,reference-first,32,8192,0.012527333999999999,39117.538740578682,shared-frequency-v1
study,48000,0,0,3,study-first,32,8192,0.012922916,39117.538740578682,shared-frequency-v1
reference,48000,0,0,3,study-first,32,8192,0.012381625,39117.538740578682,shared-frequency-v1
reference,48000,0,1,0,reference-first,32,8192,0.011221040999999999,39098.204864151077,shared-frequency-v1
study,48000,0,1,0,reference-first,32,8192,0.011641375000000001,39098.204864151077,shared-frequency-v1
study,48000,0,1,1,study-first,32,8192,0.011426708000000001,39098.204864151077,shared-frequency-v1
reference,48000,0,1,1,study-first,32,8192,0.012095125,39098.204864151077,shared-frequency-v1
reference,48000,0,1,2,reference-first,32,8192,0.011495791999999999,39098.204864151077,shared-frequency-v1
study,48000,0,1,2,reference-first,32,8192,0.01119275,39098.204864151077,shared-frequency-v1
study,48000,0,1,3,study-first,32,8192,0.023136166999999999,39098.204864151077,shared-frequency-v1
reference,48000,0,1,3,study-first,32,8192,0.011237667,39098.204864151077,shared-frequency-v1
reference,48000,1,0,0,reference-first,32,8192,0.021836167,62878.422113017223,shared-frequency-v1
study,48000,1,0,0,reference-first,32,8192,0.017146583,62878.422113017223,shared-frequency-v1
study,48000,1,0,1,study-first,32,8192,0.026645624999999999,62878.422113017223,shared-frequency-v1
reference,48000,1,0,1,study-first,32,8192,0.017752,62878.422113017223,shared-frequency-v1
reference,48000,1,0,2,reference-first,32,8192,0.018131417,62878.422113017223,shared-frequency-v1
study,48000,1,0,2,reference-first,32,8192,0.020881582999999999,62878.422113017223,shared-frequency-v1
study,48000,1,0,3,study-first,32,8192,0.016998208000000001,62878.422113017223,shared-frequency-v1
reference,48000,1,0,3,study-first,32,8192,0.017483584,62878.422113017223,shared-frequency-v1
reference,48000,1,1,0,reference-first,32,8192,0.019138291000000002,62859.764876038556,shared-frequency-v1
study,48000,1,1,0,reference-first,32,8192,0.016334624999999998,62859.764876038556,shared-frequency-v1
study,48000,1,1,1,study-first,32,8192,0.023028666,62859.764876038556,shared-frequency-v1
reference,48000,1,1,1,study-first,32,8192,0.018256167,62859.764876038556,shared-frequency-v1
reference,48000,1,1,2,reference-first,32,8192,0.020916957999999999,62859.764876038556,shared-frequency-v1
study,48000,1,1,2,reference-first,32,8192,0.021895375000000002,62859.764876038556,shared-frequency-v1
study,48000,1,1,3,study-first,32,8192,0.026975249999999999,62859.764876038556,shared-frequency-v1
reference,48000,1,1,3,study-first,32,8192,0.027757084000000001,62859.764876038556,shared-frequency-v1
reference,48000,2,0,0,reference-first,32,8192,0.032218333000000002,43963.564642360114,shared-frequency-v1
study,48000,2,0,0,reference-first,32,8192,0.031190208000000001,43963.564642360114,shared-frequency-v1
study,48000,2,0,1,study-first,32,8192,0.028230541000000001,43963.564642360114,shared-frequency-v1
reference,48000,2,0,1,study-first,32,8192,0.027196000000000001,43963.564642360114,shared-frequency-v1
reference,48000,2,0,2,reference-first,32,8192,0.031522250000000002,43963.564642360114,shared-frequency-v1
study,48000,2,0,2,reference-first,32,8192,0.024593250000000001,43963.564642360114,shared-frequency-v1
study,48000,2,0,3,study-first,32,8192,0.028692959000000001,43963.564642360114,shared-frequency-v1
reference,48000,2,0,3,study-first,32,8192,0.024923250000000001,43963.564642360114,shared-frequency-v1
reference,48000,2,1,0,reference-first,32,8192,0.025284833,43968.358349975417,shared-frequency-v1
study,48000,2,1,0,reference-first,32,8192,0.023905833000000001,43968.358349975417,shared-frequency-v1
study,48000,2,1,1,study-first,32,8192,0.024288750000000001,43968.358349975417,shared-frequency-v1
reference,48000,2,1,1,study-first,32,8192,0.031792167000000003,43968.358349975417,shared-frequency-v1
reference,48000,2,1,2,reference-first,32,8192,0.036478499999999997,43968.358349975417,shared-frequency-v1
study,48000,2,1,2,reference-first,32,8192,0.024399667,43968.358349975417,shared-frequency-v1
study,48000,2,1,3,study-first,32,8192,0.024175958000000001,43968.358349975417,shared-frequency-v1
reference,48000,2,1,3,study-first,32,8192,0.032375082999999999,43968.358349975417,shared-frequency-v1
reference,48000,3,0,0,reference-first,32,8192,0.022988499999999999,67296.658531080378,shared-frequency-v1
study,48000,3,0,0,reference-first,32,8192,0.018148542,67296.658531080378,shared-frequency-v1
study,48000,3,0,1,study-first,32,8192,0.018294375000000002,67296.658531080378,shared-frequency-v1
reference,48000,3,0,1,study-first,32,8192,0.027524040999999999,67296.658531080378,shared-frequency-v1
reference,48000,3,0,2,reference-first,32,8192,0.027404000000000001,67296.658531080378,shared-frequency-v1
study,48000,3,0,2,reference-first,32,8192,0.018216791,67296.658531080378,shared-frequency-v1
study,48000,3,0,3,study-first,32,8192,0.017639624999999999,67296.658531080378,shared-frequency-v1
reference,48000,3,0,3,study-first,32,8192,0.023004,67296.658531080378,shared-frequency-v1
reference,48000,3,1,0,reference-first,32,8192,0.017973459000000001,67271.815231768167,shared-frequency-v1
study,48000,3,1,0,reference-first,32,8192,0.024370709000000001,67271.815231768167,shared-frequency-v1
study,48000,3,1,1,study-first,32,8192,0.021037166999999999,67271.815231768167,shared-frequency-v1
reference,48000,3,1,1,study-first,32,8192,0.030452416999999999,67271.815231768167,shared-frequency-v1
reference,48000,3,1,2,reference-first,32,8192,0.047051500000000003,67271.815231768167,shared-frequency-v1
study,48000,3,1,2,reference-first,32,8192,0.046786082999999999,67271.815231768167,shared-frequency-v1
study,48000,3,1,3,study-first,32,8192,0.018195833000000002,67271.815231768167,shared-frequency-v1
reference,48000,3,1,3,study-first,32,8192,0.021571875000000001,67271.815231768167,shared-frequency-v1
reference,96000,0,0,0,reference-first,32,8192,0.014603625,40828.402588027784,shared-frequency-v1
study,96000,0,0,0,reference-first,32,8192,0.020793374999999999,40828.402588027784,shared-frequency-v1
study,96000,0,0,1,study-first,32,8192,0.014678167000000001,40828.402588027784,shared-frequency-v1
reference,96000,0,0,1,study-first,32,8192,0.012625542,40828.402588027784,shared-frequency-v1
reference,96000,0,0,2,reference-first,32,8192,0.017734333000000001,40828.402588027784,shared-frequency-v1
study,96000,0,0,2,reference-first,32,8192,0.011296916000000001,40828.402588027784,shared-frequency-v1
study,96000,0,0,3,study-first,32,8192,0.020645707999999999,40828.402588027784,shared-frequency-v1
reference,96000,0,0,3,study-first,32,8192,0.015465167,40828.402588027784,shared-frequency-v1
reference,96000,0,1,0,reference-first,32,8192,0.011407333,40853.367676385089,shared-frequency-v1
study,96000,0,1,0,reference-first,32,8192,0.011368833,40853.367676385089,shared-frequency-v1
study,96000,0,1,1,study-first,32,8192,0.013663708,40853.367676385089,shared-frequency-v1
reference,96000,0,1,1,study-first,32,8192,0.010986042,40853.367676385089,shared-frequency-v1
reference,96000,0,1,2,reference-first,32,8192,0.011213959000000001,40853.367676385089,shared-frequency-v1
study,96000,0,1,2,reference-first,32,8192,0.010362667000000001,40853.367676385089,shared-frequency-v1
study,96000,0,1,3,study-first,32,8192,0.014862208,40853.367676385089,shared-frequency-v1
reference,96000,0,1,3,study-first,32,8192,0.017427499999999999,40853.367676385089,shared-frequency-v1
reference,96000,1,0,0,reference-first,32,8192,0.022644833999999999,66207.775698027384,shared-frequency-v1
study,96000,1,0,0,reference-first,32,8192,0.016607166999999999,66207.775698027384,shared-frequency-v1
study,96000,1,0,1,study-first,32,8192,0.018011124999999999,66207.775698027384,shared-frequency-v1
reference,96000,1,0,1,study-first,32,8192,0.018053291999999999,66207.775698027384,shared-frequency-v1
reference,96000,1,0,2,reference-first,32,8192,0.017617958,66207.775698027384,shared-frequency-v1
study,96000,1,0,2,reference-first,32,8192,0.017485916000000001,66207.775698027384,shared-frequency-v1
study,96000,1,0,3,study-first,32,8192,0.017115749999999999,66207.775698027384,shared-frequency-v1
reference,96000,1,0,3,study-first,32,8192,0.020727124999999999,66207.775698027384,shared-frequency-v1
reference,96000,1,1,0,reference-first,32,8192,0.018059499999999999,66238.312784041031,shared-frequency-v1
study,96000,1,1,0,reference-first,32,8192,0.018260417000000001,66238.312784041031,shared-frequency-v1
study,96000,1,1,1,study-first,32,8192,0.031357500000000003,66238.312784041031,shared-frequency-v1
reference,96000,1,1,1,study-first,32,8192,0.02242475,66238.312784041031,shared-frequency-v1
reference,96000,1,1,2,reference-first,32,8192,0.024056375000000001,66238.312784041031,shared-frequency-v1
study,96000,1,1,2,reference-first,32,8192,0.0203915,66238.312784041031,shared-frequency-v1
study,96000,1,1,3,study-first,32,8192,0.017997292000000002,66238.312784041031,shared-frequency-v1
reference,96000,1,1,3,study-first,32,8192,0.020084082999999999,66238.312784041031,shared-frequency-v1
reference,96000,2,0,0,reference-first,32,8192,0.033841499999999997,46274.316585789238,shared-frequency-v1
study,96000,2,0,0,reference-first,32,8192,0.028085959000000001,46274.316585789238,shared-frequency-v1
study,96000,2,0,1,study-first,32,8192,0.030405541000000001,46274.316585789238,shared-frequency-v1
reference,96000,2,0,1,study-first,32,8192,0.024952208,46274.316585789238,shared-frequency-v1
reference,96000,2,0,2,reference-first,32,8192,0.025426750000000001,46274.316585789238,shared-frequency-v1
study,96000,2,0,2,reference-first,32,8192,0.028482375000000001,46274.316585789238,shared-frequency-v1
study,96000,2,0,3,study-first,32,8192,0.024001041000000001,46274.316585789238,shared-frequency-v1
reference,96000,2,0,3,study-first,32,8192,0.036468916999999997,46274.316585789238,shared-frequency-v1
reference,96000,2,1,0,reference-first,32,8192,0.027041374999999999,46285.185533328127,shared-frequency-v1
study,96000,2,1,0,reference-first,32,8192,0.023959166,46285.185533328127,shared-frequency-v1
study,96000,2,1,1,study-first,32,8192,0.035703125000000002,46285.185533328127,shared-frequency-v1
reference,96000,2,1,1,study-first,32,8192,0.026574250000000001,46285.185533328127,shared-frequency-v1
reference,96000,2,1,2,reference-first,32,8192,0.027215832999999998,46285.185533328127,shared-frequency-v1
study,96000,2,1,2,reference-first,32,8192,0.026309042000000001,46285.185533328127,shared-frequency-v1
study,96000,2,1,3,study-first,32,8192,0.026402542000000001,46285.185533328127,shared-frequency-v1
reference,96000,2,1,3,study-first,32,8192,0.024557208000000001,46285.185533328127,shared-frequency-v1
reference,96000,3,0,0,reference-first,32,8192,0.017579667,71026.627146319122,shared-frequency-v1
study,96000,3,0,0,reference-first,32,8192,0.017896334,71026.627146319122,shared-frequency-v1
study,96000,3,0,1,study-first,32,8192,0.022984417,71026.627146319122,shared-frequency-v1
reference,96000,3,0,1,study-first,32,8192,0.017674459,71026.627146319122,shared-frequency-v1
reference,96000,3,0,2,reference-first,32,8192,0.018558874999999999,71026.627146319122,shared-frequency-v1
study,96000,3,0,2,reference-first,32,8192,0.024190540999999999,71026.627146319122,shared-frequency-v1
study,96000,3,0,3,study-first,32,8192,0.017078083000000001,71026.627146319122,shared-frequency-v1
reference,96000,3,0,3,study-first,32,8192,0.019184957999999998,71026.627146319122,shared-frequency-v1
reference,96000,3,1,0,reference-first,32,8192,0.016167333999999998,71051.538519593872,shared-frequency-v1
study,96000,3,1,0,reference-first,32,8192,0.023644541000000002,71051.538519593872,shared-frequency-v1
study,96000,3,1,1,study-first,32,8192,0.015983041,71051.538519593872,shared-frequency-v1
reference,96000,3,1,1,study-first,32,8192,0.016359792000000001,71051.538519593872,shared-frequency-v1
reference,96000,3,1,2,reference-first,32,8192,0.020191125000000001,71051.538519593872,shared-frequency-v1
study,96000,3,1,2,reference-first,32,8192,0.022467125000000001,71051.538519593872,shared-frequency-v1
study,96000,3,1,3,study-first,32,8192,0.018018666999999999,71051.538519593872,shared-frequency-v1
reference,96000,3,1,3,study-first,32,8192,0.021214832999999999,71051.538519593872,shared-frequency-v1
reference,192000,0,0,0,reference-first,32,8192,0.015130833999999999,42062.343850864971,shared-frequency-v1
study,192000,0,0,0,reference-first,32,8192,0.018654459000000002,42062.343850864971,shared-frequency-v1
study,192000,0,0,1,study-first,32,8192,0.017903667000000002,42062.343850864971,shared-frequency-v1
reference,192000,0,0,1,study-first,32,8192,0.011007540999999999,42062.343850864971,shared-frequency-v1
reference,192000,0,0,2,reference-first,32,8192,0.010752166000000001,42062.343850864971,shared-frequency-v1
study,192000,0,0,2,reference-first,32,8192,0.012117915999999999,42062.343850864971,shared-frequency-v1
study,192000,0,0,3,study-first,32,8192,0.011006125,42062.343850864971,shared-frequency-v1
reference,192000,0,0,3,study-first,32,8192,0.011388499999999999,42062.343850864971,shared-frequency-v1
reference,192000,0,1,0,reference-first,32,8192,0.011792749999999999,42068.026072882523,shared-frequency-v1
study,192000,0,1,0,reference-first,32,8192,0.01143975,42068.026072882523,shared-frequency-v1
study,192000,0,1,1,study-first,32,8192,0.011355624999999999,42068.026072882523,shared-frequency-v1
reference,192000,0,1,1,study-first,32,8192,0.015261791,42068.026072882523,shared-frequency-v1
reference,192000,0,1,2,reference-first,32,8192,0.012774917,42068.026072882523,shared-frequency-v1
study,192000,0,1,2,reference-first,32,8192,0.011844792,42068.026072882523,shared-frequency-v1
study,192000,0,1,3,study-first,32,8192,0.010893040999999999,42068.026072882523,shared-frequency-v1
reference,192000,0,1,3,study-first,32,8192,0.010882625,42068.026072882523,shared-frequency-v1
reference,192000,1,0,0,reference-first,32,8192,0.017102375,66887.695432984823,shared-frequency-v1
study,192000,1,0,0,reference-first,32,8192,0.015940083000000001,66887.695432984823,shared-frequency-v1
study,192000,1,0,1,study-first,32,8192,0.016628958999999999,66887.695432984823,shared-frequency-v1
reference,192000,1,0,1,study-first,32,8192,0.018741250000000001,66887.695432984823,shared-frequency-v1
reference,192000,1,0,2,reference-first,32,8192,0.018784708000000001,66887.695432984823,shared-frequency-v1
study,192000,1,0,2,reference-first,32,8192,0.017304875000000001,66887.695432984823,shared-frequency-v1
study,192000,1,0,3,study-first,32,8192,0.016913666000000001,66887.695432984823,shared-frequency-v1
reference,192000,1,0,3,study-first,32,8192,0.0193955,66887.695432984823,shared-frequency-v1
reference,192000,1,1,0,reference-first,32,8192,0.016981375,66889.132923516416,shared-frequency-v1
study,192000,1,1,0,reference-first,32,8192,0.017269291999999999,66889.132923516416,shared-frequency-v1
study,192000,1,1,1,study-first,32,8192,0.01736675,66889.132923516416,shared-frequency-v1
reference,192000,1,1,1,study-first,32,8192,0.017202083,66889.132923516416,shared-frequency-v1
reference,192000,1,1,2,reference-first,32,8192,0.017234791999999999,66889.132923516416,shared-frequency-v1
study,192000,1,1,2,reference-first,32,8192,0.016835165999999999,66889.132923516416,shared-frequency-v1
study,192000,1,1,3,study-first,32,8192,0.017076917,66889.132923516416,shared-frequency-v1
reference,192000,1,1,3,study-first,32,8192,0.019088832999999999,66889.132923516416,shared-frequency-v1
reference,192000,2,0,0,reference-first,32,8192,0.028475041999999999,46549.219227873546,shared-frequency-v1
study,192000,2,0,0,reference-first,32,8192,0.025452791999999998,46549.219227873546,shared-frequency-v1
study,192000,2,0,1,study-first,32,8192,0.026498583999999999,46549.219227873546,shared-frequency-v1
reference,192000,2,0,1,study-first,32,8192,0.025770166000000001,46549.219227873546,shared-frequency-v1
reference,192000,2,0,2,reference-first,32,8192,0.024343625000000001,46549.219227873546,shared-frequency-v1
study,192000,2,0,2,reference-first,32,8192,0.02553325,46549.219227873546,shared-frequency-v1
study,192000,2,0,3,study-first,32,8192,0.025067709000000001,46549.219227873546,shared-frequency-v1
reference,192000,2,0,3,study-first,32,8192,0.024071458,46549.219227873546,shared-frequency-v1
reference,192000,2,1,0,reference-first,32,8192,0.027727833,46535.586090883182,shared-frequency-v1
study,192000,2,1,0,reference-first,32,8192,0.044239041999999999,46535.586090883182,shared-frequency-v1
study,192000,2,1,1,study-first,32,8192,0.026605332999999998,46535.586090883182,shared-frequency-v1
reference,192000,2,1,1,study-first,32,8192,0.025510792000000001,46535.586090883182,shared-frequency-v1
reference,192000,2,1,2,reference-first,32,8192,0.026497291999999999,46535.586090883182,shared-frequency-v1
study,192000,2,1,2,reference-first,32,8192,0.024260291999999999,46535.586090883182,shared-frequency-v1
study,192000,2,1,3,study-first,32,8192,0.023524333000000001,46535.586090883182,shared-frequency-v1
reference,192000,2,1,3,study-first,32,8192,0.024008249999999998,46535.586090883182,shared-frequency-v1
reference,192000,3,0,0,reference-first,32,8192,0.017826292000000001,72010.567036101973,shared-frequency-v1
study,192000,3,0,0,reference-first,32,8192,0.017220415999999999,72010.567036101973,shared-frequency-v1
study,192000,3,0,1,study-first,32,8192,0.016610040999999999,72010.567036101973,shared-frequency-v1
reference,192000,3,0,1,study-first,32,8192,0.016963334,72010.567036101973,shared-frequency-v1
reference,192000,3,0,2,reference-first,32,8192,0.018540917000000001,72010.567036101973,shared-frequency-v1
study,192000,3,0,2,reference-first,32,8192,0.01646825,72010.567036101973,shared-frequency-v1
study,192000,3,0,3,study-first,32,8192,0.018922667000000001,72010.567036101973,shared-frequency-v1
reference,192000,3,0,3,study-first,32,8192,0.017576792000000001,72010.567036101973,shared-frequency-v1
reference,192000,3,1,0,reference-first,32,8192,0.015450999999999999,72024.69346238907,shared-frequency-v1
study,192000,3,1,0,reference-first,32,8192,0.016752666999999999,72024.69346238907,shared-frequency-v1
study,192000,3,1,1,study-first,32,8192,0.017339541999999999,72024.69346238907,shared-frequency-v1
reference,192000,3,1,1,study-first,32,8192,0.01694975,72024.69346238907,shared-frequency-v1
reference,192000,3,1,2,reference-first,32,8192,0.016474666999999998,72024.69346238907,shared-frequency-v1
study,192000,3,1,2,reference-first,32,8192,0.016389167,72024.69346238907,shared-frequency-v1
study,192000,3,1,3,study-first,32,8192,0.015393291,72024.69346238907,shared-frequency-v1
reference,192000,3,1,3,study-first,32,8192,0.016024709000000002,72024.69346238907,shared-frequency-v1
