factor,rate,voices,drive_db,pair,reference_seconds,simd_seconds
2,48000,16,20,0,0.021919541000000001,0.020771375000000002
2,48000,16,20,1,0.021230458000000001,0.019997375000000001
2,48000,16,20,2,0.021347874999999999,0.019910667
2,48000,16,20,3,0.021832082999999999,0.020049875000000002
2,96000,16,20,0,0.021987416999999999,0.0205995
2,96000,16,20,1,0.021996583,0.020603334000000001
2,96000,16,20,2,0.023103124999999999,0.019910792
2,96000,16,20,3,0.022196457999999999,0.020086125
2,192000,16,20,0,0.021892124999999998,0.019863790999999999
2,192000,16,20,1,0.021291207999999999,0.019816416999999999
2,192000,16,20,2,0.021232208999999998,0.019980542
2,192000,16,20,3,0.042182542000000003,0.019895458000000001
4,48000,16,20,0,0.068264749999999999,0.043992957999999999
4,48000,16,20,1,0.051514707999999999,0.043513625
4,48000,16,20,2,0.060157957999999997,0.045132125000000002
4,48000,16,20,3,0.051607541,0.042498041
4,96000,16,20,0,0.052953582999999999,0.047086375
4,96000,16,20,1,0.056492292,0.047159708000000002
4,96000,16,20,2,0.051168499999999999,0.042411125000000001
4,96000,16,20,3,0.0529185,0.042199542
4,192000,16,20,0,0.051692209000000003,0.042804124999999998
4,192000,16,20,1,0.051576083000000002,0.042417834000000001
4,192000,16,20,2,0.051190874999999997,0.054538125
4,192000,16,20,3,0.051175625000000002,0.044037874999999997
