factor,implementation,rate,voices,drive_db,pair,reference_bytes,candidate_bytes,reference_seconds,candidate_seconds
2,scalar,48000,16,20,0,7248,7248,0.071498500000000006,0.079901700000000006
2,scalar,48000,16,20,1,7248,7248,0.082397899999999996,0.075372700000000001
2,scalar,48000,16,20,2,7248,7248,0.083399899999999999,0.072509799999999999
2,scalar,48000,16,20,3,7248,7248,0.073757600000000006,0.074189699999999997
2,scalar,48000,16,20,4,7248,7248,0.072402900000000006,0.071276900000000004
2,scalar,48000,16,20,5,7248,7248,0.074257400000000001,0.080727699999999999
2,scalar,48000,16,20,6,7248,7248,0.076256699999999997,0.069285700000000006
2,scalar,48000,16,20,7,7248,7248,0.073732000000000006,0.071970699999999999
2,scalar,96000,16,20,0,7248,7248,0.075063400000000002,0.071949299999999994
2,scalar,96000,16,20,1,7248,7248,0.072292700000000001,0.072094900000000003
2,scalar,96000,16,20,2,7248,7248,0.073012099999999996,0.069198399999999993
2,scalar,96000,16,20,3,7248,7248,0.072178199999999998,0.068725700000000001
2,scalar,96000,16,20,4,7248,7248,0.070487099999999997,0.068786399999999998
2,scalar,96000,16,20,5,7248,7248,0.071496199999999996,0.068326899999999996
2,scalar,96000,16,20,6,7248,7248,0.071653800000000004,0.0681065
2,scalar,96000,16,20,7,7248,7248,0.070695800000000003,0.069869700000000007
2,scalar,192000,16,20,0,7248,7248,0.071203000000000002,0.068706900000000001
2,scalar,192000,16,20,1,7248,7248,0.071081900000000003,0.0686359
2,scalar,192000,16,20,2,7248,7248,0.070785000000000001,0.068675799999999995
2,scalar,192000,16,20,3,7248,7248,0.070764499999999994,0.068246100000000004
2,scalar,192000,16,20,4,7248,7248,0.072482400000000002,0.068406499999999995
2,scalar,192000,16,20,5,7248,7248,0.071865100000000001,0.069156700000000002
2,scalar,192000,16,20,6,7248,7248,0.071471999999999994,0.0690215
2,scalar,192000,16,20,7,7248,7248,0.071045800000000006,0.068895999999999999
2,simd,48000,16,20,0,7248,7248,0.064127699999999996,0.056848299999999997
2,simd,48000,16,20,1,7248,7248,0.063673199999999999,0.057494000000000003
2,simd,48000,16,20,2,7248,7248,0.062925499999999995,0.057224799999999999
2,simd,48000,16,20,3,7248,7248,0.066782599999999998,0.056985099999999997
2,simd,48000,16,20,4,7248,7248,0.063458600000000004,0.056880199999999999
2,simd,48000,16,20,5,7248,7248,0.062792200000000006,0.057107100000000001
2,simd,48000,16,20,6,7248,7248,0.063271800000000003,0.057088800000000002
2,simd,48000,16,20,7,7248,7248,0.063203899999999993,0.0570342
2,simd,96000,16,20,0,7248,7248,0.063136999999999999,0.056680599999999998
2,simd,96000,16,20,1,7248,7248,0.062685099999999994,0.057539300000000002
2,simd,96000,16,20,2,7248,7248,0.062864500000000004,0.056714100000000003
2,simd,96000,16,20,3,7248,7248,0.062880699999999998,0.056727
2,simd,96000,16,20,4,7248,7248,0.063540299999999994,0.0570079
2,simd,96000,16,20,5,7248,7248,0.063035800000000003,0.056706800000000002
2,simd,96000,16,20,6,7248,7248,0.0635931,0.056884200000000003
2,simd,96000,16,20,7,7248,7248,0.062698199999999996,0.057360700000000001
2,simd,192000,16,20,0,7248,7248,0.063212199999999996,0.0571271
2,simd,192000,16,20,1,7248,7248,0.063280100000000006,0.057308699999999997
2,simd,192000,16,20,2,7248,7248,0.06343,0.056907899999999997
2,simd,192000,16,20,3,7248,7248,0.063238199999999994,0.0568684
2,simd,192000,16,20,4,7248,7248,0.063137100000000002,0.056855200000000002
2,simd,192000,16,20,5,7248,7248,0.063410499999999995,0.056791099999999997
2,simd,192000,16,20,6,7248,7248,0.062836600000000006,0.056654900000000001
2,simd,192000,16,20,7,7248,7248,0.062681600000000004,0.056782100000000002
4,scalar,48000,16,20,0,12384,12384,0.13020499999999999,0.1246736
4,scalar,48000,16,20,1,12384,12384,0.1317904,0.1252221
4,scalar,48000,16,20,2,12384,12384,0.13164210000000001,0.1303984
4,scalar,48000,16,20,3,12384,12384,0.13044620000000001,0.13259560000000001
4,scalar,48000,16,20,4,12384,12384,0.13259860000000001,0.1248257
4,scalar,48000,16,20,5,12384,12384,0.12980259999999999,0.12580469999999999
4,scalar,48000,16,20,6,12384,12384,0.13020979999999999,0.12462760000000001
4,scalar,48000,16,20,7,12384,12384,0.1335228,0.1236046
4,scalar,96000,16,20,0,12384,12384,0.13007060000000001,0.12566160000000001
4,scalar,96000,16,20,1,12384,12384,0.1290655,0.1245067
4,scalar,96000,16,20,2,12384,12384,0.1293338,0.12566379999999999
4,scalar,96000,16,20,3,12384,12384,0.12939429999999999,0.1243254
4,scalar,96000,16,20,4,12384,12384,0.12925510000000001,0.12546850000000001
4,scalar,96000,16,20,5,12384,12384,0.12925990000000001,0.1248813
4,scalar,96000,16,20,6,12384,12384,0.12978229999999999,0.12418559999999999
4,scalar,96000,16,20,7,12384,12384,0.1294341,0.1241008
4,scalar,192000,16,20,0,12384,12384,0.1321861,0.12678739999999999
4,scalar,192000,16,20,1,12384,12384,0.13087309999999999,0.1258252
4,scalar,192000,16,20,2,12384,12384,0.13058910000000001,0.1255307
4,scalar,192000,16,20,3,12384,12384,0.131022,0.12537429999999999
4,scalar,192000,16,20,4,12384,12384,0.16781889999999999,0.1556746
4,scalar,192000,16,20,5,12384,12384,0.12921050000000001,0.12640760000000001
4,scalar,192000,16,20,6,12384,12384,0.1297934,0.12354850000000001
4,scalar,192000,16,20,7,12384,12384,0.16999349999999999,0.158579
4,simd,48000,16,20,0,12384,12384,0.106154,0.100522
4,simd,48000,16,20,1,12384,12384,0.1061042,0.1014422
4,simd,48000,16,20,2,12384,12384,0.1093802,0.1027303
4,simd,48000,16,20,3,12384,12384,0.1117981,0.1043789
4,simd,48000,16,20,4,12384,12384,0.1098394,0.1022605
4,simd,48000,16,20,5,12384,12384,0.10784829999999999,0.1010446
4,simd,48000,16,20,6,12384,12384,0.1061267,0.10223409999999999
4,simd,48000,16,20,7,12384,12384,0.108346,0.1008024
4,simd,96000,16,20,0,12384,12384,0.1070985,0.1019051
4,simd,96000,16,20,1,12384,12384,0.1058558,0.1015398
4,simd,96000,16,20,2,12384,12384,0.10704320000000001,0.1013368
4,simd,96000,16,20,3,12384,12384,0.1059272,0.1022115
4,simd,96000,16,20,4,12384,12384,0.1059349,0.1016054
4,simd,96000,16,20,5,12384,12384,0.1050252,0.1013322
4,simd,96000,16,20,6,12384,12384,0.1075658,0.1008478
4,simd,96000,16,20,7,12384,12384,0.1061488,0.1013177
4,simd,192000,16,20,0,12384,12384,0.10549749999999999,0.10040490000000001
4,simd,192000,16,20,1,12384,12384,0.1063484,0.1036649
4,simd,192000,16,20,2,12384,12384,0.10598929999999999,0.1016392
4,simd,192000,16,20,3,12384,12384,0.10601190000000001,0.1017897
4,simd,192000,16,20,4,12384,12384,0.10980719999999999,0.1003407
4,simd,192000,16,20,5,12384,12384,0.1150442,0.1044225
4,simd,192000,16,20,6,12384,12384,0.11013149999999999,0.10138
4,simd,192000,16,20,7,12384,12384,0.1059438,0.1012163
