engine,rate,voices,filter_mode,drive_db,fx,buffer,blocks,pair,order,median_block_percent,p95_block_percent,p99_block_percent,worst_block_percent,over_budget_blocks,peak,rms,checksum
reference,48000,16,0,20,1,32,256,0,reference-first,64.5,65.414999999999992,79.409999999999997,107.07000000000001,1,0.13455113768577576,0.0405160337528222,210.32763038164728
study,48000,16,0,20,1,32,256,0,reference-first,60.854999999999997,62.129999999999995,78,107.325,1,0.13455113768577576,0.0405160337528222,210.32763038164728
reference,48000,16,0,20,1,32,256,1,study-first,65.055000000000007,116.58,121.24499999999999,123.30000000000001,40,0.13455113768577576,0.0405160337528222,210.32763038164728
study,48000,16,0,20,1,32,256,1,study-first,60.585000000000001,61.454999999999998,72.584999999999994,79.784999999999997,0,0.13455113768577576,0.0405160337528222,210.32763038164728
reference,48000,16,0,20,1,32,256,2,reference-first,64.777500000000003,65.730000000000004,79.664999999999992,87.495000000000005,0,0.13455113768577576,0.0405160337528222,210.32763038164728
study,48000,16,0,20,1,32,256,2,reference-first,60.734999999999999,61.950000000000003,77.910000000000011,92.14500000000001,0,0.13455113768577576,0.0405160337528222,210.32763038164728
reference,48000,16,0,20,1,32,256,3,study-first,65.459999999999994,69.11999999999999,80.759999999999991,112.28999999999999,2,0.13455113768577576,0.0405160337528222,210.32763038164728
study,48000,16,0,20,1,32,256,3,study-first,60.615000000000002,62.670000000000002,71.340000000000003,82.890000000000001,0,0.13455113768577576,0.0405160337528222,210.32763038164728
reference,48000,16,0,20,1,64,256,0,reference-first,64.608750000000001,65.280000000000001,68.969999999999999,71.549999999999997,0,0.13455113768577576,0.039880044976031231,418.90618646458881
study,48000,16,0,20,1,64,256,0,reference-first,60.494999999999997,62.347499999999997,65.032499999999999,77.122500000000002,0,0.13455113768577576,0.039880044976031231,418.90618646458881
reference,48000,16,0,20,1,64,256,1,study-first,64.67625000000001,67.702500000000001,77.70750000000001,87.840000000000003,0,0.13455113768577576,0.039880044976031231,418.90618646458881
study,48000,16,0,20,1,64,256,1,study-first,60.600000000000001,61.620000000000005,73.867499999999993,83.677500000000009,0,0.13455113768577576,0.039880044976031231,418.90618646458881
reference,48000,16,0,20,1,64,256,2,reference-first,64.665000000000006,67.094999999999999,75.765000000000001,85.492499999999993,0,0.13455113768577576,0.039880044976031231,418.90618646458881
study,48000,16,0,20,1,64,256,2,reference-first,60.611249999999998,62.362499999999997,66.329999999999998,71.962499999999991,0,0.13455113768577576,0.039880044976031231,418.90618646458881
reference,48000,16,0,20,1,64,256,3,study-first,64.668750000000003,67.327500000000001,73.305000000000007,92.985000000000014,0,0.13455113768577576,0.039880044976031231,418.90618646458881
study,48000,16,0,20,1,64,256,3,study-first,60.577500000000001,63.375000000000007,69.607500000000002,88.290000000000006,0,0.13455113768577576,0.039880044976031231,418.90618646458881
reference,48000,16,0,20,1,128,256,0,reference-first,64.713750000000005,67.492500000000007,73.222499999999997,81.465000000000003,0,0.13455113768577576,0.039066941708538479,721.05939134422351
study,48000,16,0,20,1,128,256,0,reference-first,60.626250000000006,62.306249999999999,64.912499999999994,71.872500000000002,0,0.13455113768577576,0.039066941708538479,721.05939134422351
reference,48000,16,0,20,1,128,256,1,study-first,64.863749999999996,67.597499999999997,77.54249999999999,78.390000000000001,0,0.13455113768577576,0.039066941708538479,721.05939134422351
study,48000,16,0,20,1,128,256,1,study-first,60.986249999999998,62.917499999999997,66.629999999999995,77.002499999999998,0,0.13455113768577576,0.039066941708538479,721.05939134422351
reference,48000,16,0,20,1,128,256,2,reference-first,65.188124999999999,67.762500000000003,70.188749999999999,89.692499999999995,0,0.13455113768577576,0.039066941708538479,721.05939134422351
study,48000,16,0,20,1,128,256,2,reference-first,61.081874999999997,63.926249999999996,66.577500000000001,72.003750000000011,0,0.13455113768577576,0.039066941708538479,721.05939134422351
reference,48000,16,0,20,1,128,256,3,study-first,65.609999999999999,69.157499999999999,72.311250000000001,79.083749999999995,0,0.13455113768577576,0.039066941708538479,721.05939134422351
study,48000,16,0,20,1,128,256,3,study-first,61.394999999999996,63.412500000000001,66.446250000000006,73.173749999999998,0,0.13455113768577576,0.039066941708538479,721.05939134422351
reference,48000,16,1,20,1,32,256,0,reference-first,64.665000000000006,65.730000000000004,72.915000000000006,148.68000000000001,1,0.14461110532283783,0.04213446012620204,210.59230976597587
study,48000,16,1,20,1,32,256,0,reference-first,60.592500000000001,61.515000000000001,67.320000000000007,74.025000000000006,0,0.14461110532283783,0.04213446012620204,210.59230976597587
reference,48000,16,1,20,1,32,256,1,study-first,64.739999999999995,74.609999999999985,95.88000000000001,104.94,1,0.14461110532283783,0.04213446012620204,210.59230976597587
study,48000,16,1,20,1,32,256,1,study-first,60.660000000000004,70.39500000000001,81.495000000000005,83.535000000000011,0,0.14461110532283783,0.04213446012620204,210.59230976597587
reference,48000,16,1,20,1,32,256,2,reference-first,64.710000000000008,66.134999999999991,79.185000000000002,105.465,1,0.14461110532283783,0.04213446012620204,210.59230976597587
study,48000,16,1,20,1,32,256,2,reference-first,60.734999999999999,61.829999999999998,76.469999999999999,97.935000000000002,0,0.14461110532283783,0.04213446012620204,210.59230976597587
reference,48000,16,1,20,1,32,256,3,study-first,64.635000000000005,65.715000000000003,74.925000000000011,78.465000000000003,0,0.14461110532283783,0.04213446012620204,210.59230976597587
study,48000,16,1,20,1,32,256,3,study-first,60.765000000000001,64.260000000000005,91.935000000000002,95.219999999999999,0,0.14461110532283783,0.04213446012620204,210.59230976597587
reference,48000,16,1,20,1,64,256,0,reference-first,64.653750000000002,65.789999999999992,71.879999999999995,90.427500000000009,0,0.14461110532283783,0.041700555555334501,419.65921042522791
study,48000,16,1,20,1,64,256,0,reference-first,60.678750000000001,65.587499999999991,76.672499999999999,85.590000000000003,0,0.14461110532283783,0.041700555555334501,419.65921042522791
reference,48000,16,1,20,1,64,256,1,study-first,64.672499999999999,65.992499999999993,69.870000000000005,72.682500000000005,0,0.14461110532283783,0.041700555555334501,419.65921042522791
study,48000,16,1,20,1,64,256,1,study-first,60.768749999999997,103.47,115.63500000000001,120.1275,18,0.14461110532283783,0.041700555555334501,419.65921042522791
reference,48000,16,1,20,1,64,256,2,reference-first,64.725000000000009,66.817499999999995,80.504999999999995,92.370000000000005,0,0.14461110532283783,0.041700555555334501,419.65921042522791
study,48000,16,1,20,1,64,256,2,reference-first,60.667499999999997,62.729999999999997,66.045000000000002,79.545000000000002,0,0.14461110532283783,0.041700555555334501,419.65921042522791
reference,48000,16,1,20,1,64,256,3,study-first,64.721249999999998,66.262500000000003,80.430000000000007,91.304999999999993,0,0.14461110532283783,0.041700555555334501,419.65921042522791
study,48000,16,1,20,1,64,256,3,study-first,60.705000000000005,63.824999999999996,74.047499999999999,97.447500000000005,0,0.14461110532283783,0.041700555555334501,419.65921042522791
reference,48000,16,1,20,1,128,256,0,reference-first,64.807500000000005,66.716250000000002,77.711250000000007,78.029999999999987,0,0.14461110532283783,0.041071645859841861,722.02097368818409
study,48000,16,1,20,1,128,256,0,reference-first,60.796875,62.643749999999997,68.103750000000005,73.417500000000004,0,0.14461110532283783,0.041071645859841861,722.02097368818409
reference,48000,16,1,20,1,128,256,1,study-first,64.777500000000003,66.461250000000007,77.583749999999995,79.706249999999997,0,0.14461110532283783,0.041071645859841861,722.02097368818409
study,48000,16,1,20,1,128,256,1,study-first,60.719999999999999,62.763750000000002,65.842500000000001,76.668749999999989,0,0.14461110532283783,0.041071645859841861,722.02097368818409
reference,48000,16,1,20,1,128,256,2,reference-first,64.736249999999998,66.828749999999999,74.759999999999991,81.986249999999998,0,0.14461110532283783,0.041071645859841861,722.02097368818409
study,48000,16,1,20,1,128,256,2,reference-first,60.686250000000001,62.066250000000004,63.506249999999994,71.966250000000002,0,0.14461110532283783,0.041071645859841861,722.02097368818409
reference,48000,16,1,20,1,128,256,3,study-first,64.751249999999999,66.727500000000006,73.488749999999996,78.772500000000008,0,0.14461110532283783,0.041071645859841861,722.02097368818409
study,48000,16,1,20,1,128,256,3,study-first,60.864375000000003,62.921250000000001,68.242500000000007,73.882500000000007,0,0.14461110532283783,0.041071645859841861,722.02097368818409
reference,48000,16,2,20,1,32,256,0,reference-first,64.695000000000007,65.489999999999995,81.164999999999992,88.230000000000004,0,0.067314766347408295,0.015670754118216133,-0.17791168898463638
study,48000,16,2,20,1,32,256,0,reference-first,61.035000000000004,62.399999999999999,78.855000000000004,101.55,1,0.067314766347408295,0.015670754118216133,-0.17791168898463638
reference,48000,16,2,20,1,32,256,1,study-first,64.769999999999996,65.849999999999994,82.409999999999997,100.755,1,0.067314766347408295,0.015670754118216133,-0.17791168898463638
study,48000,16,2,20,1,32,256,1,study-first,61.327500000000001,62.370000000000005,69.030000000000001,76.635000000000005,0,0.067314766347408295,0.015670754118216133,-0.17791168898463638
reference,48000,16,2,20,1,32,256,2,reference-first,64.665000000000006,65.459999999999994,68.265000000000001,78.989999999999995,0,0.067314766347408295,0.015670754118216133,-0.17791168898463638
study,48000,16,2,20,1,32,256,2,reference-first,60.577500000000001,61.575000000000003,66.975000000000009,108.825,1,0.067314766347408295,0.015670754118216133,-0.17791168898463638
reference,48000,16,2,20,1,32,256,3,study-first,64.725000000000009,65.625,75.689999999999998,100.245,1,0.067314766347408295,0.015670754118216133,-0.17791168898463638
study,48000,16,2,20,1,32,256,3,study-first,60.615000000000002,61.259999999999998,70.814999999999998,74.685000000000002,0,0.067314766347408295,0.015670754118216133,-0.17791168898463638
reference,48000,16,2,20,1,64,256,0,reference-first,64.728750000000005,66.742500000000007,71.25,78.457499999999996,0,0.067314766347408295,0.016068084009434366,-0.029376411986987705
study,48000,16,2,20,1,64,256,0,reference-first,60.682499999999997,61.372500000000002,63.262499999999996,63.464999999999996,0,0.067314766347408295,0.016068084009434366,-0.029376411986987705
reference,48000,16,2,20,1,64,256,1,study-first,64.754999999999995,65.849999999999994,69.112499999999997,87.359999999999999,0,0.067314766347408295,0.016068084009434366,-0.029376411986987705
study,48000,16,2,20,1,64,256,1,study-first,60.622499999999995,63.255000000000003,74.745000000000005,79.890000000000001,0,0.067314766347408295,0.016068084009434366,-0.029376411986987705
reference,48000,16,2,20,1,64,256,2,reference-first,64.646250000000009,67.260000000000005,73.830000000000013,75.547499999999999,0,0.067314766347408295,0.016068084009434366,-0.029376411986987705
study,48000,16,2,20,1,64,256,2,reference-first,60.701250000000002,64.282499999999999,82.552500000000009,94.05749999999999,0,0.067314766347408295,0.016068084009434366,-0.029376411986987705
reference,48000,16,2,20,1,64,256,3,study-first,64.886250000000004,67.439999999999998,71.782499999999999,82.769999999999996,0,0.067314766347408295,0.016068084009434366,-0.029376411986987705
study,48000,16,2,20,1,64,256,3,study-first,61.769999999999996,62.655000000000001,66.742500000000007,83.347499999999997,0,0.067314766347408295,0.016068084009434366,-0.029376411986987705
reference,48000,16,2,20,1,128,256,0,reference-first,64.777500000000003,66.453749999999999,68.291250000000005,70.920000000000002,0,0.069667533040046692,0.016422277452896535,0.040430796678577963
study,48000,16,2,20,1,128,256,0,reference-first,60.719999999999999,63.240000000000002,70.038749999999993,74.962499999999991,0,0.069667533040046692,0.016422277452896535,0.040430796678577963
reference,48000,16,2,20,1,128,256,1,study-first,64.762500000000003,66.798749999999998,76.578749999999999,104.41125,1,0.069667533040046692,0.016422277452896535,0.040430796678577963
study,48000,16,2,20,1,128,256,1,study-first,60.796875,62.178750000000001,65.887500000000003,67.758749999999992,0,0.069667533040046692,0.016422277452896535,0.040430796678577963
reference,48000,16,2,20,1,128,256,2,reference-first,64.828125,68.036249999999995,71.231250000000003,71.804999999999993,0,0.069667533040046692,0.016422277452896535,0.040430796678577963
study,48000,16,2,20,1,128,256,2,reference-first,60.731250000000003,62.643749999999997,71.759999999999991,75.30749999999999,0,0.069667533040046692,0.016422277452896535,0.040430796678577963
reference,48000,16,2,20,1,128,256,3,study-first,64.784999999999997,66.408749999999998,73.21875,75.442499999999995,0,0.069667533040046692,0.016422277452896535,0.040430796678577963
study,48000,16,2,20,1,128,256,3,study-first,60.770624999999995,62.951250000000002,69.224999999999994,73.882500000000007,0,0.069667533040046692,0.016422277452896535,0.040430796678577963
reference,48000,16,3,20,1,32,256,0,reference-first,64.650000000000006,67.39500000000001,80.759999999999991,110.205,1,0.022755356505513191,0.0056699977687181234,-0.13816573535989818
study,48000,16,3,20,1,32,256,0,reference-first,60.5625,63.045000000000002,93.870000000000005,99.10499999999999,0,0.022755356505513191,0.0056699977687181234,-0.13816573535989818
reference,48000,16,3,20,1,32,256,1,study-first,64.620000000000005,65.534999999999997,73.575000000000003,76.320000000000007,0,0.022755356505513191,0.0056699977687181234,-0.13816573535989818
study,48000,16,3,20,1,32,256,1,study-first,60.630000000000003,61.530000000000001,76.739999999999995,88.094999999999999,0,0.022755356505513191,0.0056699977687181234,-0.13816573535989818
reference,48000,16,3,20,1,32,256,2,reference-first,64.635000000000005,65.625,91.680000000000007,97.665000000000006,0,0.022755356505513191,0.0056699977687181234,-0.13816573535989818
study,48000,16,3,20,1,32,256,2,reference-first,60.600000000000001,61.530000000000001,69.599999999999994,78.929999999999993,0,0.022755356505513191,0.0056699977687181234,-0.13816573535989818
reference,48000,16,3,20,1,32,256,3,study-first,64.620000000000005,66.344999999999999,81.47999999999999,97.109999999999999,0,0.022755356505513191,0.0056699977687181234,-0.13816573535989818
study,48000,16,3,20,1,32,256,3,study-first,60.539999999999999,61.530000000000001,79.995000000000005,102.00000000000001,1,0.022755356505513191,0.0056699977687181234,-0.13816573535989818
reference,48000,16,3,20,1,64,256,0,reference-first,64.653750000000002,66.990000000000009,73.072500000000005,78.502499999999998,0,0.022755356505513191,0.0058636682559601132,-0.34999538984066447
study,48000,16,3,20,1,64,256,0,reference-first,60.592499999999994,62.317499999999995,66.450000000000003,81.914999999999992,0,0.022755356505513191,0.0058636682559601132,-0.34999538984066447
reference,48000,16,3,20,1,64,256,1,study-first,64.620000000000005,65.452500000000001,67.905000000000001,69.030000000000001,0,0.022755356505513191,0.0058636682559601132,-0.34999538984066447
study,48000,16,3,20,1,64,256,1,study-first,60.581249999999997,62.234999999999999,69.037499999999994,73.56750000000001,0,0.022755356505513191,0.0058636682559601132,-0.34999538984066447
reference,48000,16,3,20,1,64,256,2,reference-first,64.631249999999994,66.689999999999998,72.322499999999991,87.5625,0,0.022755356505513191,0.0058636682559601132,-0.34999538984066447
study,48000,16,3,20,1,64,256,2,reference-first,60.573749999999997,62.579999999999998,66.367499999999993,83.204999999999998,0,0.022755356505513191,0.0058636682559601132,-0.34999538984066447
reference,48000,16,3,20,1,64,256,3,study-first,64.638750000000002,66.442499999999995,72.922499999999999,82.814999999999998,0,0.022755356505513191,0.0058636682559601132,-0.34999538984066447
study,48000,16,3,20,1,64,256,3,study-first,60.588749999999997,61.4925,64.635000000000005,65.625,0,0.022755356505513191,0.0058636682559601132,-0.34999538984066447
reference,48000,16,3,20,1,128,256,0,reference-first,64.702500000000001,66.322499999999991,68.137500000000003,81.761250000000004,0,0.028520723804831505,0.006002265684492164,-0.36368021695026898
study,48000,16,3,20,1,128,256,0,reference-first,60.690000000000005,62.613750000000003,72.401250000000005,74.15625,0,0.028520723804831505,0.006002265684492164,-0.36368021695026898
reference,48000,16,3,20,1,128,256,1,study-first,64.706249999999997,66.382499999999993,69.971249999999998,75.840000000000003,0,0.028520723804831505,0.006002265684492164,-0.36368021695026898
study,48000,16,3,20,1,128,256,1,study-first,60.738749999999996,62.373749999999994,68.864999999999995,71.25,0,0.028520723804831505,0.006002265684492164,-0.36368021695026898
reference,48000,16,3,20,1,128,256,2,reference-first,64.710000000000008,66.101250000000007,72.569999999999993,75.221250000000012,0,0.028520723804831505,0.006002265684492164,-0.36368021695026898
study,48000,16,3,20,1,128,256,2,reference-first,60.706874999999997,62.126250000000006,66.945000000000007,76.421250000000001,0,0.028520723804831505,0.006002265684492164,-0.36368021695026898
reference,48000,16,3,20,1,128,256,3,study-first,64.691249999999997,66.254999999999995,76.563749999999999,77.216250000000002,0,0.028520723804831505,0.006002265684492164,-0.36368021695026898
study,48000,16,3,20,1,128,256,3,study-first,60.733125000000001,62.167500000000004,67.477500000000006,69.16125000000001,0,0.028520723804831505,0.006002265684492164,-0.36368021695026898
reference,96000,16,0,20,1,32,256,0,reference-first,128.31,134.19,155.58000000000001,208.56,256,0.13173002004623413,0.038380636804446241,200.2639097459205
study,96000,16,0,20,1,32,256,0,reference-first,120.23999999999999,122.13,141.21000000000001,162,256,0.13173002004623413,0.038380636804446241,200.2639097459205
reference,96000,16,0,20,1,32,256,1,study-first,128.34,139.89000000000001,155.64000000000001,177.53999999999999,256,0.13173002004623413,0.038380636804446241,200.2639097459205
study,96000,16,0,20,1,32,256,1,study-first,119.97,121.86,128.84999999999999,136.88999999999999,256,0.13173002004623413,0.038380636804446241,200.2639097459205
reference,96000,16,0,20,1,32,256,2,reference-first,129.82499999999999,133.25999999999999,154.97999999999999,185.33999999999997,256,0.13173002004623413,0.038380636804446241,200.2639097459205
study,96000,16,0,20,1,32,256,2,reference-first,120.98999999999999,128.03999999999999,211.74000000000001,214.22999999999999,256,0.13173002004623413,0.038380636804446241,200.2639097459205
reference,96000,16,0,20,1,32,256,3,study-first,128.17500000000001,135.06,150.03,166.04999999999998,256,0.13173002004623413,0.038380636804446241,200.2639097459205
study,96000,16,0,20,1,32,256,3,study-first,119.82000000000001,124.22999999999999,151.68000000000001,160.68000000000001,256,0.13173002004623413,0.038380636804446241,200.2639097459205
reference,96000,16,0,20,1,64,256,0,reference-first,128.77500000000001,132.23999999999998,138.63,142.11000000000001,256,0.1348506361246109,0.040305239826358641,417.9580750212358
study,96000,16,0,20,1,64,256,0,reference-first,120,122.235,128.79000000000002,144.52500000000001,256,0.1348506361246109,0.040305239826358641,417.9580750212358
reference,96000,16,0,20,1,64,256,1,study-first,129.70500000000001,136.33500000000001,151.065,163.905,256,0.1348506361246109,0.040305239826358641,417.9580750212358
study,96000,16,0,20,1,64,256,1,study-first,121.3425,123.70500000000001,128.67000000000002,135.285,256,0.1348506361246109,0.040305239826358641,417.9580750212358
reference,96000,16,0,20,1,64,256,2,reference-first,129.47999999999999,136.31999999999999,223.155,225.44999999999999,256,0.1348506361246109,0.040305239826358641,417.9580750212358
study,96000,16,0,20,1,64,256,2,reference-first,120.80999999999999,124.57499999999999,136.72499999999999,163.56,256,0.1348506361246109,0.040305239826358641,417.9580750212358
reference,96000,16,0,20,1,64,256,3,study-first,129.53999999999999,132.07499999999999,138.53999999999999,144.69,256,0.1348506361246109,0.040305239826358641,417.9580750212358
study,96000,16,0,20,1,64,256,3,study-first,121.49250000000001,123.56999999999999,127.95,136.185,256,0.1348506361246109,0.040305239826358641,417.9580750212358
reference,96000,16,0,20,1,128,256,0,reference-first,128.7225,131.82750000000001,140.6925,150.345,256,0.1348506361246109,0.039816144527380297,833.66049536274113
study,96000,16,0,20,1,128,256,0,reference-first,120.0975,122.97,129.85499999999999,149.94749999999999,256,0.1348506361246109,0.039816144527380297,833.66049536274113
reference,96000,16,0,20,1,128,256,1,study-first,128.97,132.4425,141.08249999999998,151.49249999999998,256,0.1348506361246109,0.039816144527380297,833.66049536274113
study,96000,16,0,20,1,128,256,1,study-first,120.795,123.84,136.875,145.08750000000001,256,0.1348506361246109,0.039816144527380297,833.66049536274113
reference,96000,16,0,20,1,128,256,2,reference-first,128.45249999999999,131.43000000000001,139.01249999999999,152.94749999999999,256,0.1348506361246109,0.039816144527380297,833.66049536274113
study,96000,16,0,20,1,128,256,2,reference-first,119.985,123.255,126.1875,138.66749999999999,256,0.1348506361246109,0.039816144527380297,833.66049536274113
reference,96000,16,0,20,1,128,256,3,study-first,130.03874999999999,134.04749999999999,147.54000000000002,162.1875,256,0.1348506361246109,0.039816144527380297,833.66049536274113
study,96000,16,0,20,1,128,256,3,study-first,122.40375,126.435,136.755,155.91,256,0.1348506361246109,0.039816144527380297,833.66049536274113
reference,96000,16,1,20,1,32,256,0,reference-first,128.40000000000001,130.34999999999999,136.05000000000001,144.96000000000001,256,0.13629366457462311,0.039846808669890398,200.74926894023633
study,96000,16,1,20,1,32,256,0,reference-first,120.14999999999999,125.34,162.14999999999998,207.56999999999999,256,0.13629366457462311,0.039846808669890398,200.74926894023633
reference,96000,16,1,20,1,32,256,1,study-first,130.125,133.13999999999999,154.83000000000001,173.39999999999998,256,0.13629366457462311,0.039846808669890398,200.74926894023633
study,96000,16,1,20,1,32,256,1,study-first,121.64999999999999,124.89,145.56,184.25999999999999,256,0.13629366457462311,0.039846808669890398,200.74926894023633
reference,96000,16,1,20,1,32,256,2,reference-first,128.02500000000001,130.59,143.43000000000001,167.99999999999997,256,0.13629366457462311,0.039846808669890398,200.74926894023633
study,96000,16,1,20,1,32,256,2,reference-first,120,121.58999999999999,127.41000000000001,130.68000000000001,256,0.13629366457462311,0.039846808669890398,200.74926894023633
reference,96000,16,1,20,1,32,256,3,study-first,129.72,132.23999999999998,145.04999999999998,153.41999999999999,256,0.13629366457462311,0.039846808669890398,200.74926894023633
study,96000,16,1,20,1,32,256,3,study-first,122.43000000000001,125.61,146.37,173.28000000000003,256,0.13629366457462311,0.039846808669890398,200.74926894023633
reference,96000,16,1,20,1,64,256,0,reference-first,128.4675,134.565,142.34999999999999,158.98499999999999,256,0.14231185615062714,0.041917381529550553,419.10718101688127
study,96000,16,1,20,1,64,256,0,reference-first,120.2475,125.48999999999999,148.41000000000003,201.345,256,0.14231185615062714,0.041917381529550553,419.10718101688127
reference,96000,16,1,20,1,64,256,1,study-first,128.58000000000001,133.095,139.53,140.73000000000002,256,0.14231185615062714,0.041917381529550553,419.10718101688127
study,96000,16,1,20,1,64,256,1,study-first,120.6525,125.28,138.04499999999999,151.215,256,0.14231185615062714,0.041917381529550553,419.10718101688127
reference,96000,16,1,20,1,64,256,2,reference-first,128.94,131.34,141.19499999999999,153.435,256,0.14231185615062714,0.041917381529550553,419.10718101688127
study,96000,16,1,20,1,64,256,2,reference-first,120.6075,123.435,129.22499999999999,133.66499999999999,256,0.14231185615062714,0.041917381529550553,419.10718101688127
reference,96000,16,1,20,1,64,256,3,study-first,129.91499999999999,133.59,137.08500000000001,155.42999999999998,256,0.14231185615062714,0.041917381529550553,419.10718101688127
study,96000,16,1,20,1,64,256,3,study-first,120.08250000000001,124.59,139.80000000000001,150.87,256,0.14231185615062714,0.041917381529550553,419.10718101688127
reference,96000,16,1,20,1,128,256,0,reference-first,128.47499999999999,132.39750000000001,137.91750000000002,161.45999999999998,256,0.14231185615062714,0.041620082115700494,836.12479493408887
study,96000,16,1,20,1,128,256,0,reference-first,119.95124999999999,123.77249999999999,136.88999999999999,149.85750000000002,256,0.14231185615062714,0.041620082115700494,836.12479493408887
reference,96000,16,1,20,1,128,256,1,study-first,128.29500000000002,130.785,157.10999999999999,162.48750000000001,256,0.14231185615062714,0.041620082115700494,836.12479493408887
study,96000,16,1,20,1,128,256,1,study-first,120.045,122.80500000000001,131.37,141.89249999999998,256,0.14231185615062714,0.041620082115700494,836.12479493408887
reference,96000,16,1,20,1,128,256,2,reference-first,128.72624999999999,132.285,148.62,157.845,256,0.14231185615062714,0.041620082115700494,836.12479493408887
study,96000,16,1,20,1,128,256,2,reference-first,120.24375000000001,123.06,130.905,133.845,256,0.14231185615062714,0.041620082115700494,836.12479493408887
reference,96000,16,1,20,1,128,256,3,study-first,128.12625,131.13750000000002,138.91499999999999,149.57249999999999,256,0.14231185615062714,0.041620082115700494,836.12479493408887
study,96000,16,1,20,1,128,256,3,study-first,119.895,122.0175,138.1275,145.38,256,0.14231185615062714,0.041620082115700494,836.12479493408887
reference,96000,16,2,20,1,32,256,0,reference-first,128.49000000000001,130.31999999999999,135.42000000000002,156.05999999999997,256,0.069855630397796631,0.015242709024840644,0.55274449577950691
study,96000,16,2,20,1,32,256,0,reference-first,120.09,127.83,142.02000000000001,177.81,256,0.069855630397796631,0.015242709024840644,0.55274449577950691
reference,96000,16,2,20,1,32,256,1,study-first,128.47500000000002,132,169.89000000000001,237.81,256,0.069855630397796631,0.015242709024840644,0.55274449577950691
study,96000,16,2,20,1,32,256,1,study-first,119.91,121.41000000000001,133.16999999999999,161.16000000000003,256,0.069855630397796631,0.015242709024840644,0.55274449577950691
reference,96000,16,2,20,1,32,256,2,reference-first,129.59999999999999,132.35999999999999,142.02000000000001,154.04999999999998,256,0.069855630397796631,0.015242709024840644,0.55274449577950691
study,96000,16,2,20,1,32,256,2,reference-first,120.91499999999999,124.08000000000001,130.28999999999999,132,256,0.069855630397796631,0.015242709024840644,0.55274449577950691
reference,96000,16,2,20,1,32,256,3,study-first,128.11500000000001,130.56,150.93000000000001,182.19,256,0.069855630397796631,0.015242709024840644,0.55274449577950691
study,96000,16,2,20,1,32,256,3,study-first,119.925,121.73999999999999,126.42,138,256,0.069855630397796631,0.015242709024840644,0.55274449577950691
reference,96000,16,2,20,1,64,256,0,reference-first,130.32749999999999,147.52500000000001,225.09,264.71999999999997,256,0.069858677685260773,0.015644967129731721,-0.16472071731845972
study,96000,16,2,20,1,64,256,0,reference-first,121.26000000000001,126.735,145.185,208.08000000000001,256,0.069858677685260773,0.015644967129731721,-0.16472071731845972
reference,96000,16,2,20,1,64,256,1,study-first,129.71250000000001,133.755,160.5,173.79000000000002,256,0.069858677685260773,0.015644967129731721,-0.16472071731845972
study,96000,16,2,20,1,64,256,1,study-first,121.21499999999999,127.41000000000001,155.09999999999999,176.745,256,0.069858677685260773,0.015644967129731721,-0.16472071731845972
reference,96000,16,2,20,1,64,256,2,reference-first,129.39000000000001,131.565,149.20500000000001,193.63499999999999,256,0.069858677685260773,0.015644967129731721,-0.16472071731845972
study,96000,16,2,20,1,64,256,2,reference-first,121.53,197.57999999999998,207.73500000000001,215.84999999999999,256,0.069858677685260773,0.015644967129731721,-0.16472071731845972
reference,96000,16,2,20,1,64,256,3,study-first,128.67750000000001,136.53,158.00999999999999,162.44999999999999,256,0.069858677685260773,0.015644967129731721,-0.16472071731845972
study,96000,16,2,20,1,64,256,3,study-first,120.35250000000001,124.875,141.45000000000002,188.92500000000001,256,0.069858677685260773,0.015644967129731721,-0.16472071731845972
reference,96000,16,2,20,1,128,256,0,reference-first,129.33000000000001,134.8125,145.815,153.1575,256,0.076087102293968201,0.016165191066560797,-0.029755939567138512
study,96000,16,2,20,1,128,256,0,reference-first,121.07624999999999,123.96000000000001,128.42249999999999,154.83750000000001,256,0.076087102293968201,0.016165191066560797,-0.029755939567138512
reference,96000,16,2,20,1,128,256,1,study-first,128.83499999999998,132.38249999999999,138.2775,157.70249999999999,256,0.076087102293968201,0.016165191066560797,-0.029755939567138512
study,96000,16,2,20,1,128,256,1,study-first,120.31874999999999,123.075,127.58250000000001,134.535,256,0.076087102293968201,0.016165191066560797,-0.029755939567138512
reference,96000,16,2,20,1,128,256,2,reference-first,129.36750000000001,132.67499999999998,138.6825,158.05500000000001,256,0.076087102293968201,0.016165191066560797,-0.029755939567138512
study,96000,16,2,20,1,128,256,2,reference-first,120.79124999999999,127.08,139.69499999999999,147.04499999999999,256,0.076087102293968201,0.016165191066560797,-0.029755939567138512
reference,96000,16,2,20,1,128,256,3,study-first,129.68625,131.8425,139.69499999999999,158.80500000000001,256,0.076087102293968201,0.016165191066560797,-0.029755939567138512
study,96000,16,2,20,1,128,256,3,study-first,121.10249999999999,125.7525,135.19499999999999,152.25,256,0.076087102293968201,0.016165191066560797,-0.029755939567138512
reference,96000,16,3,20,1,32,256,0,reference-first,128.05500000000001,129.90000000000001,141.42000000000002,156.81,256,0.022088440135121346,0.0053993784700510144,-0.053806254075126958
study,96000,16,3,20,1,32,256,0,reference-first,119.79000000000001,122.10000000000001,145.62,215.54999999999998,256,0.022088440135121346,0.0053993784700510144,-0.053806254075126958
reference,96000,16,3,20,1,32,256,1,study-first,128.05500000000001,129.90000000000001,144.84,145.71000000000001,256,0.022088440135121346,0.0053993784700510144,-0.053806254075126958
study,96000,16,3,20,1,32,256,1,study-first,120.27,122.10000000000001,131.97,190.10999999999999,256,0.022088440135121346,0.0053993784700510144,-0.053806254075126958
reference,96000,16,3,20,1,32,256,2,reference-first,128.08499999999998,130.11000000000001,138.66,143.69999999999999,256,0.022088440135121346,0.0053993784700510144,-0.053806254075126958
study,96000,16,3,20,1,32,256,2,reference-first,119.76000000000001,121.35000000000001,129.93000000000001,144.03,256,0.022088440135121346,0.0053993784700510144,-0.053806254075126958
reference,96000,16,3,20,1,32,256,3,study-first,128.01000000000002,129.78,143.51999999999998,151.94999999999999,256,0.022088440135121346,0.0053993784700510144,-0.053806254075126958
study,96000,16,3,20,1,32,256,3,study-first,119.73,125.97,152.37,172.17000000000002,256,0.022088440135121346,0.0053993784700510144,-0.053806254075126958
reference,96000,16,3,20,1,64,256,0,reference-first,128.08500000000001,131.19,137.11500000000001,144.04499999999999,256,0.022088440135121346,0.0056131266309325358,-0.51226285426067975
study,96000,16,3,20,1,64,256,0,reference-first,119.83499999999999,123.06,136.72499999999999,154.84500000000003,256,0.022088440135121346,0.0056131266309325358,-0.51226285426067975
reference,96000,16,3,20,1,64,256,1,study-first,128.17500000000001,130.88999999999999,134.37,146.745,256,0.022088440135121346,0.0056131266309325358,-0.51226285426067975
study,96000,16,3,20,1,64,256,1,study-first,119.895,124.905,141.01500000000001,149.85000000000002,256,0.022088440135121346,0.0056131266309325358,-0.51226285426067975
reference,96000,16,3,20,1,64,256,2,reference-first,128.24250000000001,132.63,143.47499999999999,181.41,256,0.022088440135121346,0.0056131266309325358,-0.51226285426067975
study,96000,16,3,20,1,64,256,2,reference-first,120.39750000000001,122.76000000000001,128.01000000000002,166.71000000000001,256,0.022088440135121346,0.0056131266309325358,-0.51226285426067975
reference,96000,16,3,20,1,64,256,3,study-first,128.1225,132.26999999999998,139.41,173.33999999999997,256,0.022088440135121346,0.0056131266309325358,-0.51226285426067975
study,96000,16,3,20,1,64,256,3,study-first,119.7675,125.685,134.565,162.52500000000001,256,0.022088440135121346,0.0056131266309325358,-0.51226285426067975
reference,96000,16,3,20,1,128,256,0,reference-first,128.01000000000002,134.00999999999999,151.97999999999999,157.80749999999998,256,0.022322472184896469,0.0058520730370937015,-1.0489812063080954
study,96000,16,3,20,1,128,256,0,reference-first,119.7525,123.96749999999999,134.4675,154.95000000000002,256,0.022322472184896469,0.0058520730370937015,-1.0489812063080954
reference,96000,16,3,20,1,128,256,1,study-first,128.08875,132.03,146.6925,159.6225,256,0.022322472184896469,0.0058520730370937015,-1.0489812063080954
study,96000,16,3,20,1,128,256,1,study-first,119.76375,123.47250000000001,126.86999999999999,141.06,256,0.022322472184896469,0.0058520730370937015,-1.0489812063080954
reference,96000,16,3,20,1,128,256,2,reference-first,128.39999999999998,132.5625,145.52250000000001,165.29999999999998,256,0.022322472184896469,0.0058520730370937015,-1.0489812063080954
study,96000,16,3,20,1,128,256,2,reference-first,120.11250000000001,122.22,128.11500000000001,140.94,256,0.022322472184896469,0.0058520730370937015,-1.0489812063080954
reference,96000,16,3,20,1,128,256,3,study-first,127.96125000000001,130.41749999999999,138.36750000000001,152.98500000000001,256,0.022322472184896469,0.0058520730370937015,-1.0489812063080954
study,96000,16,3,20,1,128,256,3,study-first,119.7225,122.7375,128.4675,143.84999999999999,256,0.022322472184896469,0.0058520730370937015,-1.0489812063080954
reference,192000,16,0,20,1,32,256,0,reference-first,261.02999999999997,267.60000000000002,320.51999999999998,448.20000000000005,256,0.1252359002828598,0.037025837826032075,193.44592923180323
study,192000,16,0,20,1,32,256,0,reference-first,239.73000000000002,250.38,298.08000000000004,347.34000000000003,256,0.1252359002828598,0.037025837826032075,193.44592923180323
reference,192000,16,0,20,1,32,256,1,study-first,256.52999999999997,265.38,364.38,441.96000000000004,256,0.1252359002828598,0.037025837826032075,193.44592923180323
study,192000,16,0,20,1,32,256,1,study-first,239.13,243.23999999999998,261.06,270.12,256,0.1252359002828598,0.037025837826032075,193.44592923180323
reference,192000,16,0,20,1,32,256,2,reference-first,255.35999999999999,260.39999999999998,313.56,346.13999999999999,256,0.1252359002828598,0.037025837826032075,193.44592923180323
study,192000,16,0,20,1,32,256,2,reference-first,238.01999999999998,246.24000000000001,321.60000000000002,400.01999999999998,256,0.1252359002828598,0.037025837826032075,193.44592923180323
reference,192000,16,0,20,1,32,256,3,study-first,255.47999999999999,270.06,297.41999999999996,400.68000000000001,256,0.1252359002828598,0.037025837826032075,193.44592923180323
study,192000,16,0,20,1,32,256,3,study-first,238.13999999999999,242.22,259.13999999999999,260.57999999999998,256,0.1252359002828598,0.037025837826032075,193.44592923180323
reference,192000,16,0,20,1,64,256,0,reference-first,255.92999999999998,261.06,280.29000000000002,350.75999999999999,256,0.12909087538719177,0.038442089786062159,398.033401056446
study,192000,16,0,20,1,64,256,0,reference-first,239.41500000000002,256.07999999999998,410.45999999999998,438.83999999999997,256,0.12909087538719177,0.038442089786062159,398.033401056446
reference,192000,16,0,20,1,64,256,1,study-first,256.5,262.70999999999998,287.55000000000001,322.32000000000005,256,0.12909087538719177,0.038442089786062159,398.033401056446
study,192000,16,0,20,1,64,256,1,study-first,240.405,251.28,285.71999999999997,314.04000000000002,256,0.12909087538719177,0.038442089786062159,398.033401056446
reference,192000,16,0,20,1,64,256,2,reference-first,255.75,266.61000000000001,290.03999999999996,325.65000000000003,256,0.12909087538719177,0.038442089786062159,398.033401056446
study,192000,16,0,20,1,64,256,2,reference-first,238.33499999999998,247.13999999999999,273.87,326.13,256,0.12909087538719177,0.038442089786062159,398.033401056446
reference,192000,16,0,20,1,64,256,3,study-first,256.90500000000003,265.70999999999998,284.31,371.96999999999997,256,0.12909087538719177,0.038442089786062159,398.033401056446
study,192000,16,0,20,1,64,256,3,study-first,239.17500000000001,250.41,292.05000000000001,321.03000000000003,256,0.12909087538719177,0.038442089786062159,398.033401056446
reference,192000,16,0,20,1,128,256,0,reference-first,256.66500000000002,266.47500000000002,285.36000000000001,309.83999999999997,256,0.13398131728172302,0.040273642450295188,826.64828764937226
study,192000,16,0,20,1,128,256,0,reference-first,239.08500000000001,245.17500000000001,262.07999999999998,299.79000000000002,256,0.13398131728172302,0.040273642450295188,826.64828764937226
reference,192000,16,0,20,1,128,256,1,study-first,256.35750000000002,265.39499999999998,276.65999999999997,344.84999999999997,256,0.13398131728172302,0.040273642450295188,826.64828764937226
study,192000,16,0,20,1,128,256,1,study-first,239.17500000000001,246.66,284.565,405.85500000000002,256,0.13398131728172302,0.040273642450295188,826.64828764937226
reference,192000,16,0,20,1,128,256,2,reference-first,256.01999999999998,266.02499999999998,303.76500000000004,328.38,256,0.13398131728172302,0.040273642450295188,826.64828764937226
study,192000,16,0,20,1,128,256,2,reference-first,240.15750000000003,247.25999999999999,259.815,303.91499999999996,256,0.13398131728172302,0.040273642450295188,826.64828764937226
reference,192000,16,0,20,1,128,256,3,study-first,255.35249999999999,266.53500000000003,332.28000000000003,457.28999999999996,256,0.13398131728172302,0.040273642450295188,826.64828764937226
study,192000,16,0,20,1,128,256,3,study-first,238.3725,250.005,277.58999999999997,292.5,256,0.13398131728172302,0.040273642450295188,826.64828764937226
reference,192000,16,1,20,1,32,256,0,reference-first,256.74000000000001,265.74000000000001,312.59999999999997,357,256,0.12284388393163681,0.038230886466328669,192.80704174899961
study,192000,16,1,20,1,32,256,0,reference-first,239.22,243.06,259.44,283.80000000000001,256,0.12284388393163681,0.038230886466328669,192.80704174899961
reference,192000,16,1,20,1,32,256,1,study-first,256.68000000000001,262.31999999999999,299.70000000000005,372.84000000000003,256,0.12284388393163681,0.038230886466328669,192.80704174899961
study,192000,16,1,20,1,32,256,1,study-first,239.40000000000001,244.74000000000001,273.65999999999997,301.92000000000002,256,0.12284388393163681,0.038230886466328669,192.80704174899961
reference,192000,16,1,20,1,32,256,2,reference-first,259.5,294.60000000000002,373.5,497.94,256,0.12284388393163681,0.038230886466328669,192.80704174899961
study,192000,16,1,20,1,32,256,2,reference-first,238.56,242.58000000000001,256.31999999999999,276.65999999999997,256,0.12284388393163681,0.038230886466328669,192.80704174899961
reference,192000,16,1,20,1,32,256,3,study-first,255.59999999999999,259.98000000000002,295.68000000000001,418.13999999999999,256,0.12284388393163681,0.038230886466328669,192.80704174899961
study,192000,16,1,20,1,32,256,3,study-first,238.62,243.35999999999999,258.72000000000003,294.53999999999996,256,0.12284388393163681,0.038230886466328669,192.80704174899961
reference,192000,16,1,20,1,64,256,0,reference-first,255.35999999999999,270.30000000000001,280.71000000000004,292.59000000000003,256,0.1380426287651062,0.039875706523266677,396.58962422743974
study,192000,16,1,20,1,64,256,0,reference-first,239.745,243.84,271.07999999999998,295.22999999999996,256,0.1380426287651062,0.039875706523266677,396.58962422743974
reference,192000,16,1,20,1,64,256,1,study-first,254.95499999999998,260.37,287.25,367.70999999999998,256,0.1380426287651062,0.039875706523266677,396.58962422743974
study,192000,16,1,20,1,64,256,1,study-first,238.71000000000001,244.62,265.64999999999998,319.68000000000001,256,0.1380426287651062,0.039875706523266677,396.58962422743974
reference,192000,16,1,20,1,64,256,2,reference-first,256.56,267.50999999999999,283.56,368.34000000000003,256,0.1380426287651062,0.039875706523266677,396.58962422743974
study,192000,16,1,20,1,64,256,2,reference-first,239.83499999999998,250.59,266.88,279.44999999999999,256,0.1380426287651062,0.039875706523266677,396.58962422743974
reference,192000,16,1,20,1,64,256,3,study-first,255.59999999999999,263.13,274.80000000000001,335.85000000000002,256,0.1380426287651062,0.039875706523266677,396.58962422743974
study,192000,16,1,20,1,64,256,3,study-first,238.85999999999999,247.07999999999998,267.30000000000001,351.60000000000002,256,0.1380426287651062,0.039875706523266677,396.58962422743974
reference,192000,16,1,20,1,128,256,0,reference-first,256.70249999999999,268.31999999999999,288.01500000000004,304.30500000000001,256,0.14073619246482849,0.041896247540977441,829.24536556396492
study,192000,16,1,20,1,128,256,0,reference-first,238.76249999999999,245.655,263.38499999999999,292.005,256,0.14073619246482849,0.041896247540977441,829.24536556396492
reference,192000,16,1,20,1,128,256,1,study-first,255.15750000000003,263.06999999999999,272.83499999999998,304.27499999999998,256,0.14073619246482849,0.041896247540977441,829.24536556396492
study,192000,16,1,20,1,128,256,1,study-first,239.4375,247.00500000000002,256.29000000000002,299.75999999999999,256,0.14073619246482849,0.041896247540977441,829.24536556396492
reference,192000,16,1,20,1,128,256,2,reference-first,255.15750000000003,263.32499999999999,283.36500000000001,303.97500000000002,256,0.14073619246482849,0.041896247540977441,829.24536556396492
study,192000,16,1,20,1,128,256,2,reference-first,238.41000000000003,247.31999999999999,269.05500000000001,301.22999999999996,256,0.14073619246482849,0.041896247540977441,829.24536556396492
reference,192000,16,1,20,1,128,256,3,study-first,255.59250000000003,263.75999999999999,288.255,317.02499999999998,256,0.14073619246482849,0.041896247540977441,829.24536556396492
study,192000,16,1,20,1,128,256,3,study-first,238.92750000000001,246.21000000000001,284.65499999999997,299.59500000000003,256,0.14073619246482849,0.041896247540977441,829.24536556396492
reference,192000,16,2,20,1,32,256,0,reference-first,255.26999999999998,259.38,274.56,277.56,256,0.060559581965208054,0.014181647246779949,0.63457409168378831
study,192000,16,2,20,1,32,256,0,reference-first,239.28,247.74000000000001,320.58000000000004,412.56,256,0.060559581965208054,0.014181647246779949,0.63457409168378831
reference,192000,16,2,20,1,32,256,1,study-first,257.13,271.56,317.27999999999997,329.51999999999998,256,0.060559581965208054,0.014181647246779949,0.63457409168378831
study,192000,16,2,20,1,32,256,1,study-first,238.01999999999998,241.85999999999999,257.10000000000002,273.60000000000002,256,0.060559581965208054,0.014181647246779949,0.63457409168378831
reference,192000,16,2,20,1,32,256,2,reference-first,260.66999999999996,265.68000000000001,286.68000000000001,297.06000000000006,256,0.060559581965208054,0.014181647246779949,0.63457409168378831
study,192000,16,2,20,1,32,256,2,reference-first,239.22,242.88,260.27999999999997,292.19999999999999,256,0.060559581965208054,0.014181647246779949,0.63457409168378831
reference,192000,16,2,20,1,32,256,3,study-first,256.19999999999999,266.45999999999998,288.47999999999996,391.01999999999998,256,0.060559581965208054,0.014181647246779949,0.63457409168378831
study,192000,16,2,20,1,32,256,3,study-first,239.84999999999999,244.5,268.92000000000002,277.80000000000001,256,0.060559581965208054,0.014181647246779949,0.63457409168378831
reference,192000,16,2,20,1,64,256,0,reference-first,255.29999999999998,258.81,281.94,315.93000000000001,256,0.072363503277301788,0.015463163681114538,-0.10837406785117309
study,192000,16,2,20,1,64,256,0,reference-first,238.31999999999999,241.44000000000003,255.87,284.75999999999999,256,0.072363503277301788,0.015463163681114538,-0.10837406785117309
reference,192000,16,2,20,1,64,256,1,study-first,255.29999999999998,258.95999999999998,271.70999999999998,278.57999999999998,256,0.072363503277301788,0.015463163681114538,-0.10837406785117309
study,192000,16,2,20,1,64,256,1,study-first,238.5,244.80000000000001,302.49000000000001,329.31,256,0.072363503277301788,0.015463163681114538,-0.10837406785117309
reference,192000,16,2,20,1,64,256,2,reference-first,262.25999999999999,268.47000000000003,292.29000000000002,362.52000000000004,256,0.072363503277301788,0.015463163681114538,-0.10837406785117309
study,192000,16,2,20,1,64,256,2,reference-first,239.655,245.69999999999999,260.55000000000001,295.89000000000004,256,0.072363503277301788,0.015463163681114538,-0.10837406785117309
reference,192000,16,2,20,1,64,256,3,study-first,258.82500000000005,271.53000000000003,376.80000000000001,454.94999999999999,256,0.072363503277301788,0.015463163681114538,-0.10837406785117309
study,192000,16,2,20,1,64,256,3,study-first,238.97999999999999,246.84,261.75,334.35000000000002,256,0.072363503277301788,0.015463163681114538,-0.10837406785117309
reference,192000,16,2,20,1,128,256,0,reference-first,256.61249999999995,266.06999999999999,275.53500000000003,316.36500000000001,256,0.072363503277301788,0.015761039767969852,0.3393686122390136
study,192000,16,2,20,1,128,256,0,reference-first,240.79500000000002,247.095,249.97499999999999,291.50999999999999,256,0.072363503277301788,0.015761039767969852,0.3393686122390136
reference,192000,16,2,20,1,128,256,1,study-first,255.1275,262.54500000000002,273.70499999999998,283.69499999999999,256,0.072363503277301788,0.015761039767969852,0.3393686122390136
study,192000,16,2,20,1,128,256,1,study-first,238.44,245.83500000000001,259.98000000000002,308.80500000000001,256,0.072363503277301788,0.015761039767969852,0.3393686122390136
reference,192000,16,2,20,1,128,256,2,reference-first,255.33750000000001,261,283.07999999999998,300.72000000000003,256,0.072363503277301788,0.015761039767969852,0.3393686122390136
study,192000,16,2,20,1,128,256,2,reference-first,238.49250000000001,243.345,275.95500000000004,310.39499999999998,256,0.072363503277301788,0.015761039767969852,0.3393686122390136
reference,192000,16,2,20,1,128,256,3,study-first,255.75,263.61000000000001,300.24000000000001,308.81999999999999,256,0.072363503277301788,0.015761039767969852,0.3393686122390136
study,192000,16,2,20,1,128,256,3,study-first,238.61250000000001,244.185,290.25,298.53000000000003,256,0.072363503277301788,0.015761039767969852,0.3393686122390136
reference,192000,16,3,20,1,32,256,0,reference-first,258.06,316.98000000000002,472.79999999999995,540.06000000000006,256,0.01948387548327446,0.0048827905301895309,0.50035907391252721
study,192000,16,3,20,1,32,256,0,reference-first,238.56,245.88,345.29999999999995,432.47999999999996,256,0.01948387548327446,0.0048827905301895309,0.50035907391252721
reference,192000,16,3,20,1,32,256,1,study-first,255.05999999999997,260.45999999999998,332.69999999999999,397.86000000000001,256,0.01948387548327446,0.0048827905301895309,0.50035907391252721
study,192000,16,3,20,1,32,256,1,study-first,237.93000000000001,242.16,265.98000000000002,291.24000000000001,256,0.01948387548327446,0.0048827905301895309,0.50035907391252721
reference,192000,16,3,20,1,32,256,2,reference-first,257.10000000000002,262.19999999999999,275.81999999999999,298.08000000000004,256,0.01948387548327446,0.0048827905301895309,0.50035907391252721
study,192000,16,3,20,1,32,256,2,reference-first,240.18000000000001,245.22,285.36000000000001,301.25999999999999,256,0.01948387548327446,0.0048827905301895309,0.50035907391252721
reference,192000,16,3,20,1,32,256,3,study-first,255.17999999999998,259.98000000000002,291.18000000000001,293.39999999999998,256,0.01948387548327446,0.0048827905301895309,0.50035907391252721
study,192000,16,3,20,1,32,256,3,study-first,239.03999999999999,263.21999999999997,333.90000000000003,374.63999999999999,256,0.01948387548327446,0.0048827905301895309,0.50035907391252721
reference,192000,16,3,20,1,64,256,0,reference-first,256.13999999999999,267.32999999999998,307.11000000000001,346.25999999999999,256,0.02162821963429451,0.0054594121047337454,0.30587613634340727
study,192000,16,3,20,1,64,256,0,reference-first,239.09999999999999,250.59,280.98000000000002,299.13,256,0.02162821963429451,0.0054594121047337454,0.30587613634340727
reference,192000,16,3,20,1,64,256,1,study-first,256.44,268.07999999999998,294.15000000000003,353.67000000000002,256,0.02162821963429451,0.0054594121047337454,0.30587613634340727
study,192000,16,3,20,1,64,256,1,study-first,238.80000000000001,245.03999999999999,265.56,322.46999999999997,256,0.02162821963429451,0.0054594121047337454,0.30587613634340727
reference,192000,16,3,20,1,64,256,2,reference-first,256.35000000000002,261.89999999999998,294.20999999999998,408.59999999999997,256,0.02162821963429451,0.0054594121047337454,0.30587613634340727
study,192000,16,3,20,1,64,256,2,reference-first,238.13999999999999,247.5,259.80000000000001,337.85999999999996,256,0.02162821963429451,0.0054594121047337454,0.30587613634340727
reference,192000,16,3,20,1,64,256,3,study-first,256.63499999999999,271.07999999999998,303.56999999999999,359.45999999999998,256,0.02162821963429451,0.0054594121047337454,0.30587613634340727
study,192000,16,3,20,1,64,256,3,study-first,238.5,245.67000000000002,279.50999999999999,398.63999999999999,256,0.02162821963429451,0.0054594121047337454,0.30587613634340727
reference,192000,16,3,20,1,128,256,0,reference-first,259.28999999999996,268.44,300.255,332.26499999999999,256,0.02162821963429451,0.0056345660389308522,-1.1477585216068675
study,192000,16,3,20,1,128,256,0,reference-first,241.20749999999998,249.63,285.12,301.21500000000003,256,0.02162821963429451,0.0056345660389308522,-1.1477585216068675
reference,192000,16,3,20,1,128,256,1,study-first,258.42000000000002,268.33499999999998,293.92499999999995,314.67000000000002,256,0.02162821963429451,0.0056345660389308522,-1.1477585216068675
study,192000,16,3,20,1,128,256,1,study-first,240.20249999999999,251.28,262.52999999999997,295.38,256,0.02162821963429451,0.0056345660389308522,-1.1477585216068675
reference,192000,16,3,20,1,128,256,2,reference-first,255.285,264.52500000000003,282.44999999999999,334.88999999999999,256,0.02162821963429451,0.0056345660389308522,-1.1477585216068675
study,192000,16,3,20,1,128,256,2,reference-first,238.19999999999999,242.83499999999998,250.77000000000001,294.73499999999996,256,0.02162821963429451,0.0056345660389308522,-1.1477585216068675
reference,192000,16,3,20,1,128,256,3,study-first,259.07249999999999,266.35500000000002,300.50999999999999,326.26500000000004,256,0.02162821963429451,0.0056345660389308522,-1.1477585216068675
study,192000,16,3,20,1,128,256,3,study-first,242.03249999999997,247.48499999999999,255.41999999999999,256.23000000000002,256,0.02162821963429451,0.0056345660389308522,-1.1477585216068675
