engine,rate,voices,drive_db,fx,buffer,median_realtime_percent,worst_block_percent,peak,rms
legacy,48000,1,0,0,32,0.860498,0.9375,0.140625,0.0561333
legacy,48000,1,0,0,64,0.85752,0.88125,0.140625,0.0561333
legacy,48000,1,0,0,128,0.856201,0.8703,0.140625,0.0561333
legacy,48000,1,0,0,256,0.855566,0.860156,0.140625,0.0561333
legacy,48000,1,0,1,32,1.0436,1.81245,0.0908067,0.0326636
legacy,48000,1,0,1,64,1.03618,1.05937,0.0908067,0.0326636
legacy,48000,1,0,1,128,1.0353,1.12185,0.0908067,0.0326636
legacy,48000,1,0,1,256,1.03521,1.08671,0.0908067,0.0326636
legacy,48000,1,20,0,32,1.05229,2.325,0.202252,0.147921
legacy,48000,1,20,0,64,1.04634,1.44067,0.202252,0.147921
legacy,48000,1,20,0,128,1.06187,1.5594,0.202252,0.147921
legacy,48000,1,20,0,256,1.04473,1.08516,0.202252,0.147921
legacy,48000,1,20,1,32,1.22905,1.3626,0.148831,0.0845535
legacy,48000,1,20,1,64,1.23184,1.28122,0.148831,0.0845535
legacy,48000,1,20,1,128,1.23115,2.11875,0.148831,0.0845535
legacy,48000,1,20,1,256,1.23101,1.28516,0.148831,0.0845535
legacy,48000,1,24,0,32,1.06284,2.175,0.204137,0.153803
legacy,48000,1,24,0,64,1.05439,1.09065,0.204137,0.153803
legacy,48000,1,24,0,128,1.0687,1.56409,0.204137,0.153803
legacy,48000,1,24,0,256,1.05532,1.16016,0.204137,0.153803
legacy,48000,1,24,1,32,1.23057,2.025,0.150688,0.087751
legacy,48000,1,24,1,64,1.23247,2.1531,0.150688,0.087751
legacy,48000,1,24,1,128,1.2335,1.26409,0.150688,0.087751
legacy,48000,1,24,1,256,1.23545,1.29064,0.150688,0.087751
legacy,48000,8,0,0,32,5.65259,8.55615,0.526529,0.162861
legacy,48000,8,0,0,64,5.6582,7.275,0.526529,0.162861
legacy,48000,8,0,0,128,5.66211,6.62344,0.526529,0.162861
legacy,48000,8,0,0,256,5.6416,5.90548,0.526529,0.162861
legacy,48000,8,0,1,32,5.85986,8.1063,0.337735,0.097144
legacy,48000,8,0,1,64,5.88071,7.06875,0.337735,0.097144
legacy,48000,8,0,1,128,5.83877,6.32344,0.337735,0.097144
legacy,48000,8,0,1,256,5.9125,6.54999,0.337735,0.097144
legacy,48000,8,20,0,32,7.28345,10.2813,0.98,0.380425
legacy,48000,8,20,0,64,7.37412,11.6438,0.98,0.380425
legacy,48000,8,20,0,128,7.34023,8.38905,0.98,0.380425
legacy,48000,8,20,0,256,7.5293,8.95157,0.98,0.380425
legacy,48000,8,20,1,32,7.77051,14.9313,0.687997,0.240653
legacy,48000,8,20,1,64,7.74707,9.05932,0.687997,0.240653
legacy,48000,8,20,1,128,7.43145,15.6953,0.687997,0.240653
legacy,48000,8,20,1,256,7.64458,8.88906,0.687997,0.240653
legacy,48000,8,24,0,32,7.18735,8.14365,0.98,0.383417
legacy,48000,8,24,0,64,7.21851,8.85315,0.98,0.383417
legacy,48000,8,24,0,128,7.20405,8.14219,0.98,0.383417
legacy,48000,8,24,0,256,7.18325,7.46016,0.98,0.383417
legacy,48000,8,24,1,32,7.37661,9.66885,0.719215,0.25001
legacy,48000,8,24,1,64,7.40391,9.07815,0.719215,0.25001
legacy,48000,8,24,1,128,7.38105,8.05935,0.719215,0.25001
legacy,48000,8,24,1,256,7.45727,7.89217,0.719215,0.25001
legacy,48000,16,0,0,32,11.3613,18.5939,0.960325,0.247374
legacy,48000,16,0,0,64,11.2539,12.625,0.960325,0.247374
legacy,48000,16,0,0,128,11.2317,12.2297,0.960325,0.247374
legacy,48000,16,0,0,256,11.4292,14.4836,0.960325,0.247374
legacy,48000,16,0,1,32,11.4381,14.5749,0.551634,0.146729
legacy,48000,16,0,1,64,11.3915,13.0875,0.551634,0.146729
legacy,48000,16,0,1,128,11.3084,12.4,0.551634,0.146729
legacy,48000,16,0,1,256,11.2786,11.6266,0.551634,0.146729
legacy,48000,16,20,0,32,14.2259,17.6813,0.98,0.450704
legacy,48000,16,20,0,64,14.2338,16.725,0.98,0.450704
legacy,48000,16,20,0,128,14.508,15.8125,0.98,0.450704
legacy,48000,16,20,0,256,14.4256,16.3523,0.98,0.450704
legacy,48000,16,20,1,32,14.559,18.3875,0.83099,0.298161
legacy,48000,16,20,1,64,14.6154,22.8125,0.83099,0.298161
legacy,48000,16,20,1,128,14.487,15.8844,0.83099,0.298161
legacy,48000,16,20,1,256,14.3907,15.1945,0.83099,0.298161
legacy,48000,16,24,0,32,14.1536,24.0312,0.98,0.455033
legacy,48000,16,24,0,64,14.3212,16.4437,0.98,0.455033
legacy,48000,16,24,0,128,14.4208,15.6984,0.98,0.455033
legacy,48000,16,24,0,256,14.4487,16.2664,0.98,0.455033
legacy,48000,16,24,1,32,14.5312,27.8312,0.837702,0.307238
legacy,48000,16,24,1,64,14.5422,18.2937,0.837702,0.307238
legacy,48000,16,24,1,128,14.7969,18.1047,0.837702,0.307238
legacy,48000,16,24,1,256,14.4964,15.5242,0.837702,0.307238
legacy,96000,1,0,0,32,1.74385,3.0126,0.138701,0.0540246
legacy,96000,1,0,0,64,1.72178,4.3875,0.138701,0.0540246
legacy,96000,1,0,0,128,1.71894,1.93748,0.138701,0.0540246
legacy,96000,1,0,0,256,1.76592,2.21096,0.138701,0.0540246
legacy,96000,1,0,1,32,2.11211,4.2252,0.0931809,0.0348562
legacy,96000,1,0,1,64,2.1252,4.58115,0.0931809,0.0348562
legacy,96000,1,0,1,128,2.0501,2.18752,0.0931809,0.0348562
legacy,96000,1,0,1,256,2.10947,2.41564,0.0931809,0.0348562
legacy,96000,1,20,0,32,2.13564,3.8124,0.20409,0.154153
legacy,96000,1,20,0,64,2.16299,4.06245,0.20409,0.154153
legacy,96000,1,20,0,128,2.09687,2.20935,0.20409,0.154153
legacy,96000,1,20,0,256,2.10264,2.58124,0.20409,0.154153
legacy,96000,1,20,1,32,2.4499,5.4501,0.157783,0.0983747
legacy,96000,1,20,1,64,2.48701,3.1437,0.157783,0.0983747
legacy,96000,1,20,1,128,2.44619,3.23438,0.157783,0.0983747
legacy,96000,1,20,1,256,2.43867,2.70937,0.157783,0.0983747
legacy,96000,1,24,0,32,2.17168,5.025,0.20693,0.160712
legacy,96000,1,24,0,64,2.09688,2.26875,0.20693,0.160712
legacy,96000,1,24,0,128,2.13408,3.28747,0.20693,0.160712
legacy,96000,1,24,0,256,2.08564,2.28127,0.20693,0.160712
legacy,96000,1,24,1,32,2.49736,4.2627,0.159435,0.102436
legacy,96000,1,24,1,64,2.4415,2.6937,0.159435,0.102436
legacy,96000,1,24,1,128,2.45449,3.95625,0.159435,0.102436
legacy,96000,1,24,1,256,2.44199,2.59688,0.159435,0.102436
legacy,96000,8,0,0,32,11.2748,15.6126,0.282887,0.0814374
legacy,96000,8,0,0,64,11.5839,15.5313,0.282887,0.0814374
legacy,96000,8,0,0,128,11.3728,13.4219,0.282887,0.0814374
legacy,96000,8,0,0,256,11.491,12.8875,0.282887,0.0814374
legacy,96000,8,0,1,32,11.9887,28.0875,0.157923,0.0533057
legacy,96000,8,0,1,64,11.9497,23.0688,0.157923,0.0533057
legacy,96000,8,0,1,128,11.6356,12.2906,0.157923,0.0533057
legacy,96000,8,0,1,256,11.7488,12.9172,0.157923,0.0533057
legacy,96000,8,20,0,32,14.6757,25.95,0.542151,0.198558
legacy,96000,8,20,0,64,14.7319,24.6,0.542151,0.198558
legacy,96000,8,20,0,128,14.7108,18.5625,0.542151,0.198558
legacy,96000,8,20,0,256,14.6033,20.5328,0.542151,0.198558
legacy,96000,8,20,1,32,15.1534,29.4,0.372181,0.137972
legacy,96000,8,20,1,64,15.0105,17.4624,0.372181,0.137972
legacy,96000,8,20,1,128,15.1008,17.7125,0.372181,0.137972
legacy,96000,8,20,1,256,14.8702,16.0422,0.372181,0.137972
legacy,96000,8,24,0,32,14.4248,19.4877,0.573696,0.210317
legacy,96000,8,24,0,64,14.4851,17.1687,0.573696,0.210317
legacy,96000,8,24,0,128,14.5168,16.2813,0.573696,0.210317
legacy,96000,8,24,0,256,14.7018,15.5266,0.573696,0.210317
legacy,96000,8,24,1,32,14.7842,19.2999,0.40415,0.148914
legacy,96000,8,24,1,64,14.823,18.0562,0.40415,0.148914
legacy,96000,8,24,1,128,14.7781,16.5406,0.40415,0.148914
legacy,96000,8,24,1,256,14.8426,15.3969,0.40415,0.148914
legacy,96000,16,0,0,32,22.506,29.3124,0.519402,0.135906
legacy,96000,16,0,0,64,22.3773,26.5312,0.519402,0.135906
legacy,96000,16,0,0,128,22.4347,27.2,0.519402,0.135906
legacy,96000,16,0,0,256,22.6612,28.464,0.519402,0.135906
legacy,96000,16,0,1,32,22.6991,29.1498,0.319382,0.0849439
legacy,96000,16,0,1,64,22.4868,25.8875,0.319382,0.0849439
legacy,96000,16,0,1,128,22.5845,29.2282,0.319382,0.0849439
legacy,96000,16,0,1,256,22.4778,23.8953,0.319382,0.0849439
legacy,96000,16,20,0,32,28.5637,36.8376,0.742447,0.244877
legacy,96000,16,20,0,64,28.4954,30.6874,0.742447,0.244877
legacy,96000,16,20,0,128,28.8445,31.2531,0.742447,0.244877
legacy,96000,16,20,0,256,29.0081,31.6172,0.742447,0.244877
legacy,96000,16,20,1,32,29.2251,37.5375,0.457151,0.159479
legacy,96000,16,20,1,64,29.3174,43.1311,0.457151,0.159479
legacy,96000,16,20,1,128,28.9897,33.3437,0.457151,0.159479
legacy,96000,16,20,1,256,28.8946,30.6344,0.457151,0.159479
legacy,96000,16,24,0,32,28.5018,34.4376,0.79119,0.256596
legacy,96000,16,24,0,64,28.4696,32.5749,0.79119,0.256596
legacy,96000,16,24,0,128,28.5215,32.1656,0.79119,0.256596
legacy,96000,16,24,0,256,28.7609,29.9312,0.79119,0.256596
legacy,96000,16,24,1,32,29.3496,44.5998,0.48912,0.168052
legacy,96000,16,24,1,64,29.0506,33.3813,0.48912,0.168052
legacy,96000,16,24,1,128,29.2218,36.2657,0.48912,0.168052
legacy,96000,16,24,1,256,29.3109,35.0891,0.48912,0.168052
legacy,192000,1,0,0,32,3.44902,6.225,0.133482,0.0553003
legacy,192000,1,0,0,64,3.41719,3.6375,0.133482,0.0553003
legacy,192000,1,0,0,128,3.41035,4.2375,0.133482,0.0553003
legacy,192000,1,0,0,256,3.40703,3.53437,0.133482,0.0553003
legacy,192000,1,0,1,32,4.08418,6.975,0.100529,0.0404916
legacy,192000,1,0,1,64,4.0877,9.8502,0.100529,0.0404916
legacy,192000,1,0,1,128,4.07715,4.4688,0.100529,0.0404916
legacy,192000,1,0,1,256,4.10332,4.65315,0.100529,0.0404916
legacy,192000,1,20,0,32,4.15703,4.3746,0.208569,0.162041
legacy,192000,1,20,0,64,4.15313,7.6626,0.208569,0.162041
legacy,192000,1,20,0,128,4.1543,4.3437,0.208569,0.162041
legacy,192000,1,20,0,256,4.16465,4.52498,0.208569,0.162041
legacy,192000,1,20,1,32,4.85156,12.3504,0.16676,0.118007
legacy,192000,1,20,1,64,4.82402,4.9377,0.16676,0.118007
legacy,192000,1,20,1,128,4.87148,6.09375,0.16676,0.118007
legacy,192000,1,20,1,256,4.82422,5.1156,0.16676,0.118007
legacy,192000,1,24,0,32,4.17793,4.7004,0.211895,0.168681
legacy,192000,1,24,0,64,4.45117,9.0999,0.211895,0.168681
legacy,192000,1,24,0,128,4.42012,4.8876,0.211895,0.168681
legacy,192000,1,24,0,256,4.16445,4.39065,0.211895,0.168681
legacy,192000,1,24,1,32,4.88105,8.6754,0.170788,0.12265
legacy,192000,1,24,1,64,4.86875,7.875,0.170788,0.12265
legacy,192000,1,24,1,128,4.85059,5.4813,0.170788,0.12265
legacy,192000,1,24,1,256,4.83418,7.21253,0.170788,0.12265
legacy,192000,8,0,0,32,22.5596,33.2748,0.346905,0.119027
legacy,192000,8,0,0,64,22.5449,24.3624,0.346905,0.119027
legacy,192000,8,0,0,128,22.7094,26.25,0.346905,0.119027
legacy,192000,8,0,0,256,22.483,23.0438,0.346905,0.119027
legacy,192000,8,0,1,32,23.2922,32.925,0.281093,0.0925885
legacy,192000,8,0,1,64,23.2973,30.15,0.281093,0.0925885
legacy,192000,8,0,1,128,23.2287,24.4688,0.281093,0.0925885
legacy,192000,8,0,1,256,23.232,25.0094,0.281093,0.0925885
legacy,192000,8,20,0,32,29.5113,47.9748,0.835014,0.286037
legacy,192000,8,20,0,64,29.1924,33.9999,0.835014,0.286037
legacy,192000,8,20,0,128,28.8514,44.1312,0.835014,0.286037
legacy,192000,8,20,0,256,28.9945,30.5344,0.835014,0.286037
legacy,192000,8,20,1,32,29.8703,75.45,0.721702,0.233473
legacy,192000,8,20,1,64,29.6283,32.8248,0.721702,0.233473
legacy,192000,8,20,1,128,29.6416,33.4625,0.721702,0.233473
legacy,192000,8,20,1,256,29.4943,32.4188,0.721702,0.233473
legacy,192000,8,24,0,32,28.7715,42.15,0.830916,0.288533
legacy,192000,8,24,0,64,28.8012,33.2748,0.830916,0.288533
legacy,192000,8,24,0,128,28.8449,32.8626,0.830916,0.288533
legacy,192000,8,24,0,256,28.7564,30.2375,0.830916,0.288533
legacy,192000,8,24,1,32,29.4748,37.4502,0.742878,0.241847
legacy,192000,8,24,1,64,29.4549,33.1998,0.742878,0.241847
legacy,192000,8,24,1,128,29.483,32.2375,0.742878,0.241847
legacy,192000,8,24,1,256,29.5072,30.8781,0.742878,0.241847
legacy,192000,16,0,0,32,44.8646,61.1004,0.335955,0.119388
legacy,192000,16,0,0,64,44.9895,52.9374,0.335955,0.119388
legacy,192000,16,0,0,128,44.7211,50.1,0.335955,0.119388
legacy,192000,16,0,0,256,44.6479,48.1157,0.335955,0.119388
legacy,192000,16,0,1,32,45.7605,85.35,0.278503,0.0936374
legacy,192000,16,0,1,64,45.3631,52.125,0.278503,0.0936374
legacy,192000,16,0,1,128,44.8781,49.0688,0.278503,0.0936374
legacy,192000,16,0,1,256,44.6971,47.1718,0.278503,0.0936374
legacy,192000,16,20,0,32,57.0008,63.15,0.476106,0.202576
legacy,192000,16,20,0,64,57.2207,64.7751,0.476106,0.202576
legacy,192000,16,20,0,128,57.0303,66.3126,0.476106,0.202576
legacy,192000,16,20,0,256,57.8625,61.3406,0.476106,0.202576
legacy,192000,16,20,1,32,58.4834,72.3246,0.388829,0.158943
legacy,192000,16,20,1,64,58.3557,84.4875,0.388829,0.158943
legacy,192000,16,20,1,128,58.4307,82.7187,0.388829,0.158943
legacy,192000,16,20,1,256,57.7242,59.8906,0.388829,0.158943
legacy,192000,16,24,0,32,56.9914,68.6748,0.494063,0.214385
legacy,192000,16,24,0,64,57.2326,69.5124,0.494063,0.214385
legacy,192000,16,24,0,128,57.9258,64.6374,0.494063,0.214385
legacy,192000,16,24,0,256,57.5822,60.8312,0.494063,0.214385
legacy,192000,16,24,1,32,58.3287,72.6,0.390153,0.167083
legacy,192000,16,24,1,64,58.2822,75.3876,0.390153,0.167083
legacy,192000,16,24,1,128,58.5773,70.35,0.390153,0.167083
legacy,192000,16,24,1,256,58.3764,78.225,0.390153,0.167083
