rate,filter_mode,voice_mode,fx,output_peak_error,output_relative_rms,prefx_peak_error,prefx_relative_rms
48000,0,0,0,7.4505805969238281e-09,3.4126974097940327e-09,1.1920928955078125e-07,3.4126974097940327e-09
48000,0,0,1,6.0535967350006104e-09,3.3668284512361147e-09,1.1920928955078125e-07,3.4126974097940327e-09
48000,0,1,0,9.3132257461547852e-10,1.8064537168306413e-09,1.4901161193847656e-08,1.8064537168306413e-09
48000,0,1,1,9.3132257461547852e-10,2.5110609046737976e-09,1.4901161193847656e-08,1.8064537168306413e-09
48000,0,2,0,9.3132257461547852e-10,2.0521041391238977e-09,1.4901161193847656e-08,2.0521041391238977e-09
48000,0,2,1,4.6566128730773926e-10,1.8952614780648059e-09,1.4901161193847656e-08,2.0521041391238977e-09
48000,1,0,0,7.4505805969238281e-09,3.717719449499055e-09,1.1920928955078125e-07,3.717719449499055e-09
48000,1,0,1,6.0535967350006104e-09,3.6646465056689945e-09,1.1920928955078125e-07,3.717719449499055e-09
48000,1,1,0,6.9849193096160889e-10,1.3717475711123481e-09,1.1175870895385742e-08,1.3717475711123481e-09
48000,1,1,1,4.6566128730773926e-10,1.252516804166634e-09,1.1175870895385742e-08,1.3717475711123481e-09
48000,1,2,0,6.9849193096160889e-10,1.5686710291952847e-09,1.1175870895385742e-08,1.5686710291952847e-09
48000,1,2,1,4.6566128730773926e-10,1.5456617262794709e-09,1.1175870895385742e-08,1.5686710291952847e-09
48000,2,0,0,1.862645149230957e-09,8.0366813767769908e-09,2.9802322387695312e-08,8.0366813767769908e-09
48000,2,0,1,1.5133991837501526e-09,6.5406469613993748e-09,2.9802322387695312e-08,8.0366813767769908e-09
48000,2,1,0,6.9849193096160889e-10,6.9249385049650054e-09,1.1175870895385742e-08,6.9249385049650054e-09
48000,2,1,1,4.3655745685100555e-10,5.1063506937418382e-09,1.1175870895385742e-08,6.9249385049650054e-09
48000,2,2,0,6.9849193096160889e-10,6.5454799461332053e-09,1.1175870895385742e-08,6.5454799461332053e-09
48000,2,2,1,3.4924596548080444e-10,4.0557220002219375e-09,1.1175870895385742e-08,6.5454799461332053e-09
48000,3,0,0,1.3969838619232178e-09,9.1335747095012142e-09,2.2351741790771484e-08,9.1335747095012142e-09
48000,3,0,1,1.280568540096283e-09,8.1800196928481211e-09,2.2351741790771484e-08,9.1335747095012142e-09
48000,3,1,0,7.2759576141834259e-10,7.1917936541636396e-09,1.1641532182693481e-08,7.1917936541636396e-09
48000,3,1,1,4.3655745685100555e-10,7.0532471591412165e-09,1.1641532182693481e-08,7.1917936541636396e-09
48000,3,2,0,3.2014213502407074e-10,5.657326489960085e-09,5.1222741603851318e-09,5.657326489960085e-09
48000,3,2,1,2.0372681319713593e-10,5.5102531895096457e-09,5.1222741603851318e-09,5.657326489960085e-09
96000,0,0,0,7.4505805969238281e-09,3.1413354429286472e-09,1.1920928955078125e-07,3.1413354429286472e-09
96000,0,0,1,7.4505805969238281e-09,2.9367018323780757e-09,1.1920928955078125e-07,3.1413354429286472e-09
96000,0,1,0,9.3132257461547852e-10,2.9862673922433242e-09,1.4901161193847656e-08,2.9862673922433242e-09
96000,0,1,1,9.3132257461547852e-10,3.1391560319046951e-09,1.4901161193847656e-08,2.9862673922433242e-09
96000,0,2,0,9.3132257461547852e-10,2.9947111357763678e-09,1.4901161193847656e-08,2.9947111357763678e-09
96000,0,2,1,9.3132257461547852e-10,3.0110553920073114e-09,1.4901161193847656e-08,2.9947111357763678e-09
96000,1,0,0,7.4505805969238281e-09,3.9804798782108209e-09,1.1920928955078125e-07,3.9804798782108209e-09
96000,1,0,1,7.4505805969238281e-09,3.9351290773958612e-09,1.1920928955078125e-07,3.9804798782108209e-09
96000,1,1,0,9.3132257461547852e-10,1.9874186847524025e-09,1.4901161193847656e-08,1.9874186847524025e-09
96000,1,1,1,9.3132257461547852e-10,2.0463747048225987e-09,1.4901161193847656e-08,1.9874186847524025e-09
96000,1,2,0,9.3132257461547852e-10,2.0615646483702862e-09,1.4901161193847656e-08,2.0615646483702862e-09
96000,1,2,1,9.3132257461547852e-10,2.1237488018725602e-09,1.4901161193847656e-08,2.0615646483702862e-09
96000,2,0,0,1.862645149230957e-09,6.6072594303482541e-09,2.9802322387695312e-08,6.6072594303482541e-09
96000,2,0,1,1.862645149230957e-09,6.3685333388653954e-09,2.9802322387695312e-08,6.6072594303482541e-09
96000,2,1,0,1.6298145055770874e-09,1.1063947535158568e-08,2.6077032089233398e-08,1.1063947535158568e-08
96000,2,1,1,1.6298145055770874e-09,1.1647207352761542e-08,2.6077032089233398e-08,1.1063947535158568e-08
96000,2,2,0,1.6298145055770874e-09,1.0978881368356456e-08,2.6077032089233398e-08,1.0978881368356456e-08
96000,2,2,1,1.6298145055770874e-09,1.1585223293907683e-08,2.6077032089233398e-08,1.0978881368356456e-08
96000,3,0,0,1.5133991837501526e-09,8.5861095865945457e-09,2.4214386940002441e-08,8.5861095865945457e-09
96000,3,0,1,1.280568540096283e-09,7.7399198830226947e-09,2.4214386940002441e-08,8.5861095865945457e-09
96000,3,1,0,6.9849193096160889e-10,7.1719267044559833e-09,1.1175870895385742e-08,7.1719267044559833e-09
96000,3,1,1,6.4028427004814148e-10,8.3684666469560977e-09,1.1175870895385742e-08,7.1719267044559833e-09
96000,3,2,0,6.9849193096160889e-10,7.0780090185745658e-09,1.1175870895385742e-08,7.0780090185745658e-09
96000,3,2,1,6.4028427004814148e-10,8.2769879066569855e-09,1.1175870895385742e-08,7.0780090185745658e-09
176400,0,0,0,3.7252902984619141e-09,1.6637430246150852e-09,5.9604644775390625e-08,1.6637430246150852e-09
176400,0,0,1,3.7252902984619141e-09,1.5553877513039074e-09,5.9604644775390625e-08,1.6637430246150852e-09
176400,0,1,0,4.6566128730773926e-10,7.1578179522339596e-10,7.4505805969238281e-09,7.1578179522339596e-10
176400,0,1,1,4.6566128730773926e-10,8.5866873232433515e-10,7.4505805969238281e-09,7.1578179522339596e-10
176400,0,2,0,9.3132257461547852e-10,1.5119671221104853e-09,1.4901161193847656e-08,1.5119671221104853e-09
176400,0,2,1,9.3132257461547852e-10,1.7116029742426408e-09,1.4901161193847656e-08,1.5119671221104853e-09
176400,1,0,0,7.4505805969238281e-09,1.8347485287152133e-09,1.1920928955078125e-07,1.8347485287152133e-09
176400,1,0,1,5.5879354476928711e-09,1.6225817240939447e-09,1.1920928955078125e-07,1.8347485287152133e-09
176400,1,1,0,1.1641532182693481e-10,1.9168940781139727e-10,1.862645149230957e-09,1.9168940781139727e-10
176400,1,1,1,8.0035533756017685e-11,1.7160990647307325e-10,1.862645149230957e-09,1.9168940781139727e-10
176400,1,2,0,9.3132257461547852e-10,1.4476763958862085e-09,1.4901161193847656e-08,1.4476763958862085e-09
176400,1,2,1,9.3132257461547852e-10,1.6415113001082112e-09,1.4901161193847656e-08,1.4476763958862085e-09
176400,2,0,0,3.7252902984619141e-09,5.9016852323038624e-09,5.9604644775390625e-08,5.9016852323038624e-09
176400,2,0,1,3.2596290111541748e-09,5.0265941890512561e-09,5.9604644775390625e-08,5.9016852323038624e-09
176400,2,1,0,9.3132257461547852e-10,4.4672070295221408e-09,1.4901161193847656e-08,4.4672070295221408e-09
176400,2,1,1,4.6566128730773926e-10,2.8813849210546654e-09,1.4901161193847656e-08,4.4672070295221408e-09
176400,2,2,0,7.2759576141834259e-10,5.075150546511015e-09,1.1641532182693481e-08,5.075150546511015e-09
176400,2,2,1,6.9849193096160889e-10,5.3435626931309674e-09,1.1641532182693481e-08,5.075150546511015e-09
176400,3,0,0,1.3969838619232178e-09,5.8024462006641189e-09,2.2351741790771484e-08,5.8024462006641189e-09
176400,3,0,1,1.3969838619232178e-09,5.1603830029735175e-09,2.2351741790771484e-08,5.8024462006641189e-09
176400,3,1,0,2.3283064365386963e-10,2.4587972195429892e-09,3.7252902984619141e-09,2.4587972195429892e-09
176400,3,1,1,2.3283064365386963e-10,2.7376899969525342e-09,3.7252902984619141e-09,2.4587972195429892e-09
176400,3,2,0,8.7311491370201111e-11,1.0029129367214403e-09,1.3969838619232178e-09,1.0029129367214403e-09
176400,3,2,1,5.8207660913467407e-11,9.351093106904544e-10,1.3969838619232178e-09,1.0029129367214403e-09
192000,0,0,0,3.7252902984619141e-09,1.5474866806682289e-09,5.9604644775390625e-08,1.5474866806682289e-09
192000,0,0,1,3.7252902984619141e-09,1.5806238156032148e-09,5.9604644775390625e-08,1.5474866806682289e-09
192000,0,1,0,1.862645149230957e-09,2.7977190548925515e-09,2.9802322387695312e-08,2.7977190548925515e-09
192000,0,1,1,1.862645149230957e-09,2.9126879949691078e-09,2.9802322387695312e-08,2.7977190548925515e-09
192000,0,2,0,9.3132257461547852e-10,1.887618539085775e-09,1.4901161193847656e-08,1.887618539085775e-09
192000,0,2,1,9.3132257461547852e-10,1.6988315556549997e-09,1.4901161193847656e-08,1.887618539085775e-09
192000,1,0,0,7.4505805969238281e-09,2.45373727369331e-09,1.1920928955078125e-07,2.45373727369331e-09
192000,1,0,1,7.4505805969238281e-09,2.444001156431492e-09,1.1920928955078125e-07,2.45373727369331e-09
192000,1,1,0,1.862645149230957e-09,2.9596910702701842e-09,2.9802322387695312e-08,2.9596910702701842e-09
192000,1,1,1,1.862645149230957e-09,3.3767072492822318e-09,2.9802322387695312e-08,2.9596910702701842e-09
192000,1,2,0,9.3132257461547852e-10,1.880343256597241e-09,1.4901161193847656e-08,1.880343256597241e-09
192000,1,2,1,9.3132257461547852e-10,2.2097455952757895e-09,1.4901161193847656e-08,1.880343256597241e-09
192000,2,0,0,1.862645149230957e-09,4.7142709729437175e-09,2.9802322387695312e-08,4.7142709729437175e-09
192000,2,0,1,1.862645149230957e-09,4.647850432974871e-09,2.9802322387695312e-08,4.7142709729437175e-09
192000,2,1,0,1.5133991837501526e-09,1.4472148333898993e-08,2.4214386940002441e-08,1.4472148333898993e-08
192000,2,1,1,1.4260876923799515e-09,1.46794020305513e-08,2.4214386940002441e-08,1.4472148333898993e-08
192000,2,2,0,1.4551915228366852e-09,1.3621914764462131e-08,2.3283064365386963e-08,1.3621914764462131e-08
192000,2,2,1,1.3387762010097504e-09,1.3700621137903465e-08,2.3283064365386963e-08,1.3621914764462131e-08
192000,3,0,0,1.1641532182693481e-09,3.486967398737863e-09,1.862645149230957e-08,3.486967398737863e-09
192000,3,0,1,9.3132257461547852e-10,3.1813063177388238e-09,1.862645149230957e-08,3.486967398737863e-09
192000,3,1,0,1.4488250599242747e-09,1.9474657652033499e-08,2.3181200958788395e-08,1.9474657652033499e-08
192000,3,1,1,1.3233147910796106e-09,2.0770074886060126e-08,2.3181200958788395e-08,1.9474657652033499e-08
192000,3,2,0,1.4488250599242747e-09,1.9740532067391557e-08,2.3181200958788395e-08,1.9740532067391557e-08
192000,3,2,1,1.3242242857813835e-09,2.1051800691084452e-08,2.3181200958788395e-08,1.9740532067391557e-08
384000,0,0,0,1.4901161193847656e-08,3.2690626635722483e-09,2.384185791015625e-07,3.2690626635722483e-09
384000,0,0,1,1.4901161193847656e-08,3.3111056188471667e-09,2.384185791015625e-07,3.2690626635722483e-09
384000,0,1,0,1.862645149230957e-09,4.199572611864813e-09,2.9802322387695312e-08,4.199572611864813e-09
384000,0,1,1,1.862645149230957e-09,4.5873299237129331e-09,2.9802322387695312e-08,4.199572611864813e-09
384000,0,2,0,1.862645149230957e-09,4.5188095140464229e-09,2.9802322387695312e-08,4.5188095140464229e-09
384000,0,2,1,1.862645149230957e-09,4.9797027332048985e-09,2.9802322387695312e-08,4.5188095140464229e-09
384000,1,0,0,1.4901161193847656e-08,3.5598898932539647e-09,2.384185791015625e-07,3.5598898932539647e-09
384000,1,0,1,1.4901161193847656e-08,3.5974404242539555e-09,2.384185791015625e-07,3.5598898932539647e-09
384000,1,1,0,1.862645149230957e-09,4.3511651078171158e-09,2.9802322387695312e-08,4.3511651078171158e-09
384000,1,1,1,1.862645149230957e-09,4.7690108431494975e-09,2.9802322387695312e-08,4.3511651078171158e-09
384000,1,2,0,1.862645149230957e-09,4.8006502195205522e-09,2.9802322387695312e-08,4.8006502195205522e-09
384000,1,2,1,1.862645149230957e-09,4.7541693104300561e-09,2.9802322387695312e-08,4.8006502195205522e-09
384000,2,0,0,3.7252902984619141e-09,5.6293894607345854e-09,5.9604644775390625e-08,5.6293894607345854e-09
384000,2,0,1,3.7252902984619141e-09,5.4915835949160025e-09,5.9604644775390625e-08,5.6293894607345854e-09
384000,2,1,0,1.5133991837501526e-09,1.1014222629534246e-08,2.4214386940002441e-08,1.1014222629534246e-08
384000,2,1,1,1.5133991837501526e-09,1.1008199410740086e-08,2.4214386940002441e-08,1.1014222629534246e-08
384000,2,2,0,1.5133991837501526e-09,1.1840268661276383e-08,2.4214386940002441e-08,1.1840268661276383e-08
384000,2,2,1,1.5133991837501526e-09,1.2117155305530948e-08,2.4214386940002441e-08,1.1840268661276383e-08
384000,3,0,0,1.862645149230957e-09,5.5523227146758725e-09,2.9802322387695312e-08,5.5523227146758725e-09
384000,3,0,1,1.862645149230957e-09,5.3394342821904078e-09,2.9802322387695312e-08,5.5523227146758725e-09
384000,3,1,0,1.4260876923799515e-09,1.4421771371813488e-08,2.2817403078079224e-08,1.4421771371813488e-08
384000,3,1,1,1.3387762010097504e-09,1.4529638349734983e-08,2.2817403078079224e-08,1.4421771371813488e-08
384000,3,2,0,7.2759576141834259e-10,7.8906118389379868e-09,1.1641532182693481e-08,7.8906118389379868e-09
384000,3,2,1,6.8394001573324203e-10,8.2699894235595288e-09,1.1641532182693481e-08,7.8906118389379868e-09
