rate,mode,modulated,pair,reference_seconds,cached_seconds
48000,0,0,0,0.0117575,0.0102085
48000,0,0,1,0.00988746,0.00986233
48000,0,0,2,0.00988821,0.00746812
48000,0,0,3,0.00903158,0.00701413
48000,0,0,4,0.00942742,0.00830071
48000,0,0,5,0.00949925,0.00901608
48000,0,0,6,0.00800217,0.00711667
48000,0,0,7,0.00931567,0.0085915
48000,0,1,0,0.00958162,0.00963325
48000,0,1,1,0.00954471,0.0100995
48000,0,1,2,0.00799771,0.00829908
48000,0,1,3,0.00927729,0.00904546
48000,0,1,4,0.00945421,0.00989308
48000,0,1,5,0.00923929,0.00994492
48000,0,1,6,0.00952754,0.00977
48000,0,1,7,0.00800733,0.00940437
48000,1,0,0,0.00804825,0.00841212
48000,1,0,1,0.00928529,0.008419
48000,1,0,2,0.00915167,0.00693462
48000,1,0,3,0.00953925,0.00761308
48000,1,0,4,0.00919158,0.00804504
48000,1,0,5,0.00808696,0.00696137
48000,1,0,6,0.00937008,0.00800775
48000,1,0,7,0.00915217,0.00797162
48000,1,1,0,0.00799983,0.00834679
48000,1,1,1,0.00934471,0.00942137
48000,1,1,2,0.00910346,0.00920063
48000,1,1,3,0.00887875,0.00948446
48000,1,1,4,0.00811138,0.00845775
48000,1,1,5,0.00946404,0.00977479
48000,1,1,6,0.00961117,0.00991542
48000,1,1,7,0.00908292,0.00980821
48000,2,0,0,0.00939879,0.00674854
48000,2,0,1,0.00931679,0.00797171
48000,2,0,2,0.00923663,0.00803087
48000,2,0,3,0.00821708,0.00674946
48000,2,0,4,0.00931054,0.00763796
48000,2,0,5,0.00815171,0.00813379
48000,2,0,6,0.00786754,0.00865925
48000,2,0,7,0.00821921,0.00831933
48000,2,1,0,0.00914321,0.00811704
48000,2,1,1,0.00929508,0.00817496
48000,2,1,2,0.00927775,0.00977537
48000,2,1,3,0.00894667,0.00978087
48000,2,1,4,0.00899413,0.00954692
48000,2,1,5,0.00807604,0.00811163
48000,2,1,6,0.00931179,0.00949617
48000,2,1,7,0.0092885,0.00917537
48000,3,0,0,0.00906558,0.00683992
48000,3,0,1,0.00906396,0.00814117
48000,3,0,2,0.00874671,0.00822112
48000,3,0,3,0.00935488,0.00692013
48000,3,0,4,0.00919312,0.00837308
48000,3,0,5,0.00910625,0.00835633
48000,3,0,6,0.00778725,0.00742562
48000,3,0,7,0.009083,0.00803958
48000,3,1,0,0.00985579,0.0099125
48000,3,1,1,0.007855,0.00933383
48000,3,1,2,0.00892883,0.00965679
48000,3,1,3,0.00915987,0.00951654
48000,3,1,4,0.00939992,0.00956292
48000,3,1,5,0.00791283,0.00925896
48000,3,1,6,0.00789337,0.00932775
48000,3,1,7,0.00943867,0.00948092
96000,0,0,0,0.00919967,0.00855637
96000,0,0,1,0.00831567,0.00702171
96000,0,0,2,0.00934404,0.00853463
96000,0,0,3,0.00954938,0.00855792
96000,0,0,4,0.00839908,0.00698942
96000,0,0,5,0.00954396,0.00846729
96000,0,0,6,0.00893529,0.00827454
96000,0,0,7,0.00902758,0.00699125
96000,0,1,0,0.00921029,0.00978475
96000,0,1,1,0.00962421,0.00985092
96000,0,1,2,0.00900033,0.00966317
96000,0,1,3,0.0080095,0.00987129
96000,0,1,4,0.00893462,0.0100146
96000,0,1,5,0.00877879,0.00934542
96000,0,1,6,0.00944783,0.00983563
96000,0,1,7,0.0093925,0.00986346
96000,1,0,0,0.00805662,0.00741275
96000,1,0,1,0.00944079,0.00891308
96000,1,0,2,0.00910033,0.00794992
96000,1,0,3,0.00931925,0.00705283
96000,1,0,4,0.00987833,0.00846604
96000,1,0,5,0.00951113,0.0082065
96000,1,0,6,0.00900467,0.00696613
96000,1,0,7,0.0091635,0.00888663
96000,1,1,0,0.00939288,0.00977225
96000,1,1,1,0.00911017,0.00967712
96000,1,1,2,0.00793042,0.00837583
96000,1,1,3,0.00949496,0.00983575
96000,1,1,4,0.0091585,0.00968138
96000,1,1,5,0.00917854,0.009726
96000,1,1,6,0.00947033,0.00926567
96000,1,1,7,0.00810975,0.00837354
96000,2,0,0,0.00948379,0.00859479
96000,2,0,1,0.00904275,0.00800367
96000,2,0,2,0.00778821,0.00674479
96000,2,0,3,0.00930412,0.00802542
96000,2,0,4,0.00929583,0.0081545
96000,2,0,5,0.0093135,0.00681946
96000,2,0,6,0.00879737,0.00794696
96000,2,0,7,0.00793921,0.00763667
96000,2,1,0,0.00941879,0.00956296
96000,2,1,1,0.00918762,0.0096295
96000,2,1,2,0.00941208,0.00927367
96000,2,1,3,0.00787133,0.0093025
96000,2,1,4,0.00834196,0.00938121
96000,2,1,5,0.00911054,0.00924337
96000,2,1,6,0.00904542,0.00903458
96000,2,1,7,0.00788483,0.00843167
96000,3,0,0,0.00895979,0.00790783
96000,3,0,1,0.00919717,0.0082615
96000,3,0,2,0.00798246,0.00695467
96000,3,0,3,0.00920542,0.00744804
96000,3,0,4,0.00919117,0.00681033
96000,3,0,5,0.00935292,0.00802767
96000,3,0,6,0.00967229,0.00816658
96000,3,0,7,0.00846596,0.00680471
96000,3,1,0,0.00952121,0.00931771
96000,3,1,1,0.00927442,0.00947633
96000,3,1,2,0.0097105,0.00937075
96000,3,1,3,0.00803533,0.00806783
96000,3,1,4,0.00943617,0.00939475
96000,3,1,5,0.00908654,0.00906975
96000,3,1,6,0.00953571,0.00942887
96000,3,1,7,0.00791987,0.00806192
192000,0,0,0,0.00955908,0.0084795
192000,0,0,1,0.00949467,0.008122
192000,0,0,2,0.00950033,0.00708
192000,0,0,3,0.00919979,0.00835746
192000,0,0,4,0.00950333,0.00854471
192000,0,0,5,0.00801158,0.00783513
192000,0,0,6,0.00937192,0.00842983
192000,0,0,7,0.00933071,0.00826417
192000,0,1,0,0.00942325,0.00939504
192000,0,1,1,0.0083685,0.00837567
192000,0,1,2,0.00928754,0.00984017
192000,0,1,3,0.00941275,0.00924833
192000,0,1,4,0.00925729,0.00923179
192000,0,1,5,0.00802088,0.00948171
192000,0,1,6,0.00852533,0.00984342
192000,0,1,7,0.00913008,0.00952917
192000,1,0,0,0.00923488,0.00819954
192000,1,0,1,0.00878808,0.00696479
192000,1,0,2,0.00946442,0.00844471
192000,1,0,3,0.00944083,0.0085795
192000,1,0,4,0.00783421,0.00696729
192000,1,0,5,0.0092995,0.00828088
192000,1,0,6,0.00895533,0.00825846
192000,1,0,7,0.00961004,0.00696662
192000,1,1,0,0.00955512,0.00948304
192000,1,1,1,0.00955608,0.00941742
192000,1,1,2,0.00939925,0.00943104
192000,1,1,3,0.00826983,0.00869046
192000,1,1,4,0.00856208,0.00983175
192000,1,1,5,0.00953596,0.0095745
192000,1,1,6,0.00924067,0.00967687
192000,1,1,7,0.00910171,0.0098485
192000,2,0,0,0.00909358,0.00686542
192000,2,0,1,0.00899346,0.007993
192000,2,0,2,0.00896187,0.00736
192000,2,0,3,0.00936321,0.00682258
192000,2,0,4,0.00950575,0.008233
192000,2,0,5,0.00787746,0.00782742
192000,2,0,6,0.00937512,0.00818763
192000,2,0,7,0.00907137,0.00809437
192000,2,1,0,0.00900092,0.00808742
192000,2,1,1,0.00955875,0.00979954
192000,2,1,2,0.00923783,0.00950829
192000,2,1,3,0.00909529,0.00968842
192000,2,1,4,0.00947625,0.00957563
192000,2,1,5,0.00791896,0.00822808
192000,2,1,6,0.00944483,0.00958279
192000,2,1,7,0.00876379,0.00932742
192000,3,0,0,0.00951371,0.00672621
192000,3,0,1,0.00941837,0.00686596
192000,3,0,2,0.00914008,0.00827638
192000,3,0,3,0.00779646,0.00729517
192000,3,0,4,0.00900829,0.00848108
192000,3,0,5,0.00923475,0.00819096
192000,3,0,6,0.00821996,0.00685088
192000,3,0,7,0.00946258,0.0082585
192000,3,1,0,0.00894496,0.00931746
192000,3,1,1,0.00791204,0.00948758
192000,3,1,2,0.00881029,0.00977471
192000,3,1,3,0.00927583,0.00956533
192000,3,1,4,0.00933263,0.00965942
192000,3,1,5,0.00895883,0.00950908
192000,3,1,6,0.007933,0.00956475
192000,3,1,7,0.00942687,0.0088925
