engine,rate,voices,filter_mode,drive_db,fx,buffer,median_realtime_percent,worst_block_percent,peak,rms
rate-scaled,48000,1,0,0,0,32,1.57573,4.6437,0.179374,0.0602012
rate-scaled,48000,1,0,0,0,64,1.54297,3.75937,0.179374,0.0602012
rate-scaled,48000,1,0,0,0,128,1.48027,1.61407,0.179374,0.0602012
rate-scaled,48000,1,0,0,0,256,1.48779,1.60702,0.179374,0.0602012
rate-scaled,48000,1,0,0,1,32,1.71543,3.73125,0.0972564,0.0351212
rate-scaled,48000,1,0,0,1,64,2.74775,4.2156,0.0972564,0.0351212
rate-scaled,48000,1,0,0,1,128,2.45181,3.18592,0.0972564,0.0351212
rate-scaled,48000,1,0,0,1,256,2.1853,2.39531,0.0972564,0.0351212
rate-scaled,48000,1,0,20,0,32,2.33193,3.53745,0.0378765,0.0163971
rate-scaled,48000,1,0,20,0,64,2.25723,3.15315,0.0378765,0.0163971
rate-scaled,48000,1,0,20,0,128,2.08223,2.26249,0.0378765,0.0163971
rate-scaled,48000,1,0,20,0,256,2.00342,2.10234,0.0378765,0.0163971
rate-scaled,48000,1,0,20,1,32,2.21196,4.63125,0.022805,0.00948108
rate-scaled,48000,1,0,20,1,64,2.18379,3.00315,0.022805,0.00948108
rate-scaled,48000,1,0,20,1,128,2.15044,2.48595,0.022805,0.00948108
rate-scaled,48000,1,0,20,1,256,2.15449,2.18749,0.022805,0.00948108
rate-scaled,48000,1,0,24,0,32,1.9665,3.95625,0.0250579,0.0109168
rate-scaled,48000,1,0,24,0,64,1.97261,2.21557,0.0250579,0.0109168
rate-scaled,48000,1,0,24,0,128,2.00249,2.65155,0.0250579,0.0109168
rate-scaled,48000,1,0,24,0,256,1.99033,3.36563,0.0250579,0.0109168
rate-scaled,48000,1,0,24,1,32,2.18945,3.34995,0.015014,0.00631166
rate-scaled,48000,1,0,24,1,64,2.22969,6.29378,0.015014,0.00631166
rate-scaled,48000,1,0,24,1,128,2.19805,2.58593,0.015014,0.00631166
rate-scaled,48000,1,0,24,1,256,2.20937,2.37422,0.015014,0.00631166
rate-scaled,48000,8,0,0,0,32,10.6269,14.0063,0.575815,0.178129
rate-scaled,48000,8,0,0,0,64,10.6478,12.8781,0.575815,0.178129
rate-scaled,48000,8,0,0,0,128,10.6359,11.7656,0.575815,0.178129
rate-scaled,48000,8,0,0,0,256,10.4641,11.1008,0.575815,0.178129
rate-scaled,48000,8,0,0,1,32,10.8644,13.7562,0.375626,0.10632
rate-scaled,48000,8,0,0,1,64,10.7946,13.0875,0.375626,0.10632
rate-scaled,48000,8,0,0,1,128,10.7554,11.9328,0.375626,0.10632
rate-scaled,48000,8,0,0,1,256,10.7927,11.4656,0.375626,0.10632
rate-scaled,48000,8,0,20,0,32,14.4643,19.5875,0.146934,0.0489801
rate-scaled,48000,8,0,20,0,64,14.4382,16.6969,0.146934,0.0489801
rate-scaled,48000,8,0,20,0,128,14.5688,16.4422,0.146934,0.0489801
rate-scaled,48000,8,0,20,0,256,14.5994,16.1102,0.146934,0.0489801
rate-scaled,48000,8,0,20,1,32,14.7882,18.4001,0.0927128,0.0302471
rate-scaled,48000,8,0,20,1,64,14.6038,19.8844,0.0927128,0.0302471
rate-scaled,48000,8,0,20,1,128,14.6507,16.0703,0.0927128,0.0302471
rate-scaled,48000,8,0,20,1,256,14.6503,15.625,0.0927128,0.0302471
rate-scaled,48000,8,0,24,0,32,15.3107,21.3875,0.0969733,0.0327416
rate-scaled,48000,8,0,24,0,64,15.3256,19.3406,0.0969733,0.0327416
rate-scaled,48000,8,0,24,0,128,15.6085,25.2906,0.0969733,0.0327416
rate-scaled,48000,8,0,24,0,256,15.4543,16.5289,0.0969733,0.0327416
rate-scaled,48000,8,0,24,1,32,15.9067,22.4501,0.0608135,0.0202777
rate-scaled,48000,8,0,24,1,64,15.7638,18.6812,0.0608135,0.0202777
rate-scaled,48000,8,0,24,1,128,15.5859,16.9984,0.0608135,0.0202777
rate-scaled,48000,8,0,24,1,256,15.6392,17.0312,0.0608135,0.0202777
rate-scaled,48000,16,0,0,0,32,24.6507,28.575,0.98,0.256009
rate-scaled,48000,16,0,0,0,64,24.6743,26.8844,0.98,0.256009
rate-scaled,48000,16,0,0,0,128,24.86,26.5688,0.98,0.256009
rate-scaled,48000,16,0,0,0,256,24.9828,26.0938,0.98,0.256009
rate-scaled,48000,16,0,0,1,32,25.1833,30.7438,0.576267,0.153653
rate-scaled,48000,16,0,0,1,64,25.1206,29.65,0.576267,0.153653
rate-scaled,48000,16,0,0,1,128,25.3877,27.3016,0.576267,0.153653
rate-scaled,48000,16,0,0,1,256,25.3864,36.7961,0.576267,0.153653
rate-scaled,48000,16,0,20,0,32,32.3698,53.3749,0.196253,0.0712428
rate-scaled,48000,16,0,20,0,64,32.16,38.5343,0.196253,0.0712428
rate-scaled,48000,16,0,20,0,128,32.3247,35.5453,0.196253,0.0712428
rate-scaled,48000,16,0,20,0,256,32.4991,33.4398,0.196253,0.0712428
rate-scaled,48000,16,0,20,1,32,32.8913,55.725,0.136523,0.0445271
rate-scaled,48000,16,0,20,1,64,32.7073,39.2531,0.136523,0.0445271
rate-scaled,48000,16,0,20,1,128,32.5837,35.1844,0.136523,0.0445271
rate-scaled,48000,16,0,20,1,256,32.7099,33.9242,0.136523,0.0445271
rate-scaled,48000,16,0,24,0,32,32.5224,54.4812,0.133216,0.0476316
rate-scaled,48000,16,0,24,0,64,30.4807,32.9844,0.133216,0.0476316
rate-scaled,48000,16,0,24,0,128,30.4207,32.014,0.133216,0.0476316
rate-scaled,48000,16,0,24,0,256,30.3682,32.3172,0.133216,0.0476316
rate-scaled,48000,16,0,24,1,32,30.8123,35.5249,0.0924349,0.0298852
rate-scaled,48000,16,0,24,1,64,30.5082,33.3344,0.0924349,0.0298852
rate-scaled,48000,16,0,24,1,128,30.4877,32.2812,0.0924349,0.0298852
rate-scaled,48000,16,0,24,1,256,30.4563,32.5719,0.0924349,0.0298852
rate-scaled,96000,1,0,0,0,32,2.99336,4.7874,0.1468,0.0588542
rate-scaled,96000,1,0,0,0,64,2.95957,3.2187,0.1468,0.0588542
rate-scaled,96000,1,0,0,0,128,3.02422,3.79065,0.1468,0.0588542
rate-scaled,96000,1,0,0,0,256,2.97139,3.46875,0.1468,0.0588542
rate-scaled,96000,1,0,0,1,32,3.33164,9.2874,0.102169,0.0380561
rate-scaled,96000,1,0,0,1,64,3.34766,4.45005,0.102169,0.0380561
rate-scaled,96000,1,0,0,1,128,3.34258,4.8906,0.102169,0.0380561
rate-scaled,96000,1,0,0,1,256,3.36367,3.79065,0.102169,0.0380561
rate-scaled,96000,1,0,20,0,32,3.8999,12.7377,0.0378491,0.0174168
rate-scaled,96000,1,0,20,0,64,3.88506,4.725,0.0378491,0.0174168
rate-scaled,96000,1,0,20,0,128,3.87442,4.17817,0.0378491,0.0174168
rate-scaled,96000,1,0,20,0,256,3.98115,4.76093,0.0378491,0.0174168
rate-scaled,96000,1,0,20,1,32,4.26367,4.6875,0.0258653,0.0111837
rate-scaled,96000,1,0,20,1,64,4.42471,7.3875,0.0258653,0.0111837
rate-scaled,96000,1,0,20,1,128,4.27764,4.62187,0.0258653,0.0111837
rate-scaled,96000,1,0,20,1,256,4.39482,5.21408,0.0258653,0.0111837
rate-scaled,96000,1,0,24,0,32,3.91504,4.2627,0.0260915,0.0116386
rate-scaled,96000,1,0,24,0,64,4.18672,16.2188,0.0260915,0.0116386
rate-scaled,96000,1,0,24,0,128,3.92607,4.19693,0.0260915,0.0116386
rate-scaled,96000,1,0,24,0,256,4.03457,5.24846,0.0260915,0.0116386
rate-scaled,96000,1,0,24,1,32,4.3542,4.8,0.0177092,0.0074795
rate-scaled,96000,1,0,24,1,64,4.4417,8.8125,0.0177092,0.0074795
rate-scaled,96000,1,0,24,1,128,4.31797,4.61557,0.0177092,0.0074795
rate-scaled,96000,1,0,24,1,256,4.30527,4.6047,0.0177092,0.0074795
rate-scaled,96000,8,0,0,0,32,21.1308,28.2249,0.355336,0.108778
rate-scaled,96000,8,0,0,0,64,21.1354,25.0688,0.355336,0.108778
rate-scaled,96000,8,0,0,0,128,20.9647,23.2187,0.355336,0.108778
rate-scaled,96000,8,0,0,0,256,21.1143,22.5156,0.355336,0.108778
rate-scaled,96000,8,0,0,1,32,21.5518,42.7251,0.214437,0.0701216
rate-scaled,96000,8,0,0,1,64,21.4944,24.8937,0.214437,0.0701216
rate-scaled,96000,8,0,0,1,128,21.5697,22.95,0.214437,0.0701216
rate-scaled,96000,8,0,0,1,256,21.7902,24.8625,0.214437,0.0701216
rate-scaled,96000,8,0,20,0,32,29.086,38.3502,0.104552,0.0356099
rate-scaled,96000,8,0,20,0,64,29.1304,33.0562,0.104552,0.0356099
rate-scaled,96000,8,0,20,0,128,29.2786,31.8094,0.104552,0.0356099
rate-scaled,96000,8,0,20,0,256,28.9958,30.3953,0.104552,0.0356099
rate-scaled,96000,8,0,20,1,32,29.4064,36.8376,0.0657694,0.0236678
rate-scaled,96000,8,0,20,1,64,29.4593,35.8312,0.0657694,0.0236678
rate-scaled,96000,8,0,20,1,128,29.3768,31.7688,0.0657694,0.0236678
rate-scaled,96000,8,0,20,1,256,29.5159,30.8859,0.0657694,0.0236678
rate-scaled,96000,8,0,24,0,32,29.3438,33.8376,0.0735569,0.0246909
rate-scaled,96000,8,0,24,0,64,29.3379,32.7188,0.0735569,0.0246909
rate-scaled,96000,8,0,24,0,128,29.0438,31.6594,0.0735569,0.0246909
rate-scaled,96000,8,0,24,0,256,28.9839,30.2984,0.0735569,0.0246909
rate-scaled,96000,8,0,24,1,32,29.6104,43.9998,0.0458068,0.0163928
rate-scaled,96000,8,0,24,1,64,29.5072,32.9125,0.0458068,0.0163928
rate-scaled,96000,8,0,24,1,128,29.5038,31.9843,0.0458068,0.0163928
rate-scaled,96000,8,0,24,1,256,29.4407,30.9656,0.0458068,0.0163928
rate-scaled,96000,16,0,0,0,32,46.9745,61.5624,0.786592,0.180196
rate-scaled,96000,16,0,0,0,64,46.8327,51.8937,0.786592,0.180196
rate-scaled,96000,16,0,0,0,128,46.7993,50.3687,0.786592,0.180196
rate-scaled,96000,16,0,0,0,256,46.3599,49.1625,0.786592,0.180196
rate-scaled,96000,16,0,0,1,32,46.8957,55.4751,0.482681,0.112925
rate-scaled,96000,16,0,0,1,64,47.1577,53.1938,0.482681,0.112925
rate-scaled,96000,16,0,0,1,128,47.6166,49.9406,0.482681,0.112925
rate-scaled,96000,16,0,0,1,256,47.5396,49.5797,0.482681,0.112925
rate-scaled,96000,16,0,20,0,32,60.3438,82.1001,0.163743,0.055636
rate-scaled,96000,16,0,20,0,64,60.9368,69.9126,0.163743,0.055636
rate-scaled,96000,16,0,20,0,128,60.9398,69.6343,0.163743,0.055636
rate-scaled,96000,16,0,20,0,256,60.7092,63.1344,0.163743,0.055636
rate-scaled,96000,16,0,20,1,32,61.49,71.7252,0.103467,0.0369293
rate-scaled,96000,16,0,20,1,64,60.8658,66.0938,0.103467,0.0369293
rate-scaled,96000,16,0,20,1,128,61.2659,66.6281,0.103467,0.0369293
rate-scaled,96000,16,0,20,1,256,61.9889,66.7094,0.103467,0.0369293
rate-scaled,96000,16,0,24,0,32,61.5854,73.8249,0.111697,0.0379513
rate-scaled,96000,16,0,24,0,64,60.6499,65.5688,0.111697,0.0379513
rate-scaled,96000,16,0,24,0,128,60.6741,63.8937,0.111697,0.0379513
rate-scaled,96000,16,0,24,0,256,61.1277,64.0187,0.111697,0.0379513
rate-scaled,96000,16,0,24,1,32,61.9333,76.2,0.0704696,0.0252644
rate-scaled,96000,16,0,24,1,64,61.0532,72.3188,0.0704696,0.0252644
rate-scaled,96000,16,0,24,1,128,61.0922,67.7344,0.0704696,0.0252644
rate-scaled,96000,16,0,24,1,256,60.9995,63.6266,0.0704696,0.0252644
rate-scaled,192000,1,0,0,0,32,4.55508,10.2252,0.152889,0.0610049
rate-scaled,192000,1,0,0,0,64,4.44668,5.4999,0.152889,0.0610049
rate-scaled,192000,1,0,0,0,128,4.58985,9.16875,0.152889,0.0610049
rate-scaled,192000,1,0,0,0,256,4.43125,4.77188,0.152889,0.0610049
rate-scaled,192000,1,0,0,1,32,5.17695,17.9754,0.11695,0.0445928
rate-scaled,192000,1,0,0,1,64,5.29844,5.5626,0.11695,0.0445928
rate-scaled,192000,1,0,0,1,128,5.21152,8.2875,0.11695,0.0445928
rate-scaled,192000,1,0,0,1,256,5.20371,6.16875,0.11695,0.0445928
rate-scaled,192000,1,0,20,0,32,5.79805,16.575,0.0373125,0.0179756
rate-scaled,192000,1,0,20,0,64,5.87344,13.0125,0.0373125,0.0179756
rate-scaled,192000,1,0,20,0,128,5.56523,5.99385,0.0373125,0.0179756
rate-scaled,192000,1,0,20,0,256,5.73731,5.9562,0.0373125,0.0179756
rate-scaled,192000,1,0,20,1,32,6.31699,14.7996,0.0287594,0.0130472
rate-scaled,192000,1,0,20,1,64,6.25683,6.8502,0.0287594,0.0130472
rate-scaled,192000,1,0,20,1,128,6.45683,9.4938,0.0287594,0.0130472
rate-scaled,192000,1,0,20,1,256,6.25937,6.86557,0.0287594,0.0130472
rate-scaled,192000,1,0,24,0,32,5.6793,6.2004,0.0260953,0.0119672
rate-scaled,192000,1,0,24,0,64,5.58535,13.4502,0.0260953,0.0119672
rate-scaled,192000,1,0,24,0,128,5.73105,7.8312,0.0260953,0.0119672
rate-scaled,192000,1,0,24,0,256,5.75176,7.30935,0.0260953,0.0119672
rate-scaled,192000,1,0,24,1,32,6.29961,7.0002,0.0192377,0.00867524
rate-scaled,192000,1,0,24,1,64,6.41153,6.9,0.0192377,0.00867524
rate-scaled,192000,1,0,24,1,128,6.37969,6.75,0.0192377,0.00867524
rate-scaled,192000,1,0,24,1,256,6.26055,7.35315,0.0192377,0.00867524
rate-scaled,192000,8,0,0,0,32,30.5563,42.7752,0.443322,0.137213
rate-scaled,192000,8,0,0,0,64,30.5182,36.8877,0.443322,0.137213
rate-scaled,192000,8,0,0,0,128,30.5756,33.6063,0.443322,0.137213
rate-scaled,192000,8,0,0,0,256,30.1393,31.7781,0.443322,0.137213
rate-scaled,192000,8,0,0,1,32,31.2254,56.4252,0.353321,0.105138
rate-scaled,192000,8,0,0,1,64,31.3654,53.2251,0.353321,0.105138
rate-scaled,192000,8,0,0,1,128,30.9893,32.7375,0.353321,0.105138
rate-scaled,192000,8,0,0,1,256,31.4115,34.1656,0.353321,0.105138
rate-scaled,192000,8,0,20,0,32,39.468,86.775,0.150938,0.0452327
rate-scaled,192000,8,0,20,0,64,39.882,57.825,0.150938,0.0452327
rate-scaled,192000,8,0,20,0,128,39.9893,46.3812,0.150938,0.0452327
rate-scaled,192000,8,0,20,0,256,39.9432,47.5344,0.150938,0.0452327
rate-scaled,192000,8,0,20,1,32,40.6762,102.225,0.118129,0.034388
rate-scaled,192000,8,0,20,1,64,41.0537,63.0876,0.118129,0.034388
rate-scaled,192000,8,0,20,1,128,40.2871,43.2,0.118129,0.034388
rate-scaled,192000,8,0,20,1,256,40.582,42.5093,0.118129,0.034388
rate-scaled,192000,8,0,24,0,32,39.2938,51.4254,0.101897,0.0304052
rate-scaled,192000,8,0,24,0,64,39.7809,53.9376,0.101897,0.0304052
rate-scaled,192000,8,0,24,0,128,39.8244,51.7437,0.101897,0.0304052
rate-scaled,192000,8,0,24,0,256,39.699,45.8906,0.101897,0.0304052
rate-scaled,192000,8,0,24,1,32,40.4652,60,0.0796868,0.0230446
rate-scaled,192000,8,0,24,1,64,40.524,55.7751,0.0796868,0.0230446
rate-scaled,192000,8,0,24,1,128,40.523,51.0624,0.0796868,0.0230446
rate-scaled,192000,8,0,24,1,256,41.0656,48.875,0.0796868,0.0230446
rate-scaled,192000,16,0,0,0,32,62.717,131.825,0.555081,0.171227
rate-scaled,192000,16,0,0,0,64,62.5955,74.9376,0.555081,0.171227
rate-scaled,192000,16,0,0,0,128,61.1055,69.55,0.555081,0.171227
rate-scaled,192000,16,0,0,0,256,60.7891,64.1781,0.555081,0.171227
rate-scaled,192000,16,0,0,1,32,62.4309,81.3252,0.441173,0.129505
rate-scaled,192000,16,0,0,1,64,62.458,73.4877,0.441173,0.129505
rate-scaled,192000,16,0,0,1,128,62.4467,72.025,0.441173,0.129505
rate-scaled,192000,16,0,0,1,256,63.5328,66.6157,0.441173,0.129505
rate-scaled,192000,16,0,20,0,32,80.582,118.7,0.155805,0.0577072
rate-scaled,192000,16,0,20,0,64,80.6324,103.888,0.155805,0.0577072
rate-scaled,192000,16,0,20,0,128,79.3705,89.6688,0.155805,0.0577072
rate-scaled,192000,16,0,20,0,256,80.0311,85.6531,0.155805,0.0577072
rate-scaled,192000,16,0,20,1,32,81.4699,122.375,0.125195,0.0436213
rate-scaled,192000,16,0,20,1,64,81.0906,93.2001,0.125195,0.0436213
rate-scaled,192000,16,0,20,1,128,82.1,94.2312,0.125195,0.0436213
rate-scaled,192000,16,0,20,1,256,81.9094,91.6688,0.125195,0.0436213
rate-scaled,192000,16,0,24,0,32,79.6887,99.9504,0.113827,0.0396459
rate-scaled,192000,16,0,24,0,64,79.6389,96.1998,0.113827,0.0396459
rate-scaled,192000,16,0,24,0,128,81.1648,102.713,0.113827,0.0396459
rate-scaled,192000,16,0,24,0,256,88.3816,217.353,0.113827,0.0396459
rate-scaled,192000,16,0,24,1,32,93.093,656.225,0.0914717,0.0298813
rate-scaled,192000,16,0,24,1,64,83.6775,310.538,0.0914717,0.0298813
rate-scaled,192000,16,0,24,1,128,82.6205,89.0686,0.0914717,0.0298813
rate-scaled,192000,16,0,24,1,256,82.8682,86.6125,0.0914717,0.0298813
rate-scaled,48000,1,1,0,0,32,1.49893,1.7313,0.206476,0.0622097
rate-scaled,48000,1,1,0,0,64,1.50527,1.76558,0.206476,0.0622097
rate-scaled,48000,1,1,0,0,128,1.54688,2.36092,0.206476,0.0622097
rate-scaled,48000,1,1,0,0,256,1.50615,1.65703,0.206476,0.0622097
rate-scaled,48000,1,1,0,1,32,1.71636,1.8687,0.109927,0.0363261
rate-scaled,48000,1,1,0,1,64,1.79023,4.20308,0.109927,0.0363261
rate-scaled,48000,1,1,0,1,128,1.73403,1.82029,0.109927,0.0363261
rate-scaled,48000,1,1,0,1,256,1.7062,1.80469,0.109927,0.0363261
rate-scaled,48000,1,1,20,0,32,2.02988,4.00635,0.0439894,0.0171574
rate-scaled,48000,1,1,20,0,64,2.00278,3.10313,0.0439894,0.0171574
rate-scaled,48000,1,1,20,0,128,1.9876,2.20159,0.0439894,0.0171574
rate-scaled,48000,1,1,20,0,256,1.96338,2.35157,0.0439894,0.0171574
rate-scaled,48000,1,1,20,1,32,2.16655,3.3876,0.0263069,0.00993602
rate-scaled,48000,1,1,20,1,64,2.23975,2.97503,0.0263069,0.00993602
rate-scaled,48000,1,1,20,1,128,2.23213,4.56248,0.0263069,0.00993602
rate-scaled,48000,1,1,20,1,256,2.30229,3.24921,0.0263069,0.00993602
rate-scaled,48000,1,1,24,0,32,2.03657,2.1438,0.0303157,0.0114893
rate-scaled,48000,1,1,24,0,64,2.09775,4.18125,0.0303157,0.0114893
rate-scaled,48000,1,1,24,0,128,1.99614,3.79061,0.0303157,0.0114893
rate-scaled,48000,1,1,24,0,256,2.02813,2.32031,0.0303157,0.0114893
rate-scaled,48000,1,1,24,1,32,2.26406,10.2689,0.0175654,0.00665545
rate-scaled,48000,1,1,24,1,64,2.20845,3.27502,0.0175654,0.00665545
rate-scaled,48000,1,1,24,1,128,2.20229,2.77343,0.0175654,0.00665545
rate-scaled,48000,1,1,24,1,256,2.17529,2.31017,0.0175654,0.00665545
rate-scaled,48000,8,1,0,0,32,10.6885,17.6187,0.629591,0.186423
rate-scaled,48000,8,1,0,0,64,10.6814,14.5812,0.629591,0.186423
rate-scaled,48000,8,1,0,0,128,10.66,11.6094,0.629591,0.186423
rate-scaled,48000,8,1,0,0,256,10.6982,11.4797,0.629591,0.186423
rate-scaled,48000,8,1,0,1,32,10.9968,14.6189,0.367772,0.111251
rate-scaled,48000,8,1,0,1,64,10.9045,14.5875,0.367772,0.111251
rate-scaled,48000,8,1,0,1,128,10.7138,11.9625,0.367772,0.111251
rate-scaled,48000,8,1,0,1,256,10.6911,11.2516,0.367772,0.111251
rate-scaled,48000,8,1,20,0,32,14.3104,17.7689,0.154142,0.0513593
rate-scaled,48000,8,1,20,0,64,14.3316,16.5906,0.154142,0.0513593
rate-scaled,48000,8,1,20,0,128,14.2982,15.4078,0.154142,0.0513593
rate-scaled,48000,8,1,20,0,256,14.322,14.9492,0.154142,0.0513593
rate-scaled,48000,8,1,20,1,32,14.5763,18.1813,0.0967746,0.0316537
rate-scaled,48000,8,1,20,1,64,14.5144,16.2188,0.0967746,0.0316537
rate-scaled,48000,8,1,20,1,128,14.8711,16.2578,0.0967746,0.0316537
rate-scaled,48000,8,1,20,1,256,14.9722,15.7828,0.0967746,0.0316537
rate-scaled,48000,8,1,24,0,32,14.7404,18.2562,0.100644,0.0344907
rate-scaled,48000,8,1,24,0,64,14.637,19.5968,0.100644,0.0344907
rate-scaled,48000,8,1,24,0,128,14.7133,15.6984,0.100644,0.0344907
rate-scaled,48000,8,1,24,0,256,14.7779,15.4992,0.100644,0.0344907
rate-scaled,48000,8,1,24,1,32,14.9355,23.6001,0.0626664,0.0213148
rate-scaled,48000,8,1,24,1,64,14.9088,19.3688,0.0626664,0.0213148
rate-scaled,48000,8,1,24,1,128,14.8038,15.7016,0.0626664,0.0213148
rate-scaled,48000,8,1,24,1,256,14.915,16.9859,0.0626664,0.0213148
rate-scaled,48000,16,1,0,0,32,23.427,28.2188,0.98,0.258007
rate-scaled,48000,16,1,0,0,64,23.2967,29.8157,0.98,0.258007
rate-scaled,48000,16,1,0,0,128,23.3233,24.8515,0.98,0.258007
rate-scaled,48000,16,1,0,0,256,23.3628,24.5219,0.98,0.258007
rate-scaled,48000,16,1,0,1,32,23.6778,32.5001,0.546443,0.154476
rate-scaled,48000,16,1,0,1,64,23.8229,27.4343,0.546443,0.154476
rate-scaled,48000,16,1,0,1,128,23.9231,27.3766,0.546443,0.154476
rate-scaled,48000,16,1,0,1,256,23.9668,25.157,0.546443,0.154476
rate-scaled,48000,16,1,20,0,32,30.2451,37.8625,0.212362,0.0748225
rate-scaled,48000,16,1,20,0,64,30.2497,33.2281,0.212362,0.0748225
rate-scaled,48000,16,1,20,0,128,30.0186,31.386,0.212362,0.0748225
rate-scaled,48000,16,1,20,0,256,29.9924,31.3008,0.212362,0.0748225
rate-scaled,48000,16,1,20,1,32,30.2524,34.7126,0.143024,0.0465317
rate-scaled,48000,16,1,20,1,64,30.2699,32.9375,0.143024,0.0465317
rate-scaled,48000,16,1,20,1,128,30.3738,33.639,0.143024,0.0465317
rate-scaled,48000,16,1,20,1,256,30.5497,32.5789,0.143024,0.0465317
rate-scaled,48000,16,1,24,0,32,30.4448,35.0625,0.144557,0.0503623
rate-scaled,48000,16,1,24,0,64,30.054,32.3125,0.144557,0.0503623
rate-scaled,48000,16,1,24,0,128,30.1384,31.4906,0.144557,0.0503623
rate-scaled,48000,16,1,24,0,256,30.3352,34.4242,0.144557,0.0503623
rate-scaled,48000,16,1,24,1,32,30.4568,37.1,0.0976673,0.0313994
rate-scaled,48000,16,1,24,1,64,30.3492,39.2749,0.0976673,0.0313994
rate-scaled,48000,16,1,24,1,128,30.3929,37.4672,0.0976673,0.0313994
rate-scaled,48000,16,1,24,1,256,30.436,31.1227,0.0976673,0.0313994
rate-scaled,96000,1,1,0,0,32,2.9749,3.1125,0.15803,0.0612788
rate-scaled,96000,1,1,0,0,64,2.96035,3.0438,0.15803,0.0612788
rate-scaled,96000,1,1,0,0,128,2.98291,3.97815,0.15803,0.0612788
rate-scaled,96000,1,1,0,0,256,2.96738,3.03593,0.15803,0.0612788
rate-scaled,96000,1,1,0,1,32,3.33545,7.7124,0.106649,0.0396354
rate-scaled,96000,1,1,0,1,64,3.34014,3.5124,0.106649,0.0396354
rate-scaled,96000,1,1,0,1,128,3.31328,3.51877,0.106649,0.0396354
rate-scaled,96000,1,1,0,1,256,3.37725,10.2609,0.106649,0.0396354
rate-scaled,96000,1,1,20,0,32,3.91885,4.1751,0.0446313,0.0183998
rate-scaled,96000,1,1,20,0,64,3.90508,6.08745,0.0446313,0.0183998
rate-scaled,96000,1,1,20,0,128,3.88037,4.1031,0.0446313,0.0183998
rate-scaled,96000,1,1,20,0,256,3.89072,4.97029,0.0446313,0.0183998
rate-scaled,96000,1,1,20,1,32,4.27783,4.9626,0.0300695,0.0118326
rate-scaled,96000,1,1,20,1,64,4.27627,7.05,0.0300695,0.0118326
rate-scaled,96000,1,1,20,1,128,4.30537,4.48747,0.0300695,0.0118326
rate-scaled,96000,1,1,20,1,256,4.27285,5.36565,0.0300695,0.0118326
rate-scaled,96000,1,1,24,0,32,3.92285,4.425,0.0315754,0.0123824
rate-scaled,96000,1,1,24,0,64,3.92568,4.13745,0.0315754,0.0123824
rate-scaled,96000,1,1,24,0,128,3.90312,4.08127,0.0315754,0.0123824
rate-scaled,96000,1,1,24,0,256,3.89854,4.76876,0.0315754,0.0123824
rate-scaled,96000,1,1,24,1,32,4.29717,4.8126,0.0213894,0.0079742
rate-scaled,96000,1,1,24,1,64,4.31758,4.6812,0.0213894,0.0079742
rate-scaled,96000,1,1,24,1,128,4.28809,4.39995,0.0213894,0.0079742
rate-scaled,96000,1,1,24,1,256,4.28115,4.32814,0.0213894,0.0079742
rate-scaled,96000,8,1,0,0,32,20.8642,26.2875,0.421936,0.121681
rate-scaled,96000,8,1,0,0,64,21.0841,25.1499,0.421936,0.121681
rate-scaled,96000,8,1,0,0,128,20.8672,22.3156,0.421936,0.121681
rate-scaled,96000,8,1,0,0,256,21.0976,26.0656,0.421936,0.121681
rate-scaled,96000,8,1,0,1,32,21.4602,28.4874,0.248482,0.0781202
rate-scaled,96000,8,1,0,1,64,21.4423,24.8688,0.248482,0.0781202
rate-scaled,96000,8,1,0,1,128,21.4577,24.1594,0.248482,0.0781202
rate-scaled,96000,8,1,0,1,256,21.5631,22.5906,0.248482,0.0781202
rate-scaled,96000,8,1,20,0,32,28.7964,36.6252,0.122542,0.0402776
rate-scaled,96000,8,1,20,0,64,30.7298,128.112,0.122542,0.0402776
rate-scaled,96000,8,1,20,0,128,29.7223,40.0188,0.122542,0.0402776
rate-scaled,96000,8,1,20,0,256,36.2966,234.716,0.122542,0.0402776
rate-scaled,96000,8,1,20,1,32,32.1306,140.438,0.080145,0.0266005
rate-scaled,96000,8,1,20,1,64,31.7243,109.519,0.080145,0.0266005
rate-scaled,96000,8,1,20,1,128,32.0445,84.3032,0.080145,0.0266005
rate-scaled,96000,8,1,20,1,256,30.8745,46.4937,0.080145,0.0266005
rate-scaled,96000,8,1,24,0,32,31.9205,159.863,0.0844997,0.0279879
rate-scaled,96000,8,1,24,0,64,31.7714,75.2189,0.0844997,0.0279879
rate-scaled,96000,8,1,24,0,128,31.7966,84.3406,0.0844997,0.0279879
rate-scaled,96000,8,1,24,0,256,31.127,49.6281,0.0844997,0.0279879
rate-scaled,96000,8,1,24,1,32,32.009,163.162,0.0559085,0.0184793
rate-scaled,96000,8,1,24,1,64,35.1144,199.881,0.0559085,0.0184793
rate-scaled,96000,8,1,24,1,128,34.1901,147.819,0.0559085,0.0184793
rate-scaled,96000,8,1,24,1,256,32.8526,63.4094,0.0559085,0.0184793
rate-scaled,96000,16,1,0,0,32,52.0907,271.937,0.784358,0.177698
rate-scaled,96000,16,1,0,0,64,51.7979,218.588,0.784358,0.177698
rate-scaled,96000,16,1,0,0,128,50.6292,88.3813,0.784358,0.177698
rate-scaled,96000,16,1,0,0,256,51.1932,73.9219,0.784358,0.177698
rate-scaled,96000,16,1,0,1,32,51.8977,702.487,0.484732,0.112451
rate-scaled,96000,16,1,0,1,64,50.6271,111.894,0.484732,0.112451
rate-scaled,96000,16,1,0,1,128,51.6515,134.606,0.484732,0.112451
rate-scaled,96000,16,1,0,1,256,51.6063,95.7859,0.484732,0.112451
rate-scaled,96000,16,1,20,0,32,66.0202,241.613,0.171124,0.060016
rate-scaled,96000,16,1,20,0,64,68.0546,264.913,0.171124,0.060016
rate-scaled,96000,16,1,20,0,128,65.1505,104.091,0.171124,0.060016
rate-scaled,96000,16,1,20,0,256,65.2193,94.675,0.171124,0.060016
rate-scaled,96000,16,1,20,1,32,64.881,174.088,0.111578,0.0396142
rate-scaled,96000,16,1,20,1,64,65.7586,170.2,0.111578,0.0396142
rate-scaled,96000,16,1,20,1,128,65.0845,92.8125,0.111578,0.0396142
rate-scaled,96000,16,1,20,1,256,64.531,84.011,0.111578,0.0396142
rate-scaled,96000,16,1,24,0,32,63.9385,200.45,0.117219,0.0411435
rate-scaled,96000,16,1,24,0,64,64.4827,149.738,0.117219,0.0411435
rate-scaled,96000,16,1,24,0,128,64.8014,110.2,0.117219,0.0411435
rate-scaled,96000,16,1,24,0,256,64.8824,83.7047,0.117219,0.0411435
rate-scaled,96000,16,1,24,1,32,65.2174,187.4,0.0746297,0.0272183
rate-scaled,96000,16,1,24,1,64,65.2829,183.556,0.0746297,0.0272183
rate-scaled,96000,16,1,24,1,128,64.9318,151.072,0.0746297,0.0272183
rate-scaled,96000,16,1,24,1,256,65.6763,81.9656,0.0746297,0.0272183
rate-scaled,192000,1,1,0,0,32,4.8916,58.275,0.173288,0.0635622
rate-scaled,192000,1,1,0,0,64,4.50781,4.9875,0.173288,0.0635622
rate-scaled,192000,1,1,0,0,128,4.74278,19.4562,0.173288,0.0635622
rate-scaled,192000,1,1,0,0,256,4.75039,6.3969,0.173288,0.0635622
rate-scaled,192000,1,1,0,1,32,5.25801,13.8,0.131685,0.0463907
rate-scaled,192000,1,1,0,1,64,5.67051,46.9125,0.131685,0.0463907
rate-scaled,192000,1,1,0,1,128,5.27422,5.7687,0.131685,0.0463907
rate-scaled,192000,1,1,0,1,256,5.43418,22.8969,0.131685,0.0463907
rate-scaled,192000,1,1,20,0,32,5.70508,6.4752,0.0441391,0.0188951
rate-scaled,192000,1,1,20,0,64,5.77617,12.6249,0.0441391,0.0188951
rate-scaled,192000,1,1,20,0,128,5.56895,5.9124,0.0441391,0.0188951
rate-scaled,192000,1,1,20,0,256,5.74179,12.0969,0.0441391,0.0188951
rate-scaled,192000,1,1,20,1,32,6.40274,182.575,0.0335092,0.0136874
rate-scaled,192000,1,1,20,1,64,6.53692,22.6374,0.0335092,0.0136874
rate-scaled,192000,1,1,20,1,128,6.56133,29.4312,0.0335092,0.0136874
rate-scaled,192000,1,1,20,1,256,6.2373,6.69997,0.0335092,0.0136874
rate-scaled,192000,1,1,24,0,32,5.94043,73.9998,0.031501,0.0126515
rate-scaled,192000,1,1,24,0,64,5.70039,6.2124,0.031501,0.0126515
rate-scaled,192000,1,1,24,0,128,5.81367,39.6251,0.031501,0.0126515
rate-scaled,192000,1,1,24,0,256,5.74941,6.90937,0.031501,0.0126515
rate-scaled,192000,1,1,24,1,32,6.43555,75.4998,0.0224319,0.00915356
rate-scaled,192000,1,1,24,1,64,6.54863,12.975,0.0224319,0.00915356
rate-scaled,192000,1,1,24,1,128,6.45801,11.2376,0.0224319,0.00915356
rate-scaled,192000,1,1,24,1,256,6.66367,19.8594,0.0224319,0.00915356
rate-scaled,192000,8,1,0,0,32,33.799,191.525,0.487174,0.147868
rate-scaled,192000,8,1,0,0,64,31.0467,39.825,0.487174,0.147868
rate-scaled,192000,8,1,0,0,128,32.8187,61.7437,0.487174,0.147868
rate-scaled,192000,8,1,0,0,256,33.2873,64.2313,0.487174,0.147868
rate-scaled,192000,8,1,0,1,32,32.8391,125,0.386085,0.112778
rate-scaled,192000,8,1,0,1,64,32.1098,49.425,0.386085,0.112778
rate-scaled,192000,8,1,0,1,128,32.2603,73.1,0.386085,0.112778
rate-scaled,192000,8,1,0,1,256,33.951,61.1812,0.386085,0.112778
rate-scaled,192000,8,1,20,0,32,42.8613,205.5,0.171208,0.0494563
rate-scaled,192000,8,1,20,0,64,43.102,135.025,0.171208,0.0494563
rate-scaled,192000,8,1,20,0,128,42.407,94.3751,0.171208,0.0494563
rate-scaled,192000,8,1,20,0,256,41.9082,67.1312,0.171208,0.0494563
rate-scaled,192000,8,1,20,1,32,42.5787,187.925,0.133209,0.0374098
rate-scaled,192000,8,1,20,1,64,42.7557,143.563,0.133209,0.0374098
rate-scaled,192000,8,1,20,1,128,42.2207,89.7687,0.133209,0.0374098
rate-scaled,192000,8,1,20,1,256,42.509,71.6187,0.133209,0.0374098
rate-scaled,192000,8,1,24,0,32,40.5908,113.45,0.117615,0.0333963
rate-scaled,192000,8,1,24,0,64,41.2904,115.975,0.117615,0.0333963
rate-scaled,192000,8,1,24,0,128,42.1422,83.4938,0.117615,0.0333963
rate-scaled,192000,8,1,24,0,256,41.9084,68.6156,0.117615,0.0333963
rate-scaled,192000,8,1,24,1,32,43.8426,172.975,0.0914119,0.0251902
rate-scaled,192000,8,1,24,1,64,42.5303,117.663,0.0914119,0.0251902
rate-scaled,192000,8,1,24,1,128,43.6889,120.875,0.0914119,0.0251902
rate-scaled,192000,8,1,24,1,256,43.0984,67.5281,0.0914119,0.0251902
rate-scaled,192000,16,1,0,0,32,65.7361,248.725,0.639433,0.193689
rate-scaled,192000,16,1,0,0,64,65.4768,157.55,0.639433,0.193689
rate-scaled,192000,16,1,0,0,128,67.0887,130.1,0.639433,0.193689
rate-scaled,192000,16,1,0,0,256,67.3961,102.375,0.639433,0.193689
rate-scaled,192000,16,1,0,1,32,66.285,231.225,0.513314,0.147351
rate-scaled,192000,16,1,0,1,64,67.7242,211.275,0.513314,0.147351
rate-scaled,192000,16,1,0,1,128,66.1412,122.625,0.513314,0.147351
rate-scaled,192000,16,1,0,1,256,66.5732,98.0156,0.513314,0.147351
rate-scaled,192000,16,1,20,0,32,85.468,311.075,0.182964,0.0650825
rate-scaled,192000,16,1,20,0,64,85.0977,215.438,0.182964,0.0650825
rate-scaled,192000,16,1,20,0,128,83.7156,139.95,0.182964,0.0650825
rate-scaled,192000,16,1,20,0,256,85.3607,111.147,0.182964,0.0650825
rate-scaled,192000,16,1,20,1,32,87.0305,369,0.146709,0.0491179
rate-scaled,192000,16,1,20,1,64,100.405,414.762,0.146709,0.0491179
rate-scaled,192000,16,1,20,1,128,86.4576,138.606,0.146709,0.0491179
rate-scaled,192000,16,1,20,1,256,85.9939,125.228,0.146709,0.0491179
rate-scaled,192000,16,1,24,0,32,86.1248,425.7,0.133995,0.0450696
rate-scaled,192000,16,1,24,0,64,89.0541,173.913,0.133995,0.0450696
rate-scaled,192000,16,1,24,0,128,86.998,147.131,0.133995,0.0450696
rate-scaled,192000,16,1,24,0,256,88.218,153.334,0.133995,0.0450696
rate-scaled,192000,16,1,24,1,32,85.4734,321.9,0.107452,0.0339242
rate-scaled,192000,16,1,24,1,64,86.7639,197.538,0.107452,0.0339242
rate-scaled,192000,16,1,24,1,128,87.2301,171.562,0.107452,0.0339242
rate-scaled,192000,16,1,24,1,256,86.127,115.422,0.107452,0.0339242
rate-scaled,48000,1,2,0,0,32,1.55366,4.5501,0.123486,0.017342
rate-scaled,48000,1,2,0,0,64,1.58384,11.95,0.123486,0.017342
rate-scaled,48000,1,2,0,0,128,1.51103,3.03439,0.123486,0.017342
rate-scaled,48000,1,2,0,0,256,1.57163,6.83906,0.123486,0.017342
rate-scaled,48000,1,2,0,1,32,1.74658,22.3688,0.0711433,0.0101841
rate-scaled,48000,1,2,0,1,64,1.73779,1.84687,0.0711433,0.0101841
rate-scaled,48000,1,2,0,1,128,1.77754,6.26404,0.0711433,0.0101841
rate-scaled,48000,1,2,0,1,256,1.70249,1.81406,0.0711433,0.0101841
rate-scaled,48000,1,2,20,0,32,2.0228,18.8562,0.0351849,0.00585638
rate-scaled,48000,1,2,20,0,64,2.05273,11.1219,0.0351849,0.00585638
rate-scaled,48000,1,2,20,0,128,2.03794,5.32811,0.0351849,0.00585638
rate-scaled,48000,1,2,20,0,256,1.99209,2.26952,0.0351849,0.00585638
rate-scaled,48000,1,2,20,1,32,2.30244,9.4437,0.0216819,0.00345357
rate-scaled,48000,1,2,20,1,64,2.30908,11.5688,0.0216819,0.00345357
rate-scaled,48000,1,2,20,1,128,2.22983,19.4484,0.0216819,0.00345357
rate-scaled,48000,1,2,20,1,256,2.22202,2.58203,0.0216819,0.00345357
rate-scaled,48000,1,2,24,0,32,2.08159,43.0999,0.0236378,0.0041971
rate-scaled,48000,1,2,24,0,64,2.03828,8.44688,0.0236378,0.0041971
rate-scaled,48000,1,2,24,0,128,2.03618,10.2656,0.0236378,0.0041971
rate-scaled,48000,1,2,24,0,256,2.03696,3.31406,0.0236378,0.0041971
rate-scaled,48000,1,2,24,1,32,2.27691,20.9687,0.0146627,0.00247661
rate-scaled,48000,1,2,24,1,64,2.22495,13.5,0.0146627,0.00247661
rate-scaled,48000,1,2,24,1,128,2.23101,2.82656,0.0146627,0.00247661
rate-scaled,48000,1,2,24,1,256,2.31982,5.20781,0.0146627,0.00247661
rate-scaled,48000,8,2,0,0,32,11.1972,41.6063,0.205835,0.0575016
rate-scaled,48000,8,2,0,0,64,11.3393,36.9344,0.205835,0.0575016
rate-scaled,48000,8,2,0,0,128,11.3284,25.511,0.205835,0.0575016
rate-scaled,48000,8,2,0,0,256,11.3861,20.1977,0.205835,0.0575016
rate-scaled,48000,8,2,0,1,32,11.5959,61.0688,0.122999,0.0344128
rate-scaled,48000,8,2,0,1,64,11.7769,55.5875,0.122999,0.0344128
rate-scaled,48000,8,2,0,1,128,11.3783,25.0828,0.122999,0.0344128
rate-scaled,48000,8,2,0,1,256,11.5094,18.6914,0.122999,0.0344128
rate-scaled,48000,8,2,20,0,32,15.3552,52.7437,0.0777274,0.0180239
rate-scaled,48000,8,2,20,0,64,15.3677,43.95,0.0777274,0.0180239
rate-scaled,48000,8,2,20,0,128,15.3841,29.5797,0.0777274,0.0180239
rate-scaled,48000,8,2,20,0,256,15.3024,20.8195,0.0777274,0.0180239
rate-scaled,48000,8,2,20,1,32,15.6284,60.6562,0.0486329,0.0108603
rate-scaled,48000,8,2,20,1,64,15.357,39.175,0.0486329,0.0108603
rate-scaled,48000,8,2,20,1,128,15.9375,34.4016,0.0486329,0.0108603
rate-scaled,48000,8,2,20,1,256,15.3937,21.7406,0.0486329,0.0108603
rate-scaled,48000,8,2,24,0,32,15.3644,60.7812,0.0538864,0.0127609
rate-scaled,48000,8,2,24,0,64,15.6606,42.075,0.0538864,0.0127609
rate-scaled,48000,8,2,24,0,128,15.5489,28.8891,0.0538864,0.0127609
rate-scaled,48000,8,2,24,0,256,15.4822,24.9625,0.0538864,0.0127609
rate-scaled,48000,8,2,24,1,32,16.4436,104.969,0.0315475,0.00768462
rate-scaled,48000,8,2,24,1,64,15.6518,39.8282,0.0315475,0.00768462
rate-scaled,48000,8,2,24,1,128,15.7113,41.4578,0.0315475,0.00768462
rate-scaled,48000,8,2,24,1,256,16.0335,26.2117,0.0315475,0.00768462
rate-scaled,48000,16,2,0,0,32,25.116,91.125,0.340927,0.10109
rate-scaled,48000,16,2,0,0,64,25.5209,55.7156,0.340927,0.10109
rate-scaled,48000,16,2,0,0,128,25.1601,44.0672,0.340927,0.10109
rate-scaled,48000,16,2,0,0,256,25.672,36.0875,0.340927,0.10109
rate-scaled,48000,16,2,0,1,32,25.3065,136.45,0.20882,0.0604952
rate-scaled,48000,16,2,0,1,64,25.7126,51.7375,0.20882,0.0604952
rate-scaled,48000,16,2,0,1,128,25.6813,44.5578,0.20882,0.0604952
rate-scaled,48000,16,2,0,1,256,25.3258,31.6492,0.20882,0.0604952
rate-scaled,48000,16,2,20,0,32,31.8583,94.1812,0.111081,0.0276912
rate-scaled,48000,16,2,20,0,64,32.2385,109.378,0.111081,0.0276912
rate-scaled,48000,16,2,20,0,128,32.3222,47.4484,0.111081,0.0276912
rate-scaled,48000,16,2,20,0,256,31.7821,45.8055,0.111081,0.0276912
rate-scaled,48000,16,2,20,1,32,32.4203,101.975,0.0664023,0.0165513
rate-scaled,48000,16,2,20,1,64,32.2529,71.8594,0.0664023,0.0165513
rate-scaled,48000,16,2,20,1,128,32.0474,63.4937,0.0664023,0.0165513
rate-scaled,48000,16,2,20,1,256,32.2743,48.107,0.0664023,0.0165513
rate-scaled,48000,16,2,24,0,32,32.0368,89.8251,0.0749776,0.0196154
rate-scaled,48000,16,2,24,0,64,32.2559,60.3469,0.0749776,0.0196154
rate-scaled,48000,16,2,24,0,128,32.4819,63.7734,0.0749776,0.0196154
rate-scaled,48000,16,2,24,0,256,31.9103,38.7586,0.0749776,0.0196154
rate-scaled,48000,16,2,24,1,32,32.5094,108.106,0.0445304,0.0116558
rate-scaled,48000,16,2,24,1,64,31.8412,61.1938,0.0445304,0.0116558
rate-scaled,48000,16,2,24,1,128,32.6274,72.1828,0.0445304,0.0116558
rate-scaled,48000,16,2,24,1,256,32.42,41.1242,0.0445304,0.0116558
rate-scaled,96000,1,2,0,0,32,3.01016,7.0251,0.100096,0.0205615
rate-scaled,96000,1,2,0,0,64,3.1376,17.7499,0.100096,0.0205615
rate-scaled,96000,1,2,0,0,128,2.99648,4.29375,0.100096,0.0205615
rate-scaled,96000,1,2,0,0,256,3.07197,9.79061,0.100096,0.0205615
rate-scaled,96000,1,2,0,1,32,3.34844,17.7876,0.0704302,0.0135471
rate-scaled,96000,1,2,0,1,64,3.39629,9.6438,0.0704302,0.0135471
rate-scaled,96000,1,2,0,1,128,3.39385,5.64682,0.0704302,0.0135471
rate-scaled,96000,1,2,0,1,256,3.45068,4.57343,0.0704302,0.0135471
rate-scaled,96000,1,2,20,0,32,3.91729,9.6123,0.0378613,0.0069592
rate-scaled,96000,1,2,20,0,64,3.98232,10.2813,0.0378613,0.0069592
rate-scaled,96000,1,2,20,0,128,3.99668,12.7875,0.0378613,0.0069592
rate-scaled,96000,1,2,20,0,256,3.95869,5.16562,0.0378613,0.0069592
rate-scaled,96000,1,2,20,1,32,4.39248,30.0501,0.0253533,0.00459967
rate-scaled,96000,1,2,20,1,64,4.42539,31.4625,0.0253533,0.00459967
rate-scaled,96000,1,2,20,1,128,4.55684,16.5844,0.0253533,0.00459967
rate-scaled,96000,1,2,20,1,256,4.31562,4.5,0.0253533,0.00459967
rate-scaled,96000,1,2,24,0,32,4.16065,13.0875,0.0249611,0.0048992
rate-scaled,96000,1,2,24,0,64,3.98691,20.6813,0.0249611,0.0048992
rate-scaled,96000,1,2,24,0,128,4.00195,16.9376,0.0249611,0.0048992
rate-scaled,96000,1,2,24,0,256,4.04854,6.48907,0.0249611,0.0048992
rate-scaled,96000,1,2,24,1,32,4.3542,29.7999,0.0176968,0.00325098
rate-scaled,96000,1,2,24,1,64,4.39717,12.525,0.0176968,0.00325098
rate-scaled,96000,1,2,24,1,128,4.34307,12.4187,0.0176968,0.00325098
rate-scaled,96000,1,2,24,1,256,4.53174,10.9562,0.0176968,0.00325098
rate-scaled,96000,8,2,0,0,32,22.8507,162.162,0.206342,0.0635493
rate-scaled,96000,8,2,0,0,64,22.6146,57.4875,0.206342,0.0635493
rate-scaled,96000,8,2,0,0,128,22.5018,69.0219,0.206342,0.0635493
rate-scaled,96000,8,2,0,0,256,22.3517,34.9047,0.206342,0.0635493
rate-scaled,96000,8,2,0,1,32,23.3693,142.187,0.133012,0.0403684
rate-scaled,96000,8,2,0,1,64,23.7804,99.0312,0.133012,0.0403684
rate-scaled,96000,8,2,0,1,128,22.8868,48.5219,0.133012,0.0403684
rate-scaled,96000,8,2,0,1,256,24.022,63.1359,0.133012,0.0403684
rate-scaled,96000,8,2,20,0,32,30.5019,128.737,0.100798,0.0215513
rate-scaled,96000,8,2,20,0,64,30.7331,84.7812,0.100798,0.0215513
rate-scaled,96000,8,2,20,0,128,30.5529,52.8812,0.100798,0.0215513
rate-scaled,96000,8,2,20,0,256,30.3725,43.4594,0.100798,0.0215513
rate-scaled,96000,8,2,20,1,32,31.267,138.3,0.0626781,0.013754
rate-scaled,96000,8,2,20,1,64,31.4263,105.494,0.0626781,0.013754
rate-scaled,96000,8,2,20,1,128,31.6685,67.6875,0.0626781,0.013754
rate-scaled,96000,8,2,20,1,256,30.9458,57.375,0.0626781,0.013754
rate-scaled,96000,8,2,24,0,32,30.5992,119.362,0.068843,0.0149962
rate-scaled,96000,8,2,24,0,64,30.569,98.075,0.068843,0.0149962
rate-scaled,96000,8,2,24,0,128,30.5156,54.1219,0.068843,0.0149962
rate-scaled,96000,8,2,24,0,256,31.4577,54.2016,0.068843,0.0149962
rate-scaled,96000,8,2,24,1,32,31.7992,125.263,0.0433359,0.00960193
rate-scaled,96000,8,2,24,1,64,31.1748,123.65,0.0433359,0.00960193
rate-scaled,96000,8,2,24,1,128,31.1786,58.0813,0.0433359,0.00960193
rate-scaled,96000,8,2,24,1,256,30.8113,43.9203,0.0433359,0.00960193
rate-scaled,96000,16,2,0,0,32,49.1927,176.712,0.366079,0.119051
rate-scaled,96000,16,2,0,0,64,49.1833,107.231,0.366079,0.119051
rate-scaled,96000,16,2,0,0,128,49.2912,82.175,0.366079,0.119051
rate-scaled,96000,16,2,0,0,256,49.3453,72.7812,0.366079,0.119051
rate-scaled,96000,16,2,0,1,32,49.3067,144.9,0.237109,0.075262
rate-scaled,96000,16,2,0,1,64,49.1599,93.4688,0.237109,0.075262
rate-scaled,96000,16,2,0,1,128,51.4185,133.35,0.237109,0.075262
rate-scaled,96000,16,2,0,1,256,49.8159,63.2109,0.237109,0.075262
rate-scaled,96000,16,2,20,0,32,63.7849,202.125,0.144966,0.0372291
rate-scaled,96000,16,2,20,0,64,64.2144,131.594,0.144966,0.0372291
rate-scaled,96000,16,2,20,0,128,64.7208,125.403,0.144966,0.0372291
rate-scaled,96000,16,2,20,0,256,64.5214,82.7641,0.144966,0.0372291
rate-scaled,96000,16,2,20,1,32,64.4678,199.663,0.0919088,0.0237969
rate-scaled,96000,16,2,20,1,64,65.1978,128.944,0.0919088,0.0237969
rate-scaled,96000,16,2,20,1,128,64.3697,100.644,0.0919088,0.0237969
rate-scaled,96000,16,2,20,1,256,66.623,125.144,0.0919088,0.0237969
rate-scaled,96000,16,2,24,0,32,64.1885,328.912,0.0983551,0.0253038
rate-scaled,96000,16,2,24,0,64,65.0151,169.444,0.0983551,0.0253038
rate-scaled,96000,16,2,24,0,128,67.1463,138.506,0.0983551,0.0253038
rate-scaled,96000,16,2,24,0,256,66.8575,117.977,0.0983551,0.0253038
rate-scaled,96000,16,2,24,1,32,66.7745,215.575,0.0623985,0.0161882
rate-scaled,96000,16,2,24,1,64,67.1081,149.619,0.0623985,0.0161882
rate-scaled,96000,16,2,24,1,128,65.3472,107.809,0.0623985,0.0161882
rate-scaled,96000,16,2,24,1,256,66.3736,122.456,0.0623985,0.0161882
rate-scaled,192000,1,2,0,0,32,4.8041,23.3502,0.108499,0.0234447
rate-scaled,192000,1,2,0,0,64,4.77461,14.8248,0.108499,0.0234447
rate-scaled,192000,1,2,0,0,128,4.79199,5.55615,0.108499,0.0234447
rate-scaled,192000,1,2,0,0,256,4.7293,6.35625,0.108499,0.0234447
rate-scaled,192000,1,2,0,1,32,5.56739,75.2502,0.0785199,0.0169566
rate-scaled,192000,1,2,0,1,64,5.36504,11.9625,0.0785199,0.0169566
rate-scaled,192000,1,2,0,1,128,5.43457,34.0063,0.0785199,0.0169566
rate-scaled,192000,1,2,0,1,256,5.41172,7.77502,0.0785199,0.0169566
rate-scaled,192000,1,2,20,0,32,6.20273,180.775,0.0364369,0.00714556
rate-scaled,192000,1,2,20,0,64,5.66231,33.0375,0.0364369,0.00714556
rate-scaled,192000,1,2,20,0,128,5.74277,7.18755,0.0364369,0.00714556
rate-scaled,192000,1,2,20,0,256,5.99903,22.9063,0.0364369,0.00714556
rate-scaled,192000,1,2,20,1,32,6.43398,19.8252,0.0269522,0.00516318
rate-scaled,192000,1,2,20,1,64,6.96465,25.8876,0.0269522,0.00516318
rate-scaled,192000,1,2,20,1,128,6.66601,29.9812,0.0269522,0.00516318
rate-scaled,192000,1,2,20,1,256,6.69453,7.50315,0.0269522,0.00516318
rate-scaled,192000,1,2,24,0,32,5.9834,16.9752,0.0249729,0.00502392
rate-scaled,192000,1,2,24,0,64,5.68789,9.7623,0.0249729,0.00502392
rate-scaled,192000,1,2,24,0,128,5.78398,11.3063,0.0249729,0.00502392
rate-scaled,192000,1,2,24,0,256,5.76133,17.8375,0.0249729,0.00502392
rate-scaled,192000,1,2,24,1,32,6.86582,58.275,0.0180003,0.00363765
rate-scaled,192000,1,2,24,1,64,7.59609,43.3248,0.0180003,0.00363765
rate-scaled,192000,1,2,24,1,128,6.4291,8.16255,0.0180003,0.00363765
rate-scaled,192000,1,2,24,1,256,6.66035,18.1719,0.0180003,0.00363765
rate-scaled,192000,8,2,0,0,32,34.1094,296.75,0.215353,0.0615601
rate-scaled,192000,8,2,0,0,64,31.9324,116.375,0.215353,0.0615601
rate-scaled,192000,8,2,0,0,128,31.4477,41.5875,0.215353,0.0615601
rate-scaled,192000,8,2,0,0,256,33.4756,70.3281,0.215353,0.0615601
rate-scaled,192000,8,2,0,1,32,34.5754,152.575,0.172904,0.0446609
rate-scaled,192000,8,2,0,1,64,33.1377,140.5,0.172904,0.0446609
rate-scaled,192000,8,2,0,1,128,32.0012,40.8687,0.172904,0.0446609
rate-scaled,192000,8,2,0,1,256,35.9607,84.3937,0.172904,0.0446609
rate-scaled,192000,8,2,20,0,32,41.2934,153.9,0.0787638,0.0206766
rate-scaled,192000,8,2,20,0,64,42.4873,137.013,0.0787638,0.0206766
rate-scaled,192000,8,2,20,0,128,41.9975,87.8937,0.0787638,0.0206766
rate-scaled,192000,8,2,20,0,256,44.0025,97.7906,0.0787638,0.0206766
rate-scaled,192000,8,2,20,1,32,42.1318,185.525,0.0588424,0.0152129
rate-scaled,192000,8,2,20,1,64,44.0572,153.738,0.0588424,0.0152129
rate-scaled,192000,8,2,20,1,128,42.3205,92.7,0.0588424,0.0152129
rate-scaled,192000,8,2,20,1,256,42.8174,77.85,0.0588424,0.0152129
rate-scaled,192000,8,2,24,0,32,43.1687,165.175,0.0599091,0.0143605
rate-scaled,192000,8,2,24,0,64,42.0232,107.425,0.0599091,0.0143605
rate-scaled,192000,8,2,24,0,128,41.9955,84.8063,0.0599091,0.0143605
rate-scaled,192000,8,2,24,0,256,42.0607,74.0906,0.0599091,0.0143605
rate-scaled,192000,8,2,24,1,32,42.9297,205.525,0.0448534,0.0105406
rate-scaled,192000,8,2,24,1,64,42.6205,127.937,0.0448534,0.0105406
rate-scaled,192000,8,2,24,1,128,43.2125,91.3751,0.0448534,0.0105406
rate-scaled,192000,8,2,24,1,256,42.0555,67.6813,0.0448534,0.0105406
rate-scaled,192000,16,2,0,0,32,66.5805,349.05,0.451448,0.112643
rate-scaled,192000,16,2,0,0,64,64.7609,140.612,0.451448,0.112643
rate-scaled,192000,16,2,0,0,128,65.2139,119.488,0.451448,0.112643
rate-scaled,192000,16,2,0,0,256,66.0307,98.0625,0.451448,0.112643
rate-scaled,192000,16,2,0,1,32,67.0143,324.325,0.362314,0.0807153
rate-scaled,192000,16,2,0,1,64,66.6496,176.587,0.362314,0.0807153
rate-scaled,192000,16,2,0,1,128,67.7094,144.975,0.362314,0.0807153
rate-scaled,192000,16,2,0,1,256,80.8684,188.197,0.362314,0.0807153
rate-scaled,192000,16,2,20,0,32,86.6191,336.475,0.153117,0.0378039
rate-scaled,192000,16,2,20,0,64,85.7734,400.338,0.153117,0.0378039
rate-scaled,192000,16,2,20,0,128,85.0666,145.35,0.153117,0.0378039
rate-scaled,192000,16,2,20,0,256,83.5375,111.319,0.153117,0.0378039
rate-scaled,192000,16,2,20,1,32,83.7156,275.05,0.109108,0.0273283
rate-scaled,192000,16,2,20,1,64,85.2658,218.4,0.109108,0.0273283
rate-scaled,192000,16,2,20,1,128,85.7912,143.575,0.109108,0.0273283
rate-scaled,192000,16,2,20,1,256,86.09,162.453,0.109108,0.0273283
rate-scaled,192000,16,2,24,0,32,85.1697,313.825,0.10403,0.025704
rate-scaled,192000,16,2,24,0,64,85.4023,312.837,0.10403,0.025704
rate-scaled,192000,16,2,24,0,128,85.4613,176.931,0.10403,0.025704
rate-scaled,192000,16,2,24,0,256,86.0055,121.997,0.10403,0.025704
rate-scaled,192000,16,2,24,1,32,86.2588,368.425,0.0820031,0.0186424
rate-scaled,192000,16,2,24,1,64,88.5455,302.913,0.0820031,0.0186424
rate-scaled,192000,16,2,24,1,128,85.5795,265.006,0.0820031,0.0186424
rate-scaled,192000,16,2,24,1,256,86.8416,121.1,0.0820031,0.0186424
rate-scaled,48000,1,3,0,0,32,1.51309,7.9437,0.0374123,0.00670058
rate-scaled,48000,1,3,0,0,64,1.5772,8.95627,0.0374123,0.00670058
rate-scaled,48000,1,3,0,0,128,1.57109,2.96719,0.0374123,0.00670058
rate-scaled,48000,1,3,0,0,256,1.51885,2.40077,0.0374123,0.00670058
rate-scaled,48000,1,3,0,1,32,1.7104,3.7563,0.0213803,0.00392581
rate-scaled,48000,1,3,0,1,64,1.75669,3.9594,0.0213803,0.00392581
rate-scaled,48000,1,3,0,1,128,1.70952,2.42497,0.0213803,0.00392581
rate-scaled,48000,1,3,0,1,256,1.71797,2.02734,0.0213803,0.00392581
rate-scaled,48000,1,3,20,0,32,2.04468,9.34365,0.010676,0.0022047
rate-scaled,48000,1,3,20,0,64,2.04189,3.64372,0.010676,0.0022047
rate-scaled,48000,1,3,20,0,128,1.9811,2.48749,0.010676,0.0022047
rate-scaled,48000,1,3,20,0,256,1.99009,8.04219,0.010676,0.0022047
rate-scaled,48000,1,3,20,1,32,2.32344,5.98125,0.00649594,0.00129392
rate-scaled,48000,1,3,20,1,64,2.3083,15.6219,0.00649594,0.00129392
rate-scaled,48000,1,3,20,1,128,2.26416,8.10469,0.00649594,0.00129392
rate-scaled,48000,1,3,20,1,256,2.21943,2.73281,0.00649594,0.00129392
rate-scaled,48000,1,3,24,0,32,2.00093,13.6938,0.00731133,0.00156685
rate-scaled,48000,1,3,24,0,64,2.03081,3.4062,0.00731133,0.00156685
rate-scaled,48000,1,3,24,0,128,2.0979,8.86091,0.00731133,0.00156685
rate-scaled,48000,1,3,24,0,256,2.00352,2.28673,0.00731133,0.00156685
rate-scaled,48000,1,3,24,1,32,2.24414,21.4437,0.00432867,0.000921225
rate-scaled,48000,1,3,24,1,64,2.22642,5.16562,0.00432867,0.000921225
rate-scaled,48000,1,3,24,1,128,2.27578,3.16875,0.00432867,0.000921225
rate-scaled,48000,1,3,24,1,256,2.2147,5.56093,0.00432867,0.000921225
rate-scaled,48000,8,3,0,0,32,11.3466,43.6814,0.0842065,0.0228703
rate-scaled,48000,8,3,0,0,64,11.4601,41.1781,0.0842065,0.0228703
rate-scaled,48000,8,3,0,0,128,11.1746,25.5937,0.0842065,0.0228703
rate-scaled,48000,8,3,0,0,256,11.2827,21.3383,0.0842065,0.0228703
rate-scaled,48000,8,3,0,1,32,11.4288,62.5374,0.0484409,0.0136519
rate-scaled,48000,8,3,0,1,64,11.4614,45.0469,0.0484409,0.0136519
rate-scaled,48000,8,3,0,1,128,11.4653,24.5078,0.0484409,0.0136519
rate-scaled,48000,8,3,0,1,256,11.3748,18.182,0.0484409,0.0136519
rate-scaled,48000,8,3,20,0,32,15.3391,62.8999,0.0295191,0.00672232
rate-scaled,48000,8,3,20,0,64,15.3112,37.9406,0.0295191,0.00672232
rate-scaled,48000,8,3,20,0,128,15.3545,30.0922,0.0295191,0.00672232
rate-scaled,48000,8,3,20,0,256,15.2516,22.2367,0.0295191,0.00672232
rate-scaled,48000,8,3,20,1,32,15.7643,62.7689,0.0176427,0.0040491
rate-scaled,48000,8,3,20,1,64,15.685,60.7157,0.0176427,0.0040491
rate-scaled,48000,8,3,20,1,128,15.5998,26.6531,0.0176427,0.0040491
rate-scaled,48000,8,3,20,1,256,15.7175,21.7422,0.0176427,0.0040491
rate-scaled,48000,8,3,24,0,32,15.4033,65.1251,0.0192743,0.00471487
rate-scaled,48000,8,3,24,0,64,15.3753,43.7782,0.0192743,0.00471487
rate-scaled,48000,8,3,24,0,128,15.3098,28.6765,0.0192743,0.00471487
rate-scaled,48000,8,3,24,0,256,15.3889,23.8156,0.0192743,0.00471487
rate-scaled,48000,8,3,24,1,32,15.704,62.9937,0.0116918,0.00284274
rate-scaled,48000,8,3,24,1,64,16.1771,54.6562,0.0116918,0.00284274
rate-scaled,48000,8,3,24,1,128,15.6947,30.7344,0.0116918,0.00284274
rate-scaled,48000,8,3,24,1,256,15.5074,21.2133,0.0116918,0.00284274
rate-scaled,48000,16,3,0,0,32,24.7324,112.587,0.15188,0.0397297
rate-scaled,48000,16,3,0,0,64,24.7689,51.2281,0.15188,0.0397297
rate-scaled,48000,16,3,0,0,128,25.0006,40.45,0.15188,0.0397297
rate-scaled,48000,16,3,0,0,256,25.0436,36.3359,0.15188,0.0397297
rate-scaled,48000,16,3,0,1,32,25.3547,92.9688,0.0909535,0.0237261
rate-scaled,48000,16,3,0,1,64,25.4792,54.9532,0.0909535,0.0237261
rate-scaled,48000,16,3,0,1,128,26.1795,67.2938,0.0909535,0.0237261
rate-scaled,48000,16,3,0,1,256,25.1505,36.8844,0.0909535,0.0237261
rate-scaled,48000,16,3,20,0,32,32.1573,92.0688,0.0346372,0.0103219
rate-scaled,48000,16,3,20,0,64,32.6376,66.9218,0.0346372,0.0103219
rate-scaled,48000,16,3,20,0,128,32.282,56.2406,0.0346372,0.0103219
rate-scaled,48000,16,3,20,0,256,32.3537,44.0492,0.0346372,0.0103219
rate-scaled,48000,16,3,20,1,32,33.1382,120.863,0.0207175,0.00611994
rate-scaled,48000,16,3,20,1,64,32.3219,64.7625,0.0207175,0.00611994
rate-scaled,48000,16,3,20,1,128,32.4816,57.5906,0.0207175,0.00611994
rate-scaled,48000,16,3,20,1,256,32.6564,54.0359,0.0207175,0.00611994
rate-scaled,48000,16,3,24,0,32,32.0024,95.1999,0.028379,0.00729721
rate-scaled,48000,16,3,24,0,64,32.9111,89.3719,0.028379,0.00729721
rate-scaled,48000,16,3,24,0,128,32.1846,45.2078,0.028379,0.00729721
rate-scaled,48000,16,3,24,0,256,32.4572,51.1602,0.028379,0.00729721
rate-scaled,48000,16,3,24,1,32,32.6417,93.3563,0.0166794,0.00430334
rate-scaled,48000,16,3,24,1,64,32.4925,64.8062,0.0166794,0.00430334
rate-scaled,48000,16,3,24,1,128,32.7017,47.9797,0.0166794,0.00430334
rate-scaled,48000,16,3,24,1,256,32.2079,48.6508,0.0166794,0.00430334
rate-scaled,96000,1,3,0,0,32,2.98174,5.775,0.0309053,0.00770749
rate-scaled,96000,1,3,0,0,64,3.20019,15.2688,0.0309053,0.00770749
rate-scaled,96000,1,3,0,0,128,2.98848,5.33122,0.0309053,0.00770749
rate-scaled,96000,1,3,0,0,256,3.04131,10.5141,0.0309053,0.00770749
rate-scaled,96000,1,3,0,1,32,3.36211,13.6251,0.0229452,0.00507332
rate-scaled,96000,1,3,0,1,64,3.50137,18.9687,0.0229452,0.00507332
rate-scaled,96000,1,3,0,1,128,3.45967,16.7938,0.0229452,0.00507332
rate-scaled,96000,1,3,0,1,256,3.41328,6.19999,0.0229452,0.00507332
rate-scaled,96000,1,3,20,0,32,3.95459,34.8501,0.0111207,0.00261806
rate-scaled,96000,1,3,20,0,64,3.96348,7.7001,0.0111207,0.00261806
rate-scaled,96000,1,3,20,0,128,3.94297,4.82497,0.0111207,0.00261806
rate-scaled,96000,1,3,20,0,256,3.98828,5.74376,0.0111207,0.00261806
rate-scaled,96000,1,3,20,1,32,4.41855,12.8127,0.00700196,0.00172694
rate-scaled,96000,1,3,20,1,64,4.5624,11.6937,0.00700196,0.00172694
rate-scaled,96000,1,3,20,1,128,4.42051,17.925,0.00700196,0.00172694
rate-scaled,96000,1,3,20,1,256,4.44434,6.4797,0.00700196,0.00172694
rate-scaled,96000,1,3,24,0,32,4.12529,40.1625,0.00752089,0.00184253
rate-scaled,96000,1,3,24,0,64,4.07002,8.3313,0.00752089,0.00184253
rate-scaled,96000,1,3,24,0,128,3.99727,6.94688,0.00752089,0.00184253
rate-scaled,96000,1,3,24,0,256,3.98281,5.31877,0.00752089,0.00184253
rate-scaled,96000,1,3,24,1,32,4.42793,8.3124,0.00509473,0.00122123
rate-scaled,96000,1,3,24,1,64,4.40351,8.41245,0.00509473,0.00122123
rate-scaled,96000,1,3,24,1,128,4.46904,20.2156,0.00509473,0.00122123
rate-scaled,96000,1,3,24,1,256,4.43447,5.61405,0.00509473,0.00122123
rate-scaled,96000,8,3,0,0,32,22.7647,121.65,0.0792189,0.0238185
rate-scaled,96000,8,3,0,0,64,22.2156,73.0063,0.0792189,0.0238185
rate-scaled,96000,8,3,0,0,128,22.5848,48.9968,0.0792189,0.0238185
rate-scaled,96000,8,3,0,0,256,23.0258,35.4828,0.0792189,0.0238185
rate-scaled,96000,8,3,0,1,32,23.0762,93.5373,0.0481129,0.0150785
rate-scaled,96000,8,3,0,1,64,23.1577,94.2249,0.0481129,0.0150785
rate-scaled,96000,8,3,0,1,128,22.787,46.2625,0.0481129,0.0150785
rate-scaled,96000,8,3,0,1,256,22.8855,37.1188,0.0481129,0.0150785
rate-scaled,96000,8,3,20,0,32,30.9636,154.562,0.030163,0.00801484
rate-scaled,96000,8,3,20,0,64,30.6488,81.0062,0.030163,0.00801484
rate-scaled,96000,8,3,20,0,128,31.5314,66.075,0.030163,0.00801484
rate-scaled,96000,8,3,20,0,256,30.5337,44.6547,0.030163,0.00801484
rate-scaled,96000,8,3,20,1,32,31.0664,133.938,0.0189702,0.00513896
rate-scaled,96000,8,3,20,1,64,31.1135,82.3439,0.0189702,0.00513896
rate-scaled,96000,8,3,20,1,128,31.0261,55.9625,0.0189702,0.00513896
rate-scaled,96000,8,3,20,1,256,30.9159,46.2812,0.0189702,0.00513896
rate-scaled,96000,8,3,24,0,32,31.6603,124.375,0.021372,0.00557676
rate-scaled,96000,8,3,24,0,64,30.8241,120.331,0.021372,0.00557676
rate-scaled,96000,8,3,24,0,128,30.78,52.5812,0.021372,0.00557676
rate-scaled,96000,8,3,24,0,256,31.1671,49.7641,0.021372,0.00557676
rate-scaled,96000,8,3,24,1,32,31.4828,84.3,0.0135817,0.00359001
rate-scaled,96000,8,3,24,1,64,31.2822,77.025,0.0135817,0.00359001
rate-scaled,96000,8,3,24,1,128,31.1539,54.9594,0.0135817,0.00359001
rate-scaled,96000,8,3,24,1,256,31.1297,55.8625,0.0135817,0.00359001
rate-scaled,96000,16,3,0,0,32,49.7188,172.3,0.145438,0.0419825
rate-scaled,96000,16,3,0,0,64,48.9912,98.2249,0.145438,0.0419825
rate-scaled,96000,16,3,0,0,128,50.2396,95.2344,0.145438,0.0419825
rate-scaled,96000,16,3,0,0,256,49.2154,62.2828,0.145438,0.0419825
rate-scaled,96000,16,3,0,1,32,51.4116,185.313,0.0943882,0.0264231
rate-scaled,96000,16,3,0,1,64,50.4498,115.806,0.0943882,0.0264231
rate-scaled,96000,16,3,0,1,128,49.9421,81.4594,0.0943882,0.0264231
rate-scaled,96000,16,3,0,1,256,49.7814,64.4141,0.0943882,0.0264231
rate-scaled,96000,16,3,20,0,32,64.3055,186.575,0.0455431,0.0127278
rate-scaled,96000,16,3,20,0,64,64.6883,137.025,0.0455431,0.0127278
rate-scaled,96000,16,3,20,0,128,64.5072,101.722,0.0455431,0.0127278
rate-scaled,96000,16,3,20,0,256,64.057,84.1766,0.0455431,0.0127278
rate-scaled,96000,16,3,20,1,32,65.8081,343.725,0.028087,0.00812181
rate-scaled,96000,16,3,20,1,64,64.9644,315.613,0.028087,0.00812181
rate-scaled,96000,16,3,20,1,128,64.3125,129.081,0.028087,0.00812181
rate-scaled,96000,16,3,20,1,256,64.7195,81.0828,0.028087,0.00812181
rate-scaled,96000,16,3,24,0,32,64.6693,179.887,0.0319438,0.00865607
rate-scaled,96000,16,3,24,0,64,64.4937,118.225,0.0319438,0.00865607
rate-scaled,96000,16,3,24,0,128,65.388,149.575,0.0319438,0.00865607
rate-scaled,96000,16,3,24,0,256,64.8335,82.9765,0.0319438,0.00865607
rate-scaled,96000,16,3,24,1,32,67.0926,301.688,0.0198695,0.00553221
rate-scaled,96000,16,3,24,1,64,64.5305,124.631,0.0198695,0.00553221
rate-scaled,96000,16,3,24,1,128,65.3979,124.191,0.0198695,0.00553221
rate-scaled,96000,16,3,24,1,256,64.3218,81.4969,0.0198695,0.00553221
rate-scaled,192000,1,3,0,0,32,4.61993,12.75,0.0320873,0.00862934
rate-scaled,192000,1,3,0,0,64,4.89394,42.1374,0.0320873,0.00862934
rate-scaled,192000,1,3,0,0,128,4.56133,6,0.0320873,0.00862934
rate-scaled,192000,1,3,0,0,256,4.83027,21.2406,0.0320873,0.00862934
rate-scaled,192000,1,3,0,1,32,5.33691,35.4498,0.023605,0.00624436
rate-scaled,192000,1,3,0,1,64,5.48398,22.1751,0.023605,0.00624436
rate-scaled,192000,1,3,0,1,128,5.3541,10.3813,0.023605,0.00624436
rate-scaled,192000,1,3,0,1,256,5.3043,25.4375,0.023605,0.00624436
rate-scaled,192000,1,3,20,0,32,5.70957,16.4754,0.0106572,0.00263881
rate-scaled,192000,1,3,20,0,64,5.82949,48.6,0.0106572,0.00263881
rate-scaled,192000,1,3,20,0,128,5.65117,9.31245,0.0106572,0.00263881
rate-scaled,192000,1,3,20,0,256,5.81465,23.925,0.0106572,0.00263881
rate-scaled,192000,1,3,20,1,32,6.35547,13.5,0.00795909,0.00190363
rate-scaled,192000,1,3,20,1,64,6.46445,49.3626,0.00795909,0.00190363
rate-scaled,192000,1,3,20,1,128,6.36133,36.975,0.00795909,0.00190363
rate-scaled,192000,1,3,20,1,256,6.39453,8.08125,0.00795909,0.00190363
rate-scaled,192000,1,3,24,0,32,5.8586,51.8496,0.00754252,0.00184969
rate-scaled,192000,1,3,24,0,64,5.68125,12.2001,0.00754252,0.00184969
rate-scaled,192000,1,3,24,0,128,6.07969,54.8749,0.00754252,0.00184969
rate-scaled,192000,1,3,24,0,256,5.69902,6.53753,0.00754252,0.00184969
rate-scaled,192000,1,3,24,1,32,6.55644,76.5246,0.00518529,0.00133686
rate-scaled,192000,1,3,24,1,64,6.45293,14.3625,0.00518529,0.00133686
rate-scaled,192000,1,3,24,1,128,6.51914,31.4124,0.00518529,0.00133686
rate-scaled,192000,1,3,24,1,256,6.53125,21.4125,0.00518529,0.00133686
rate-scaled,192000,8,3,0,0,32,30.9779,65.0496,0.0676363,0.0228782
rate-scaled,192000,8,3,0,0,64,32.3928,87.6252,0.0676363,0.0228782
rate-scaled,192000,8,3,0,0,128,33.5426,76.9625,0.0676363,0.0228782
rate-scaled,192000,8,3,0,0,256,32.7141,54.6625,0.0676363,0.0228782
rate-scaled,192000,8,3,0,1,32,31.7748,48.4254,0.0536514,0.0167817
rate-scaled,192000,8,3,0,1,64,34.242,156.188,0.0536514,0.0167817
rate-scaled,192000,8,3,0,1,128,34.8848,110.425,0.0536514,0.0167817
rate-scaled,192000,8,3,0,1,256,34.1221,56.1,0.0536514,0.0167817
rate-scaled,192000,8,3,20,0,32,42.0092,200.675,0.0252557,0.00799405
rate-scaled,192000,8,3,20,0,64,41.6068,128.825,0.0252557,0.00799405
rate-scaled,192000,8,3,20,0,128,42.4135,81.6813,0.0252557,0.00799405
rate-scaled,192000,8,3,20,0,256,42.4908,66.2219,0.0252557,0.00799405
rate-scaled,192000,8,3,20,1,32,47.1416,264.725,0.0194819,0.00592454
rate-scaled,192000,8,3,20,1,64,42.9717,151.625,0.0194819,0.00592454
rate-scaled,192000,8,3,20,1,128,43.1445,88.025,0.0194819,0.00592454
rate-scaled,192000,8,3,20,1,256,42.9207,70.0188,0.0194819,0.00592454
rate-scaled,192000,8,3,24,0,32,41.5309,173.975,0.0181569,0.00551817
rate-scaled,192000,8,3,24,0,64,42.3949,121.575,0.0181569,0.00551817
rate-scaled,192000,8,3,24,0,128,41.3953,92.5125,0.0181569,0.00551817
rate-scaled,192000,8,3,24,0,256,42.0777,62.1,0.0181569,0.00551817
rate-scaled,192000,8,3,24,1,32,42.024,236.725,0.0139089,0.00408199
rate-scaled,192000,8,3,24,1,64,43.1818,101.05,0.0139089,0.00408199
rate-scaled,192000,8,3,24,1,128,42.5852,95.975,0.0139089,0.00408199
rate-scaled,192000,8,3,24,1,256,42.841,67.1501,0.0139089,0.00408199
rate-scaled,192000,16,3,0,0,32,64.8887,258.425,0.140627,0.0413024
rate-scaled,192000,16,3,0,0,64,65.5527,187.387,0.140627,0.0413024
rate-scaled,192000,16,3,0,0,128,64.4361,109.7,0.140627,0.0413024
rate-scaled,192000,16,3,0,0,256,65.0037,134.078,0.140627,0.0413024
rate-scaled,192000,16,3,0,1,32,66.8281,258.85,0.108234,0.0299684
rate-scaled,192000,16,3,0,1,64,66.5576,170.988,0.108234,0.0299684
rate-scaled,192000,16,3,0,1,128,65.3186,110.737,0.108234,0.0299684
rate-scaled,192000,16,3,0,1,256,65.7199,90.525,0.108234,0.0299684
rate-scaled,192000,16,3,20,0,32,85.8631,309.825,0.0486464,0.0137173
rate-scaled,192000,16,3,20,0,64,83.3609,171.137,0.0486464,0.0137173
rate-scaled,192000,16,3,20,0,128,82.8012,160.263,0.0486464,0.0137173
rate-scaled,192000,16,3,20,0,256,83.8912,112.688,0.0486464,0.0137173
rate-scaled,192000,16,3,20,1,32,85.6898,274.25,0.0390038,0.0100389
rate-scaled,192000,16,3,20,1,64,85.8213,184.813,0.0390038,0.0100389
rate-scaled,192000,16,3,20,1,128,85.8197,146.862,0.0390038,0.0100389
rate-scaled,192000,16,3,20,1,256,85.4301,112.116,0.0390038,0.0100389
rate-scaled,192000,16,3,24,0,32,85.1336,344.275,0.0363112,0.00941847
rate-scaled,192000,16,3,24,0,64,86.7576,222.388,0.0363112,0.00941847
rate-scaled,192000,16,3,24,0,128,85.6213,175.013,0.0363112,0.00941847
rate-scaled,192000,16,3,24,0,256,85.4322,126.613,0.0363112,0.00941847
rate-scaled,192000,16,3,24,1,32,85.7652,263,0.0291136,0.00691611
rate-scaled,192000,16,3,24,1,64,86.7576,270.763,0.0291136,0.00691611
rate-scaled,192000,16,3,24,1,128,85.9363,146.694,0.0291136,0.00691611
rate-scaled,192000,16,3,24,1,256,85.9727,111.309,0.0291136,0.00691611
