factor,rate,voices,drive_db,pair,full_seconds,fir_only_seconds
2,48000,16,20,0,0.0219102,0.0108182
2,48000,16,20,1,0.0204422,0.010858
2,48000,16,20,2,0.0210721,0.01064
2,48000,16,20,3,0.020815,0.010717
2,48000,16,20,4,0.0205203,0.0106521
2,48000,16,20,5,0.0202497,0.0107823
2,48000,16,24,0,0.020834,0.0108147
2,48000,16,24,1,0.0204397,0.0110172
2,48000,16,24,2,0.0205708,0.0108172
2,48000,16,24,3,0.0206027,0.0109925
2,48000,16,24,4,0.020764,0.0107995
2,48000,16,24,5,0.0205944,0.0109699
2,96000,16,20,0,0.0205214,0.0107502
2,96000,16,20,1,0.0205726,0.0108679
2,96000,16,20,2,0.0204044,0.0106548
2,96000,16,20,3,0.0202738,0.0109251
2,96000,16,20,4,0.0202737,0.0106419
2,96000,16,20,5,0.0202142,0.0107878
2,96000,16,24,0,0.0203473,0.0106225
2,96000,16,24,1,0.0219423,0.0108862
2,96000,16,24,2,0.0213474,0.0113234
2,96000,16,24,3,0.0207513,0.011231
2,96000,16,24,4,0.020416,0.0106755
2,96000,16,24,5,0.0207816,0.0108217
2,192000,16,20,0,0.0204767,0.0108722
2,192000,16,20,1,0.0206854,0.010857
2,192000,16,20,2,0.0204668,0.0108185
2,192000,16,20,3,0.020575,0.0107388
2,192000,16,20,4,0.0205667,0.0107864
2,192000,16,20,5,0.0203476,0.0107864
2,192000,16,24,0,0.0205432,0.0106845
2,192000,16,24,1,0.0203699,0.0106961
2,192000,16,24,2,0.020421,0.0106884
2,192000,16,24,3,0.0211306,0.0107253
2,192000,16,24,4,0.020372,0.0106849
2,192000,16,24,5,0.0203814,0.0107204
4,48000,16,20,0,0.0488974,0.0271831
4,48000,16,20,1,0.0505121,0.0273322
4,48000,16,20,2,0.0520664,0.0278063
4,48000,16,20,3,0.0487978,0.0274703
4,48000,16,20,4,0.0484402,0.0270525
4,48000,16,20,5,0.0482982,0.0272361
4,48000,16,24,0,0.0486686,0.0270635
4,48000,16,24,1,0.0515286,0.0285579
4,48000,16,24,2,0.0533059,0.0285966
4,48000,16,24,3,0.0490374,0.027813
4,48000,16,24,4,0.0489443,0.0270742
4,48000,16,24,5,0.0485967,0.027043
4,96000,16,20,0,0.048668,0.0271098
4,96000,16,20,1,0.0492631,0.027333
4,96000,16,20,2,0.0488544,0.027312
4,96000,16,20,3,0.0505681,0.0284698
4,96000,16,20,4,0.0483761,0.0270656
4,96000,16,20,5,0.0480646,0.0270414
4,96000,16,24,0,0.0484323,0.0270489
4,96000,16,24,1,0.0492812,0.0271911
4,96000,16,24,2,0.0493353,0.027422
4,96000,16,24,3,0.0491086,0.027319
4,96000,16,24,4,0.0485439,0.027044
4,96000,16,24,5,0.0495647,0.0270191
4,192000,16,20,0,0.0485758,0.0276516
4,192000,16,20,1,0.0486119,0.0273854
4,192000,16,20,2,0.0486398,0.0279393
4,192000,16,20,3,0.048815,0.0273967
4,192000,16,20,4,0.0485215,0.0272371
4,192000,16,20,5,0.0487496,0.0273601
4,192000,16,24,0,0.0491743,0.0271529
4,192000,16,24,1,0.0492225,0.0273924
4,192000,16,24,2,0.0490401,0.0276062
4,192000,16,24,3,0.0492323,0.0274485
4,192000,16,24,4,0.0488546,0.0273761
4,192000,16,24,5,0.0488139,0.0271632
