engine,stage,rate,voices,filter_mode,drive_db,frames,repeat,seconds,realtime_percent,energy
rate-lookup,oscillators,48000,16,0,20,16384,0,0.0602713,17.6576,55379.8
rate-lookup,oscillators,48000,16,0,20,16384,1,0.060461,17.7132,55379.8
rate-lookup,oscillators,48000,16,0,20,16384,2,0.0607944,17.8109,55379.8
rate-lookup,modulation,48000,16,0,20,16384,0,0.0047018,1.37748,2.37862e+07
rate-lookup,modulation,48000,16,0,20,16384,1,0.0046908,1.37426,2.37862e+07
rate-lookup,modulation,48000,16,0,20,16384,2,0.0046994,1.37678,2.37862e+07
rate-lookup,fx,48000,16,0,20,16384,0,0.0027408,0.802969,653.676
rate-lookup,fx,48000,16,0,20,16384,1,0.0028054,0.821895,653.676
rate-lookup,fx,48000,16,0,20,16384,2,0.0027252,0.798398,653.676
rate-lookup,drive,48000,16,0,20,16384,0,0.0782607,22.9279,4381.37
rate-lookup,drive,48000,16,0,20,16384,1,0.0777785,22.7867,4381.37
rate-lookup,drive,48000,16,0,20,16384,2,0.0776517,22.7495,4381.37
rate-lookup,filter,48000,16,0,20,16384,0,0.0096966,2.8408,50717.2
rate-lookup,filter,48000,16,0,20,16384,1,0.0097016,2.84227,50717.2
rate-lookup,filter,48000,16,0,20,16384,2,0.0096917,2.83937,50717.2
rate-lookup,adapter,48000,16,0,20,16384,0,0.0918537,26.9103,6114.95
rate-lookup,adapter,48000,16,0,20,16384,1,0.0929714,27.2377,6114.95
rate-lookup,adapter,48000,16,0,20,16384,2,0.091948,26.9379,6114.95
rate-lookup,engine-no-fx,48000,16,0,20,16384,0,0.183111,53.6458,134.639
rate-lookup,engine-no-fx,48000,16,0,20,16384,1,0.186243,54.5634,134.639
rate-lookup,engine-no-fx,48000,16,0,20,16384,2,0.185851,54.4486,134.639
rate-lookup,engine-fx,48000,16,0,20,16384,0,0.186274,54.5725,52.1148
rate-lookup,engine-fx,48000,16,0,20,16384,1,0.186249,54.5652,52.1148
rate-lookup,engine-fx,48000,16,0,20,16384,2,0.18579,54.4306,52.1148
rate-lookup,production-no-fx,48000,16,0,20,16384,0,0.116139,34.0251,5003.12
rate-lookup,production-no-fx,48000,16,0,20,16384,1,0.114663,33.5928,5003.12
rate-lookup,production-no-fx,48000,16,0,20,16384,2,0.114609,33.5769,5003.12
rate-lookup,production-fx,48000,16,0,20,16384,0,0.117091,34.304,3516.81
rate-lookup,production-fx,48000,16,0,20,16384,1,0.117037,34.2883,3516.81
rate-lookup,production-fx,48000,16,0,20,16384,2,0.117097,34.3059,3516.81
rate-lookup,oscillators,48000,16,1,20,16384,0,0.0601962,17.6356,55379.8
rate-lookup,oscillators,48000,16,1,20,16384,1,0.0606065,17.7558,55379.8
rate-lookup,oscillators,48000,16,1,20,16384,2,0.0604296,17.704,55379.8
rate-lookup,modulation,48000,16,1,20,16384,0,0.0046909,1.37429,2.37862e+07
rate-lookup,modulation,48000,16,1,20,16384,1,0.0046827,1.37188,2.37862e+07
rate-lookup,modulation,48000,16,1,20,16384,2,0.0046777,1.37042,2.37862e+07
rate-lookup,fx,48000,16,1,20,16384,0,0.0027445,0.804053,653.676
rate-lookup,fx,48000,16,1,20,16384,1,0.0027441,0.803936,653.676
rate-lookup,fx,48000,16,1,20,16384,2,0.0027336,0.800859,653.676
rate-lookup,drive,48000,16,1,20,16384,0,0.0791745,23.1957,4381.37
rate-lookup,drive,48000,16,1,20,16384,1,0.0776805,22.758,4381.37
rate-lookup,drive,48000,16,1,20,16384,2,0.0793766,23.2549,4381.37
rate-lookup,filter,48000,16,1,20,16384,0,0.0094554,2.77014,58072
rate-lookup,filter,48000,16,1,20,16384,1,0.0094895,2.78013,58072
rate-lookup,filter,48000,16,1,20,16384,2,0.0094766,2.77635,58072
rate-lookup,adapter,48000,16,1,20,16384,0,0.0917605,26.883,7227.81
rate-lookup,adapter,48000,16,1,20,16384,1,0.0917281,26.8735,7227.81
rate-lookup,adapter,48000,16,1,20,16384,2,0.0934539,27.3791,7227.81
rate-lookup,engine-no-fx,48000,16,1,20,16384,0,0.184694,54.1095,148.123
rate-lookup,engine-no-fx,48000,16,1,20,16384,1,0.185129,54.2369,148.123
rate-lookup,engine-no-fx,48000,16,1,20,16384,2,0.18379,53.8446,148.123
rate-lookup,engine-fx,48000,16,1,20,16384,0,0.185462,54.3345,56.9815
rate-lookup,engine-fx,48000,16,1,20,16384,1,0.187754,55.0062,56.9815
rate-lookup,engine-fx,48000,16,1,20,16384,2,0.18592,54.4688,56.9815
rate-lookup,production-no-fx,48000,16,1,20,16384,0,0.116012,33.9878,5143.37
rate-lookup,production-no-fx,48000,16,1,20,16384,1,0.114595,33.5728,5143.37
rate-lookup,production-no-fx,48000,16,1,20,16384,2,0.114623,33.581,5143.37
rate-lookup,production-fx,48000,16,1,20,16384,0,0.118615,34.7506,3475.87
rate-lookup,production-fx,48000,16,1,20,16384,1,0.116884,34.2433,3475.87
rate-lookup,production-fx,48000,16,1,20,16384,2,0.118269,34.6491,3475.87
rate-lookup,oscillators,48000,16,2,20,16384,0,0.0619417,18.147,55379.8
rate-lookup,oscillators,48000,16,2,20,16384,1,0.0604234,17.7022,55379.8
rate-lookup,oscillators,48000,16,2,20,16384,2,0.0603042,17.6672,55379.8
rate-lookup,modulation,48000,16,2,20,16384,0,0.0046975,1.37622,2.37862e+07
rate-lookup,modulation,48000,16,2,20,16384,1,0.0047432,1.38961,2.37862e+07
rate-lookup,modulation,48000,16,2,20,16384,2,0.0046766,1.3701,2.37862e+07
rate-lookup,fx,48000,16,2,20,16384,0,0.0027438,0.803848,653.676
rate-lookup,fx,48000,16,2,20,16384,1,0.0027315,0.800244,653.676
rate-lookup,fx,48000,16,2,20,16384,2,0.0027449,0.80417,653.676
rate-lookup,drive,48000,16,2,20,16384,0,0.0778212,22.7992,4381.37
rate-lookup,drive,48000,16,2,20,16384,1,0.0778836,22.8175,4381.37
rate-lookup,drive,48000,16,2,20,16384,2,0.078115,22.8853,4381.37
rate-lookup,filter,48000,16,2,20,16384,0,0.0096131,2.81634,606.996
rate-lookup,filter,48000,16,2,20,16384,1,0.0095707,2.80392,606.996
rate-lookup,filter,48000,16,2,20,16384,2,0.0095621,2.8014,606.996
rate-lookup,adapter,48000,16,2,20,16384,0,0.0933882,27.3598,1406.79
rate-lookup,adapter,48000,16,2,20,16384,1,0.0918509,26.9094,1406.79
rate-lookup,adapter,48000,16,2,20,16384,2,0.092071,26.9739,1406.79
rate-lookup,engine-no-fx,48000,16,2,20,16384,0,0.183379,53.7244,24.1687
rate-lookup,engine-no-fx,48000,16,2,20,16384,1,0.183052,53.6285,24.1687
rate-lookup,engine-no-fx,48000,16,2,20,16384,2,0.183945,53.8901,24.1687
rate-lookup,engine-fx,48000,16,2,20,16384,0,0.187429,54.9108,8.46015
rate-lookup,engine-fx,48000,16,2,20,16384,1,0.187457,54.919,8.46015
rate-lookup,engine-fx,48000,16,2,20,16384,2,0.185969,54.4831,8.46015
rate-lookup,production-no-fx,48000,16,2,20,16384,0,0.114829,33.6413,828.214
rate-lookup,production-no-fx,48000,16,2,20,16384,1,0.114514,33.5491,828.214
rate-lookup,production-no-fx,48000,16,2,20,16384,2,0.114649,33.5884,828.214
rate-lookup,production-fx,48000,16,2,20,16384,0,0.1171,34.3066,300.097
rate-lookup,production-fx,48000,16,2,20,16384,1,0.116872,34.2399,300.097
rate-lookup,production-fx,48000,16,2,20,16384,2,0.118945,34.8473,300.097
rate-lookup,oscillators,48000,16,3,20,16384,0,0.0621434,18.2061,55379.8
rate-lookup,oscillators,48000,16,3,20,16384,1,0.0603406,17.6779,55379.8
rate-lookup,oscillators,48000,16,3,20,16384,2,0.0610455,17.8844,55379.8
rate-lookup,modulation,48000,16,3,20,16384,0,0.0046946,1.37537,2.37862e+07
rate-lookup,modulation,48000,16,3,20,16384,1,0.004693,1.3749,2.37862e+07
rate-lookup,modulation,48000,16,3,20,16384,2,0.0046866,1.37303,2.37862e+07
rate-lookup,fx,48000,16,3,20,16384,0,0.0027495,0.805518,653.676
rate-lookup,fx,48000,16,3,20,16384,1,0.0027595,0.808447,653.676
rate-lookup,fx,48000,16,3,20,16384,2,0.0027284,0.799336,653.676
rate-lookup,drive,48000,16,3,20,16384,0,0.077688,22.7602,4381.37
rate-lookup,drive,48000,16,3,20,16384,1,0.0778462,22.8065,4381.37
rate-lookup,drive,48000,16,3,20,16384,2,0.0776847,22.7592,4381.37
rate-lookup,filter,48000,16,3,20,16384,0,0.0095495,2.79771,714.62
rate-lookup,filter,48000,16,3,20,16384,1,0.0095698,2.80365,714.62
rate-lookup,filter,48000,16,3,20,16384,2,0.0095858,2.80834,714.62
rate-lookup,adapter,48000,16,3,20,16384,0,0.0920103,26.9561,238.955
rate-lookup,adapter,48000,16,3,20,16384,1,0.0937762,27.4735,238.955
rate-lookup,adapter,48000,16,3,20,16384,2,0.0922187,27.0172,238.955
rate-lookup,engine-no-fx,48000,16,3,20,16384,0,0.185647,54.3889,3.1899
rate-lookup,engine-no-fx,48000,16,3,20,16384,1,0.184683,54.1063,3.1899
rate-lookup,engine-no-fx,48000,16,3,20,16384,2,0.185237,54.2686,3.1899
rate-lookup,engine-fx,48000,16,3,20,16384,0,0.187691,54.9875,1.12665
rate-lookup,engine-fx,48000,16,3,20,16384,1,0.186136,54.5319,1.12665
rate-lookup,engine-fx,48000,16,3,20,16384,2,0.191297,56.0439,1.12665
rate-lookup,production-no-fx,48000,16,3,20,16384,0,0.114521,33.551,799.495
rate-lookup,production-no-fx,48000,16,3,20,16384,1,0.115253,33.7655,799.495
rate-lookup,production-no-fx,48000,16,3,20,16384,2,0.115657,33.8839,799.495
rate-lookup,production-fx,48000,16,3,20,16384,0,0.117474,34.4163,283.433
rate-lookup,production-fx,48000,16,3,20,16384,1,0.118468,34.7075,283.433
rate-lookup,production-fx,48000,16,3,20,16384,2,0.117203,34.3369,283.433
rate-lookup,oscillators,96000,16,0,20,16384,0,0.0572043,33.5181,63617.3
rate-lookup,oscillators,96000,16,0,20,16384,1,0.057293,33.5701,63617.3
rate-lookup,oscillators,96000,16,0,20,16384,2,0.0572753,33.5597,63617.3
rate-lookup,modulation,96000,16,0,20,16384,0,0.0046792,2.74172,2.37833e+07
rate-lookup,modulation,96000,16,0,20,16384,1,0.0046873,2.74646,2.37833e+07
rate-lookup,modulation,96000,16,0,20,16384,2,0.0052536,3.07828,2.37833e+07
rate-lookup,fx,96000,16,0,20,16384,0,0.002685,1.57324,698.542
rate-lookup,fx,96000,16,0,20,16384,1,0.0026713,1.56521,698.542
rate-lookup,fx,96000,16,0,20,16384,2,0.0026688,1.56375,698.542
rate-lookup,drive,96000,16,0,20,16384,0,0.0792913,46.4597,4381.28
rate-lookup,drive,96000,16,0,20,16384,1,0.077974,45.6879,4381.28
rate-lookup,drive,96000,16,0,20,16384,2,0.0779014,45.6454,4381.28
rate-lookup,filter,96000,16,0,20,16384,0,0.0095952,5.62219,50873.1
rate-lookup,filter,96000,16,0,20,16384,1,0.0096285,5.6417,50873.1
rate-lookup,filter,96000,16,0,20,16384,2,0.0096432,5.65031,50873.1
rate-lookup,adapter,96000,16,0,20,16384,0,0.0926409,54.2818,6133.66
rate-lookup,adapter,96000,16,0,20,16384,1,0.0920157,53.9154,6133.66
rate-lookup,adapter,96000,16,0,20,16384,2,0.0920676,53.9459,6133.66
rate-lookup,engine-no-fx,96000,16,0,20,16384,0,0.182275,106.802,137.574
rate-lookup,engine-no-fx,96000,16,0,20,16384,1,0.18256,106.969,137.574
rate-lookup,engine-no-fx,96000,16,0,20,16384,2,0.182716,107.06,137.574
rate-lookup,engine-fx,96000,16,0,20,16384,0,0.183865,107.733,53.232
rate-lookup,engine-fx,96000,16,0,20,16384,1,0.184964,108.378,53.232
rate-lookup,engine-fx,96000,16,0,20,16384,2,0.184708,108.228,53.232
rate-lookup,production-no-fx,96000,16,0,20,16384,0,0.112732,66.0537,4583.04
rate-lookup,production-no-fx,96000,16,0,20,16384,1,0.112554,65.9498,4583.04
rate-lookup,production-no-fx,96000,16,0,20,16384,2,0.112655,66.009,4583.04
rate-lookup,production-fx,96000,16,0,20,16384,0,0.114871,67.3075,3459.74
rate-lookup,production-fx,96000,16,0,20,16384,1,0.113706,66.6244,3459.74
rate-lookup,production-fx,96000,16,0,20,16384,2,0.115017,67.3925,3459.74
rate-lookup,oscillators,96000,16,1,20,16384,0,0.0573183,33.5849,63617.3
rate-lookup,oscillators,96000,16,1,20,16384,1,0.0570061,33.402,63617.3
rate-lookup,oscillators,96000,16,1,20,16384,2,0.0572451,33.5421,63617.3
rate-lookup,modulation,96000,16,1,20,16384,0,0.0049976,2.92828,2.37833e+07
rate-lookup,modulation,96000,16,1,20,16384,1,0.0047049,2.75678,2.37833e+07
rate-lookup,modulation,96000,16,1,20,16384,2,0.0046795,2.74189,2.37833e+07
rate-lookup,fx,96000,16,1,20,16384,0,0.0026849,1.57318,698.542
rate-lookup,fx,96000,16,1,20,16384,1,0.0026741,1.56686,698.542
rate-lookup,fx,96000,16,1,20,16384,2,0.0026698,1.56434,698.542
rate-lookup,drive,96000,16,1,20,16384,0,0.0777745,45.571,4381.28
rate-lookup,drive,96000,16,1,20,16384,1,0.0777423,45.5521,4381.28
rate-lookup,drive,96000,16,1,20,16384,2,0.0779508,45.6743,4381.28
rate-lookup,filter,96000,16,1,20,16384,0,0.0094295,5.5251,58365
rate-lookup,filter,96000,16,1,20,16384,1,0.0094244,5.52211,58365
rate-lookup,filter,96000,16,1,20,16384,2,0.0094402,5.53137,58365
rate-lookup,adapter,96000,16,1,20,16384,0,0.092327,54.0979,7262.51
rate-lookup,adapter,96000,16,1,20,16384,1,0.0919124,53.8549,7262.51
rate-lookup,adapter,96000,16,1,20,16384,2,0.0922332,54.0429,7262.51
rate-lookup,engine-no-fx,96000,16,1,20,16384,0,0.18359,107.573,149.572
rate-lookup,engine-no-fx,96000,16,1,20,16384,1,0.183394,107.458,149.572
rate-lookup,engine-no-fx,96000,16,1,20,16384,2,0.180828,105.954,149.572
rate-lookup,engine-fx,96000,16,1,20,16384,0,0.183531,107.538,57.5756
rate-lookup,engine-fx,96000,16,1,20,16384,1,0.185608,108.754,57.5756
rate-lookup,engine-fx,96000,16,1,20,16384,2,0.185324,108.588,57.5756
rate-lookup,production-no-fx,96000,16,1,20,16384,0,0.112367,65.8399,4801.39
rate-lookup,production-no-fx,96000,16,1,20,16384,1,0.11281,66.0994,4801.39
rate-lookup,production-no-fx,96000,16,1,20,16384,2,0.112422,65.8724,4801.39
rate-lookup,production-fx,96000,16,1,20,16384,0,0.113906,66.7418,3523.73
rate-lookup,production-fx,96000,16,1,20,16384,1,0.114756,67.24,3523.73
rate-lookup,production-fx,96000,16,1,20,16384,2,0.115049,67.4113,3523.73
rate-lookup,oscillators,96000,16,2,20,16384,0,0.0568452,33.3077,63617.3
rate-lookup,oscillators,96000,16,2,20,16384,1,0.0570096,33.4041,63617.3
rate-lookup,oscillators,96000,16,2,20,16384,2,0.0569027,33.3414,63617.3
rate-lookup,modulation,96000,16,2,20,16384,0,0.0055333,3.24217,2.37833e+07
rate-lookup,modulation,96000,16,2,20,16384,1,0.0048305,2.83037,2.37833e+07
rate-lookup,modulation,96000,16,2,20,16384,2,0.0047502,2.78332,2.37833e+07
rate-lookup,fx,96000,16,2,20,16384,0,0.0026772,1.56867,698.542
rate-lookup,fx,96000,16,2,20,16384,1,0.0026677,1.56311,698.542
rate-lookup,fx,96000,16,2,20,16384,2,0.0026697,1.56428,698.542
rate-lookup,drive,96000,16,2,20,16384,0,0.0781143,45.7701,4381.28
rate-lookup,drive,96000,16,2,20,16384,1,0.0794421,46.5481,4381.28
rate-lookup,drive,96000,16,2,20,16384,2,0.0794069,46.5275,4381.28
rate-lookup,filter,96000,16,2,20,16384,0,0.0095592,5.60109,694.05
rate-lookup,filter,96000,16,2,20,16384,1,0.0095116,5.5732,694.05
rate-lookup,filter,96000,16,2,20,16384,2,0.0095628,5.6032,694.05
rate-lookup,adapter,96000,16,2,20,16384,0,0.0933001,54.668,1416.72
rate-lookup,adapter,96000,16,2,20,16384,1,0.0936552,54.8761,1416.72
rate-lookup,adapter,96000,16,2,20,16384,2,0.0936431,54.869,1416.72
rate-lookup,engine-no-fx,96000,16,2,20,16384,0,0.182871,107.151,23.3288
rate-lookup,engine-no-fx,96000,16,2,20,16384,1,0.183093,107.281,23.3288
rate-lookup,engine-no-fx,96000,16,2,20,16384,2,0.182603,106.994,23.3288
rate-lookup,engine-fx,96000,16,2,20,16384,0,0.18414,107.894,8.02046
rate-lookup,engine-fx,96000,16,2,20,16384,1,0.184658,108.198,8.02046
rate-lookup,engine-fx,96000,16,2,20,16384,2,0.183315,107.411,8.02046
rate-lookup,production-no-fx,96000,16,2,20,16384,0,0.111411,65.2799,772.387
rate-lookup,production-no-fx,96000,16,2,20,16384,1,0.111054,65.0707,772.387
rate-lookup,production-no-fx,96000,16,2,20,16384,2,0.112529,65.9351,772.387
rate-lookup,production-fx,96000,16,2,20,16384,0,0.113479,66.4918,298.348
rate-lookup,production-fx,96000,16,2,20,16384,1,0.115159,67.4759,298.348
rate-lookup,production-fx,96000,16,2,20,16384,2,0.113387,66.4378,298.348
rate-lookup,oscillators,96000,16,3,20,16384,0,0.0574903,33.6857,63617.3
rate-lookup,oscillators,96000,16,3,20,16384,1,0.0572618,33.5518,63617.3
rate-lookup,oscillators,96000,16,3,20,16384,2,0.0570495,33.4274,63617.3
rate-lookup,modulation,96000,16,3,20,16384,0,0.0047007,2.75432,2.37833e+07
rate-lookup,modulation,96000,16,3,20,16384,1,0.0046828,2.74383,2.37833e+07
rate-lookup,modulation,96000,16,3,20,16384,2,0.0047652,2.79211,2.37833e+07
rate-lookup,fx,96000,16,3,20,16384,0,0.0026874,1.57465,698.542
rate-lookup,fx,96000,16,3,20,16384,1,0.0026831,1.57213,698.542
rate-lookup,fx,96000,16,3,20,16384,2,0.0026676,1.56305,698.542
rate-lookup,drive,96000,16,3,20,16384,0,0.0778905,45.639,4381.28
rate-lookup,drive,96000,16,3,20,16384,1,0.0780827,45.7516,4381.28
rate-lookup,drive,96000,16,3,20,16384,2,0.0778749,45.6298,4381.28
rate-lookup,filter,96000,16,3,20,16384,0,0.0095329,5.58568,732.736
rate-lookup,filter,96000,16,3,20,16384,1,0.0095486,5.59488,732.736
rate-lookup,filter,96000,16,3,20,16384,2,0.0095668,5.60555,732.736
rate-lookup,adapter,96000,16,3,20,16384,0,0.0937918,54.9561,241.141
rate-lookup,adapter,96000,16,3,20,16384,1,0.0920779,53.9519,241.141
rate-lookup,adapter,96000,16,3,20,16384,2,0.092201,54.024,241.141
rate-lookup,engine-no-fx,96000,16,3,20,16384,0,0.182266,106.796,2.97437
rate-lookup,engine-no-fx,96000,16,3,20,16384,1,0.180928,106.013,2.97437
rate-lookup,engine-no-fx,96000,16,3,20,16384,2,0.180698,105.878,2.97437
rate-lookup,engine-fx,96000,16,3,20,16384,0,0.185375,108.618,1.03243
rate-lookup,engine-fx,96000,16,3,20,16384,1,0.18496,108.375,1.03243
rate-lookup,engine-fx,96000,16,3,20,16384,2,0.185298,108.573,1.03243
rate-lookup,production-no-fx,96000,16,3,20,16384,0,0.111267,65.1954,776
rate-lookup,production-no-fx,96000,16,3,20,16384,1,0.111189,65.1501,776
rate-lookup,production-no-fx,96000,16,3,20,16384,2,0.111093,65.0933,776
rate-lookup,production-fx,96000,16,3,20,16384,0,0.113579,66.55,273.719
rate-lookup,production-fx,96000,16,3,20,16384,1,0.113751,66.6507,273.719
rate-lookup,production-fx,96000,16,3,20,16384,2,0.119649,70.1068,273.719
rate-lookup,oscillators,192000,16,0,20,16384,0,0.0549866,64.4374,69403.5
rate-lookup,oscillators,192000,16,0,20,16384,1,0.0561494,65.8001,69403.5
rate-lookup,oscillators,192000,16,0,20,16384,2,0.0550237,64.4809,69403.5
rate-lookup,modulation,192000,16,0,20,16384,0,0.0047335,5.54707,2.38661e+07
rate-lookup,modulation,192000,16,0,20,16384,1,0.0046877,5.4934,2.38661e+07
rate-lookup,modulation,192000,16,0,20,16384,2,0.0046833,5.48824,2.38661e+07
rate-lookup,fx,192000,16,0,20,16384,0,0.0026845,3.1459,652.152
rate-lookup,fx,192000,16,0,20,16384,1,0.0027104,3.17625,652.152
rate-lookup,fx,192000,16,0,20,16384,2,0.0026798,3.14039,652.152
rate-lookup,drive,192000,16,0,20,16384,0,0.0460728,53.9916,4378.66
rate-lookup,drive,192000,16,0,20,16384,1,0.0463308,54.2939,4378.66
rate-lookup,drive,192000,16,0,20,16384,2,0.0461651,54.0997,4378.66
rate-lookup,filter,192000,16,0,20,16384,0,0.0096282,11.283,50839.1
rate-lookup,filter,192000,16,0,20,16384,1,0.0095811,11.2279,50839.1
rate-lookup,filter,192000,16,0,20,16384,2,0.0096172,11.2702,50839.1
rate-lookup,adapter,192000,16,0,20,16384,0,0.0619998,72.656,6136.19
rate-lookup,adapter,192000,16,0,20,16384,1,0.059944,70.2469,6136.19
rate-lookup,adapter,192000,16,0,20,16384,2,0.0600149,70.33,6136.19
rate-lookup,engine-no-fx,192000,16,0,20,16384,0,0.145503,170.512,124.144
rate-lookup,engine-no-fx,192000,16,0,20,16384,1,0.145093,170.031,124.144
rate-lookup,engine-no-fx,192000,16,0,20,16384,2,0.147111,172.396,124.144
rate-lookup,engine-fx,192000,16,0,20,16384,0,0.149705,175.435,48.4244
rate-lookup,engine-fx,192000,16,0,20,16384,1,0.149415,175.096,48.4244
rate-lookup,engine-fx,192000,16,0,20,16384,2,0.149598,175.31,48.4244
rate-lookup,production-no-fx,192000,16,0,20,16384,0,0.110203,129.144,3760.54
rate-lookup,production-no-fx,192000,16,0,20,16384,1,0.108931,127.653,3760.54
rate-lookup,production-no-fx,192000,16,0,20,16384,2,0.110449,129.433,3760.54
rate-lookup,production-fx,192000,16,0,20,16384,0,0.111364,130.505,3138.37
rate-lookup,production-fx,192000,16,0,20,16384,1,0.11153,130.699,3138.37
rate-lookup,production-fx,192000,16,0,20,16384,2,0.111697,130.895,3138.37
rate-lookup,oscillators,192000,16,1,20,16384,0,0.0549638,64.4107,69403.5
rate-lookup,oscillators,192000,16,1,20,16384,1,0.054825,64.248,69403.5
rate-lookup,oscillators,192000,16,1,20,16384,2,0.0548742,64.3057,69403.5
rate-lookup,modulation,192000,16,1,20,16384,0,0.0048085,5.63496,2.38661e+07
rate-lookup,modulation,192000,16,1,20,16384,1,0.0047201,5.53137,2.38661e+07
rate-lookup,modulation,192000,16,1,20,16384,2,0.0046769,5.48074,2.38661e+07
rate-lookup,fx,192000,16,1,20,16384,0,0.0027328,3.2025,652.152
rate-lookup,fx,192000,16,1,20,16384,1,0.002679,3.13945,652.152
rate-lookup,fx,192000,16,1,20,16384,2,0.0026715,3.13066,652.152
rate-lookup,drive,192000,16,1,20,16384,0,0.0474058,55.5537,4378.66
rate-lookup,drive,192000,16,1,20,16384,1,0.0460942,54.0166,4378.66
rate-lookup,drive,192000,16,1,20,16384,2,0.0470685,55.1584,4378.66
rate-lookup,filter,192000,16,1,20,16384,0,0.009491,11.1223,58336.2
rate-lookup,filter,192000,16,1,20,16384,1,0.0094445,11.0678,58336.2
rate-lookup,filter,192000,16,1,20,16384,2,0.0094712,11.0991,58336.2
rate-lookup,adapter,192000,16,1,20,16384,0,0.0612848,71.8181,7266.44
rate-lookup,adapter,192000,16,1,20,16384,1,0.0599891,70.2997,7266.44
rate-lookup,adapter,192000,16,1,20,16384,2,0.0600289,70.3464,7266.44
rate-lookup,engine-no-fx,192000,16,1,20,16384,0,0.147488,172.838,134.539
rate-lookup,engine-no-fx,192000,16,1,20,16384,1,0.146268,171.407,134.539
rate-lookup,engine-no-fx,192000,16,1,20,16384,2,0.146752,171.975,134.539
rate-lookup,engine-fx,192000,16,1,20,16384,0,0.148325,173.818,52.1035
rate-lookup,engine-fx,192000,16,1,20,16384,1,0.148061,173.509,52.1035
rate-lookup,engine-fx,192000,16,1,20,16384,2,0.152927,179.212,52.1035
rate-lookup,production-no-fx,192000,16,1,20,16384,0,0.110861,129.915,4046.71
rate-lookup,production-no-fx,192000,16,1,20,16384,1,0.108689,127.37,4046.71
rate-lookup,production-no-fx,192000,16,1,20,16384,2,0.110036,128.948,4046.71
rate-lookup,production-fx,192000,16,1,20,16384,0,0.111284,130.411,3213.94
rate-lookup,production-fx,192000,16,1,20,16384,1,0.113045,132.475,3213.94
rate-lookup,production-fx,192000,16,1,20,16384,2,0.112919,132.326,3213.94
rate-lookup,oscillators,192000,16,2,20,16384,0,0.0549505,64.3951,69403.5
rate-lookup,oscillators,192000,16,2,20,16384,1,0.0547982,64.2166,69403.5
rate-lookup,oscillators,192000,16,2,20,16384,2,0.0550809,64.5479,69403.5
rate-lookup,modulation,192000,16,2,20,16384,0,0.0046912,5.4975,2.38661e+07
rate-lookup,modulation,192000,16,2,20,16384,1,0.0046789,5.48309,2.38661e+07
rate-lookup,modulation,192000,16,2,20,16384,2,0.0050695,5.94082,2.38661e+07
rate-lookup,fx,192000,16,2,20,16384,0,0.0026744,3.13406,652.152
rate-lookup,fx,192000,16,2,20,16384,1,0.0026836,3.14484,652.152
rate-lookup,fx,192000,16,2,20,16384,2,0.0026811,3.14191,652.152
rate-lookup,drive,192000,16,2,20,16384,0,0.0461948,54.1345,4378.66
rate-lookup,drive,192000,16,2,20,16384,1,0.0477309,55.9346,4378.66
rate-lookup,drive,192000,16,2,20,16384,2,0.0460019,53.9085,4378.66
rate-lookup,filter,192000,16,2,20,16384,0,0.0095645,11.2084,751.754
rate-lookup,filter,192000,16,2,20,16384,1,0.0095936,11.2425,751.754
rate-lookup,filter,192000,16,2,20,16384,2,0.0096121,11.2642,751.754
rate-lookup,adapter,192000,16,2,20,16384,0,0.0616297,72.2223,1437.89
rate-lookup,adapter,192000,16,2,20,16384,1,0.0613108,71.8486,1437.89
rate-lookup,adapter,192000,16,2,20,16384,2,0.0601385,70.4748,1437.89
rate-lookup,engine-no-fx,192000,16,2,20,16384,0,0.145028,169.955,22.6253
rate-lookup,engine-no-fx,192000,16,2,20,16384,1,0.146859,172.1,22.6253
rate-lookup,engine-no-fx,192000,16,2,20,16384,2,0.145056,169.987,22.6253
rate-lookup,engine-fx,192000,16,2,20,16384,0,0.149858,175.615,7.83522
rate-lookup,engine-fx,192000,16,2,20,16384,1,0.149096,174.722,7.83522
rate-lookup,engine-fx,192000,16,2,20,16384,2,0.148075,173.525,7.83522
rate-lookup,production-no-fx,192000,16,2,20,16384,0,0.110907,129.969,795.188
rate-lookup,production-no-fx,192000,16,2,20,16384,1,0.109218,127.99,795.188
rate-lookup,production-no-fx,192000,16,2,20,16384,2,0.109123,127.879,795.188
rate-lookup,production-fx,192000,16,2,20,16384,0,0.111665,130.857,295.08
rate-lookup,production-fx,192000,16,2,20,16384,1,0.111653,130.844,295.08
rate-lookup,production-fx,192000,16,2,20,16384,2,0.113452,132.952,295.08
rate-lookup,oscillators,192000,16,3,20,16384,0,0.0546386,64.0296,69403.5
rate-lookup,oscillators,192000,16,3,20,16384,1,0.0552108,64.7002,69403.5
rate-lookup,oscillators,192000,16,3,20,16384,2,0.0549631,64.4099,69403.5
rate-lookup,modulation,192000,16,3,20,16384,0,0.0047002,5.50805,2.38661e+07
rate-lookup,modulation,192000,16,3,20,16384,1,0.0046912,5.4975,2.38661e+07
rate-lookup,modulation,192000,16,3,20,16384,2,0.0046999,5.5077,2.38661e+07
rate-lookup,fx,192000,16,3,20,16384,0,0.0026881,3.15012,652.152
rate-lookup,fx,192000,16,3,20,16384,1,0.0026682,3.1268,652.152
rate-lookup,fx,192000,16,3,20,16384,2,0.0026711,3.1302,652.152
rate-lookup,drive,192000,16,3,20,16384,0,0.0461406,54.071,4378.66
rate-lookup,drive,192000,16,3,20,16384,1,0.0467578,54.7943,4378.66
rate-lookup,drive,192000,16,3,20,16384,2,0.0461224,54.0497,4378.66
rate-lookup,filter,192000,16,3,20,16384,0,0.00956,11.2031,737.652
rate-lookup,filter,192000,16,3,20,16384,1,0.0095959,11.2452,737.652
rate-lookup,filter,192000,16,3,20,16384,2,0.0095706,11.2155,737.652
rate-lookup,adapter,192000,16,3,20,16384,0,0.0617551,72.3693,243.143
rate-lookup,adapter,192000,16,3,20,16384,1,0.0601584,70.4981,243.143
rate-lookup,adapter,192000,16,3,20,16384,2,0.0600361,70.3548,243.143
rate-lookup,engine-no-fx,192000,16,3,20,16384,0,0.14594,171.023,2.80665
rate-lookup,engine-no-fx,192000,16,3,20,16384,1,0.146918,172.17,2.80665
rate-lookup,engine-no-fx,192000,16,3,20,16384,2,0.14698,172.242,2.80665
rate-lookup,engine-fx,192000,16,3,20,16384,0,0.148225,173.701,0.97667
rate-lookup,engine-fx,192000,16,3,20,16384,1,0.149632,175.35,0.97667
rate-lookup,engine-fx,192000,16,3,20,16384,2,0.147906,173.327,0.97667
rate-lookup,production-no-fx,192000,16,3,20,16384,0,0.110819,129.866,753.678
rate-lookup,production-no-fx,192000,16,3,20,16384,1,0.10925,128.027,753.678
rate-lookup,production-no-fx,192000,16,3,20,16384,2,0.109006,127.741,753.678
rate-lookup,production-fx,192000,16,3,20,16384,0,0.111522,130.689,262.859
rate-lookup,production-fx,192000,16,3,20,16384,1,0.111367,130.508,262.859
rate-lookup,production-fx,192000,16,3,20,16384,2,0.113529,133.041,262.859
