variant,rate,factor,pair,voices,drive_db,frames,seconds,energy
loop,48000,2,0,16,20,8192,0.023952899999999999,2111.2085807390349
unrolled,48000,2,0,16,20,8192,0.023607699999999999,2111.2085807390349
unrolled,48000,2,1,16,20,8192,0.023755800000000001,2111.2085807390349
loop,48000,2,1,16,20,8192,0.022991399999999999,2111.2085807390349
loop,48000,2,2,16,20,8192,0.023204800000000001,2111.2085807390349
unrolled,48000,2,2,16,20,8192,0.022977399999999999,2111.2085807390349
unrolled,48000,2,3,16,20,8192,0.022348,2111.2085807390349
loop,48000,2,3,16,20,8192,0.023575800000000001,2111.2085807390349
loop,96000,2,0,16,20,8192,0.023233,2111.6350575717661
unrolled,96000,2,0,16,20,8192,0.023443100000000001,2111.6350575717661
unrolled,96000,2,1,16,20,8192,0.022117000000000001,2111.6350575717661
loop,96000,2,1,16,20,8192,0.022774099999999999,2111.6350575717661
loop,96000,2,2,16,20,8192,0.022662700000000001,2111.6350575717661
unrolled,96000,2,2,16,20,8192,0.022758899999999999,2111.6350575717661
unrolled,96000,2,3,16,20,8192,0.022745899999999999,2111.6350575717661
loop,96000,2,3,16,20,8192,0.0225027,2111.6350575717661
loop,192000,2,0,16,20,8192,0.0222773,2110.7621898822908
unrolled,192000,2,0,16,20,8192,0.022105400000000001,2110.7621898822908
unrolled,192000,2,1,16,20,8192,0.021952599999999999,2110.7621898822908
loop,192000,2,1,16,20,8192,0.022192,2110.7621898822908
loop,192000,2,2,16,20,8192,0.0277057,2110.7621898822908
unrolled,192000,2,2,16,20,8192,0.022030500000000001,2110.7621898822908
unrolled,192000,2,3,16,20,8192,0.0233347,2110.7621898822908
loop,192000,2,3,16,20,8192,0.027339100000000002,2110.7621898822908
loop,48000,4,0,16,20,8192,0.049522400000000001,2111.2082650260304
unrolled,48000,4,0,16,20,8192,0.0486025,2111.2082650260304
unrolled,48000,4,1,16,20,8192,0.069722800000000001,2111.2082650260304
loop,48000,4,1,16,20,8192,0.052995300000000002,2111.2082650260304
loop,48000,4,2,16,20,8192,0.052949000000000003,2111.2082650260304
unrolled,48000,4,2,16,20,8192,0.045192900000000001,2111.2082650260304
unrolled,48000,4,3,16,20,8192,0.047283899999999997,2111.2082650260304
loop,48000,4,3,16,20,8192,0.043150899999999999,2111.2082650260304
loop,96000,4,0,16,20,8192,0.040144100000000002,2111.6322401930729
unrolled,96000,4,0,16,20,8192,0.0405405,2111.6322401930729
unrolled,96000,4,1,16,20,8192,0.041097700000000001,2111.6322401930729
loop,96000,4,1,16,20,8192,0.041064700000000003,2111.6322401930729
loop,96000,4,2,16,20,8192,0.0412895,2111.6322401930729
unrolled,96000,4,2,16,20,8192,0.040724900000000001,2111.6322401930729
unrolled,96000,4,3,16,20,8192,0.040527500000000001,2111.6322401930729
loop,96000,4,3,16,20,8192,0.039654500000000002,2111.6322401930729
loop,192000,4,0,16,20,8192,0.039854800000000003,2110.7615665471699
unrolled,192000,4,0,16,20,8192,0.039759099999999999,2110.7615665471699
unrolled,192000,4,1,16,20,8192,0.039530099999999999,2110.7615665471699
loop,192000,4,1,16,20,8192,0.039855300000000003,2110.7615665471699
loop,192000,4,2,16,20,8192,0.039641700000000002,2110.7615665471699
unrolled,192000,4,2,16,20,8192,0.040691499999999999,2110.7615665471699
unrolled,192000,4,3,16,20,8192,0.048020800000000002,2110.7615665471699
loop,192000,4,3,16,20,8192,0.040329799999999999,2110.7615665471699
