rate,scene,filter_mode,drive_control,rate_to_4x_rms,rate_to_8x_rms,4x_to_8x_rms,filtered_rate_to_8x_rms,filtered_4x_to_8x_rms,rate_to_8x_peak,rate_to_division_rms,filtered_rate_to_division_rms,rate_to_division_peak,filtered_rate_to_division_peak
176400,bass,0,20,8.8315420873040341e-05,8.828529074360054e-05,7.0404590277789004e-08,3.2173681538565938e-05,3.0972198951554978e-08,0.00029084447305649519,0,0,0,0
176400,bass,0,24,0.00039994532558291059,0.00039861733575157762,3.382108812366088e-06,0.00016725449242023445,1.7409139178091294e-06,0.0011569801717996597,0,0,0,0
176400,bass,0,steps,6.4030275684132703e-05,9.4378655509662105e-05,3.1012215381776413e-05,9.3826038590109738e-05,3.1238474418226263e-05,0.0001333281397819519,0,0,0,0
176400,bass,1,20,8.8315420873040341e-05,8.828529074360054e-05,7.0404590277789004e-08,3.5855810197252226e-05,3.4570917521226326e-08,0.00029084447305649519,0,0,0,0
176400,bass,1,24,0.00039994532558291059,0.00039861733575157762,3.382108812366088e-06,0.00018652830519823755,1.9481299419696813e-06,0.0011569801717996597,0,0,0,0
176400,bass,1,steps,6.4030275684132703e-05,9.4378655509662105e-05,3.1012215381776413e-05,9.4386351430648363e-05,3.141805295166801e-05,0.0001333281397819519,0,0,0,0
176400,bass,2,20,8.8315420873040341e-05,8.828529074360054e-05,7.0404590277789004e-08,0.00062451820600583469,5.0562519401828256e-07,0.00029084447305649519,0,0,0,0
176400,bass,2,24,0.00039994532558291059,0.00039861733575157762,3.382108812366088e-06,0.0027348221916917133,2.3799245432385407e-05,0.0011569801717996597,0,0,0,0
176400,bass,2,steps,6.4030275684132703e-05,9.4378655509662105e-05,3.1012215381776413e-05,0.00017840095982543143,4.3117254422162233e-05,0.0001333281397819519,0,0,0,0
176400,bass,3,20,8.8315420873040341e-05,8.828529074360054e-05,7.0404590277789004e-08,0.00021615984526633205,1.9324051049656899e-07,0.00029084447305649519,0,0,0,0
176400,bass,3,24,0.00039994532558291059,0.00039861733575157762,3.382108812366088e-06,0.0010596139502433296,1.0801636087297184e-05,0.0011569801717996597,0,0,0,0
176400,bass,3,steps,6.4030275684132703e-05,9.4378655509662105e-05,3.1012215381776413e-05,0.000132093699826609,4.263034359285415e-05,0.0001333281397819519,0,0,0,0
176400,lead,0,20,0.00023771921360291238,0.00023758427059719661,5.6596716192139996e-07,9.8034601916095651e-05,2.4401428123494523e-07,0.00076665729284286499,0,0,0,0
176400,lead,0,24,0.0010140400120462263,0.0010122982807101283,1.6015820638158761e-05,0.00049453642493047011,7.9668638688206831e-06,0.0023777121677994728,0,0,0,0
176400,lead,0,steps,7.9491456057308497e-05,0.00011396185306046451,3.6498394296704589e-05,0.00011071079671879446,3.6769810213155071e-05,0.00013373792171478271,0,0,0,0
176400,lead,1,20,0.00023771921360291238,0.00023758427059719661,5.6596716192139996e-07,0.00010686897173064459,2.672749867164316e-07,0.00076665729284286499,0,0,0,0
176400,lead,1,24,0.0010140400120462263,0.0010122982807101283,1.6015820638158761e-05,0.0005392814727760546,8.675861430785559e-06,0.0023777121677994728,0,0,0,0
176400,lead,1,steps,7.9491456057308497e-05,0.00011396185306046451,3.6498394296704589e-05,0.00011147528614835187,3.6995681028527091e-05,0.00013373792171478271,0,0,0,0
176400,lead,2,20,0.00023771921360291238,0.00023758427059719661,5.6596716192139996e-07,0.00075601107908410386,1.8084904877484608e-06,0.00076665729284286499,0,0,0,0
176400,lead,2,24,0.0010140400120462263,0.0010122982807101283,1.6015820638158761e-05,0.0030385732614877287,4.8270967431951284e-05,0.0023777121677994728,0,0,0,0
176400,lead,2,steps,7.9491456057308497e-05,0.00011396185306046451,3.6498394296704589e-05,0.00016140867981095228,3.866252713526933e-05,0.00013373792171478271,0,0,0,0
176400,lead,3,20,0.00023771921360291238,0.00023758427059719661,5.6596716192139996e-07,0.00030420709709644554,7.5340668633712935e-07,0.00076665729284286499,0,0,0,0
176400,lead,3,24,0.0010140400120462263,0.0010122982807101283,1.6015820638158761e-05,0.001416304063083693,2.2865454468933171e-05,0.0023777121677994728,0,0,0,0
176400,lead,3,steps,7.9491456057308497e-05,0.00011396185306046451,3.6498394296704589e-05,0.00012282678921812239,3.9352390274762796e-05,0.00013373792171478271,0,0,0,0
176400,pad-voice,0,20,3.759085313213093e-05,3.7590936173719327e-05,8.9575702045827015e-09,9.6674498888283606e-06,1.278862990198022e-08,8.7924301624298096e-05,0,0,0,0
176400,pad-voice,0,24,0.00025042804218698131,0.00025045403137610668,4.4907562522853834e-07,9.865539471318676e-05,1.4011051201685774e-07,0.00045746937394142151,0,0,0,0
176400,pad-voice,0,steps,4.3588461788627076e-05,6.513432693377346e-05,2.1649366733214532e-05,6.6464621372657584e-05,2.2155746527824357e-05,3.4064054489135742e-05,0,0,0,0
176400,pad-voice,1,20,3.759085313213093e-05,3.7590936173719327e-05,8.9575702045827015e-09,1.0633762065834424e-05,1.294430233806445e-08,8.7924301624298096e-05,0,0,0,0
176400,pad-voice,1,24,0.00025042804218698131,0.00025045403137610668,4.4907562522853834e-07,0.00010913772606438027,1.5438031121223768e-07,0.00045746937394142151,0,0,0,0
176400,pad-voice,1,steps,4.3588461788627076e-05,6.513432693377346e-05,2.1649366733214532e-05,6.7759114733815465e-05,2.258706512682336e-05,3.4064054489135742e-05,0,0,0,0
176400,pad-voice,2,20,3.759085313213093e-05,3.7590936173719327e-05,8.9575702045827015e-09,0.0001647300886854231,4.9514242261651601e-08,8.7924301624298096e-05,0,0,0,0
176400,pad-voice,2,24,0.00025042804218698131,0.00025045403137610668,4.4907562522853834e-07,0.0010896843995917959,1.9177043867725689e-06,0.00045746937394142151,0,0,0,0
176400,pad-voice,2,steps,4.3588461788627076e-05,6.513432693377346e-05,2.1649366733214532e-05,9.59384742263353e-05,3.1127458406806887e-05,3.4064054489135742e-05,0,0,0,0
176400,pad-voice,3,20,3.759085313213093e-05,3.7590936173719327e-05,8.9575702045827015e-09,4.4308800167997382e-05,3.1517442137349488e-08,8.7924301624298096e-05,0,0,0,0
176400,pad-voice,3,24,0.00025042804218698131,0.00025045403137610668,4.4907562522853834e-07,0.00041030250909378544,5.9449616290070226e-07,0.00045746937394142151,0,0,0,0
176400,pad-voice,3,steps,4.3588461788627076e-05,6.513432693377346e-05,2.1649366733214532e-05,9.4288212095588152e-05,3.1454987888732089e-05,3.4064054489135742e-05,0,0,0,0
176400,high-lead,0,20,0.0011202163923299702,0.0011237908194198451,8.1771720526553834e-06,0.00042114334493773242,2.638194332501154e-06,0.0029663592576980591,0,0,0,0
176400,high-lead,0,24,0.0036319767607147688,0.0036609117054413796,0.00011819324619698966,0.0015520068589570757,4.9499361601486887e-05,0.0053413994610309601,0,0,0,0
176400,high-lead,0,steps,0.00028392933350911723,0.00029302732433510582,3.1853118429619337e-05,0.00012313706486313962,3.1299885678441773e-05,0.0014107972383499146,0,0,0,0
176400,high-lead,1,20,0.0011202163923299702,0.0011237908194198451,8.1771720526553834e-06,0.0004225134068417059,2.6321493012324438e-06,0.0029663592576980591,0,0,0,0
176400,high-lead,1,24,0.0036319767607147688,0.0036609117054413796,0.00011819324619698966,0.0015574342490303958,4.9438853412816628e-05,0.0053413994610309601,0,0,0,0
176400,high-lead,1,steps,0.00028392933350911723,0.00029302732433510582,3.1853118429619337e-05,0.00012357641452955372,3.1349301595616368e-05,0.0014107972383499146,0,0,0,0
176400,high-lead,2,20,0.0011202163923299702,0.0011237908194198451,8.1771720526553834e-06,0.0014334837423373827,1.027910896946593e-05,0.0029663592576980591,0,0,0,0
176400,high-lead,2,24,0.0036319767607147688,0.0036609117054413796,0.00011819324619698966,0.0046144007073099349,0.00014895849051119097,0.0053413994610309601,0,0,0,0
176400,high-lead,2,steps,0.00028392933350911723,0.00029302732433510582,3.1853118429619337e-05,0.00037201802456139274,2.9688710424534536e-05,0.0014107972383499146,0,0,0,0
176400,high-lead,3,20,0.0011202163923299702,0.0011237908194198451,8.1771720526553834e-06,0.00062400194537842876,3.9860471136558302e-06,0.0029663592576980591,0,0,0,0
176400,high-lead,3,24,0.0036319767607147688,0.0036609117054413796,0.00011819324619698966,0.002249692650713116,7.2112164632628063e-05,0.0053413994610309601,0,0,0,0
176400,high-lead,3,steps,0.00028392933350911723,0.00029302732433510582,3.1853118429619337e-05,0.00015258447998863059,2.9924891831461911e-05,0.0014107972383499146,0,0,0,0
192000,bass,0,20,0.00012187526188152421,0.00012175227577147562,2.3879039971792819e-07,4.2045661366209697e-05,1.0016257259942367e-07,0.00052189081907272339,0,0,0,0
192000,bass,0,24,0.00048827989865663483,0.00048738176749691845,4.5970386016309217e-06,0.00019368427850726004,1.0845672796035745e-06,0.0015051998198032379,0,0,0,0
192000,bass,0,steps,6.6472404214351359e-05,9.571908227041968e-05,3.0793064299337157e-05,9.3332491484672195e-05,3.0992898244137888e-05,0.00020465254783630371,0,0,0,0
192000,bass,1,20,0.00012187526188152421,0.00012175227577147562,2.3879039971792819e-07,4.6825401336344034e-05,1.1235708169843708e-07,0.00052189081907272339,0,0,0,0
192000,bass,1,24,0.00048827989865663483,0.00048738176749691845,4.5970386016309217e-06,0.00021584500333063854,1.1933954766079062e-06,0.0015051998198032379,0,0,0,0
192000,bass,1,steps,6.6472404214351359e-05,9.571908227041968e-05,3.0793064299337157e-05,9.3900616969774158e-05,3.1155735187933205e-05,0.00020465254783630371,0,0,0,0
192000,bass,2,20,0.00012187526188152421,0.00012175227577147562,2.3879039971792819e-07,0.00077138986937587656,1.5416218573711571e-06,0.00052189081907272339,0,0,0,0
192000,bass,2,24,0.00048827989865663483,0.00048738176749691845,4.5970386016309217e-06,0.0030251399571209377,2.7609906662700741e-05,0.0015051998198032379,0,0,0,0
192000,bass,2,steps,6.6472404214351359e-05,9.571908227041968e-05,3.0793064299337157e-05,0.0002067365608356389,3.9074906405816654e-05,0.00020465254783630371,0,0,0,0
192000,bass,3,20,0.00012187526188152421,0.00012175227577147562,2.3879039971792819e-07,0.00025556876913872761,5.9787246329419168e-07,0.00052189081907272339,0,0,0,0
192000,bass,3,24,0.00048827989865663483,0.00048738176749691845,4.5970386016309217e-06,0.0011221207134593182,6.8563965204548044e-06,0.0015051998198032379,0,0,0,0
192000,bass,3,steps,6.6472404214351359e-05,9.571908227041968e-05,3.0793064299337157e-05,0.00012774200590297152,3.8814037594850001e-05,0.00020465254783630371,0,0,0,0
192000,lead,0,20,0.00020836262466182638,0.00020838879483053182,3.3155605234095062e-07,6.678591518087911e-05,9.9011323891705365e-08,0.00057002156972885132,0,0,0,0
192000,lead,0,24,0.00095543533488095579,0.00095766892560172868,1.1613408547842318e-05,0.00042436421681175479,4.8980414192322886e-06,0.0019543133676052094,0,0,0,0
192000,lead,0,steps,7.8536512463545525e-05,0.00011200333939084703,3.5740831487065025e-05,0.00010746994038180674,3.5789696704488452e-05,0.00021496787667274475,0,0,0,0
192000,lead,1,20,0.00020836262466182638,0.00020838879483053182,3.3155605234095062e-07,7.2869806132131571e-05,1.0882299407767865e-07,0.00057002156972885132,0,0,0,0
192000,lead,1,24,0.00095543533488095579,0.00095766892560172868,1.1613408547842318e-05,0.00046501411206973487,5.3476000213665097e-06,0.0019543133676052094,0,0,0,0
192000,lead,1,steps,7.8536512463545525e-05,0.00011200333939084703,3.5740831487065025e-05,0.00010777316437700199,3.5894927426737152e-05,0.00021496787667274475,0,0,0,0
192000,lead,2,20,0.00020836262466182638,0.00020838879483053182,3.3155605234095062e-07,0.00063181703673823248,9.9671438418722308e-07,0.00057002156972885132,0,0,0,0
192000,lead,2,24,0.00095543533488095579,0.00095766892560172868,1.1613408547842318e-05,0.0027896146010363675,3.3643133961297055e-05,0.0019543133676052094,0,0,0,0
192000,lead,2,steps,7.8536512463545525e-05,0.00011200333939084703,3.5740831487065025e-05,0.00014800833154585572,3.2957405604780546e-05,0.00021496787667274475,0,0,0,0
192000,lead,3,20,0.00020836262466182638,0.00020838879483053182,3.3155605234095062e-07,0.00020934310291283013,3.1007302602345354e-07,0.00057002156972885132,0,0,0,0
192000,lead,3,24,0.00095543533488095579,0.00095766892560172868,1.1613408547842318e-05,0.0012200827272126557,1.4154867319062148e-05,0.0019543133676052094,0,0,0,0
192000,lead,3,steps,7.8536512463545525e-05,0.00011200333939084703,3.5740831487065025e-05,0.00010596230804569584,3.4569961546503472e-05,0.00021496787667274475,0,0,0,0
192000,pad-voice,0,20,5.5001223907177417e-05,5.4998125107487701e-05,1.7905316396018213e-08,1.519797438058205e-05,1.1759947121462786e-08,0.00015450641512870789,0,0,0,0
192000,pad-voice,0,24,0.00031253704499614737,0.00031176271767066952,1.2418402179716548e-06,0.00010041149973437856,4.3631783308251219e-07,0.00062394142150878906,0,0,0,0
192000,pad-voice,0,steps,4.9972786432448184e-05,7.4206629469810464e-05,2.4532340689902906e-05,7.4928787847239919e-05,2.4963451436576832e-05,5.4948031902313232e-05,0,0,0,0
192000,pad-voice,1,20,5.5001223907177417e-05,5.4998125107487701e-05,1.7905316396018213e-08,1.6808373757919372e-05,1.3710547793770535e-08,0.00015450641512870789,0,0,0,0
192000,pad-voice,1,24,0.00031253704499614737,0.00031176271767066952,1.2418402179716548e-06,0.00011055665413730989,4.8508049599101361e-07,0.00062394142150878906,0,0,0,0
192000,pad-voice,1,steps,4.9972786432448184e-05,7.4206629469810464e-05,2.4532340689902906e-05,7.6019057950962204e-05,2.53246298303518e-05,5.4948031902313232e-05,0,0,0,0
192000,pad-voice,2,20,5.5001223907177417e-05,5.4998125107487701e-05,1.7905316396018213e-08,0.00024649558203123273,8.1900525823680313e-08,0.00015450641512870789,0,0,0,0
192000,pad-voice,2,24,0.00031253704499614737,0.00031176271767066952,1.2418402179716548e-06,0.0013600374803487811,5.4397056300385477e-06,0.00062394142150878906,0,0,0,0
192000,pad-voice,2,steps,4.9972786432448184e-05,7.4206629469810464e-05,2.4532340689902906e-05,0.00010868366110739843,3.3200051249300133e-05,5.4948031902313232e-05,0,0,0,0
192000,pad-voice,3,20,5.5001223907177417e-05,5.4998125107487701e-05,1.7905316396018213e-08,6.9310139029423443e-05,3.6168199842132296e-08,0.00015450641512870789,0,0,0,0
192000,pad-voice,3,24,0.00031253704499614737,0.00031176271767066952,1.2418402179716548e-06,0.00043703839784422534,1.8624467466207596e-06,0.00062394142150878906,0,0,0,0
192000,pad-voice,3,steps,4.9972786432448184e-05,7.4206629469810464e-05,2.4532340689902906e-05,0.00010189001931574155,3.3875268484330027e-05,5.4948031902313232e-05,0,0,0,0
192000,high-lead,0,20,0.0013478952099092261,0.0013395332498707222,1.5889493095130397e-05,0.00043664542640599969,5.1184100024672586e-06,0.0037476606667041779,0,0,0,0
192000,high-lead,0,24,0.0039537425095157053,0.003867920767239786,0.00019080844696762035,0.0014654065170385392,7.5527166055869288e-05,0.005418337881565094,0,0,0,0
192000,high-lead,0,steps,0.00033951016838184688,0.00034715658481685428,3.2258723030784877e-05,0.00013713632581929502,3.1799330837823925e-05,0.0023139417171478271,0,0,0,0
192000,high-lead,1,20,0.0013478952099092261,0.0013395332498707222,1.5889493095130397e-05,0.00043766679118393615,5.1358998432762528e-06,0.0037476606667041779,0,0,0,0
192000,high-lead,1,24,0.0039537425095157053,0.003867920767239786,0.00019080844696762035,0.001471529572202507,7.5753727561943639e-05,0.005418337881565094,0,0,0,0
192000,high-lead,1,steps,0.00033951016838184688,0.00034715658481685428,3.2258723030784877e-05,0.00013771838260742396,3.1887576520530698e-05,0.0023139417171478271,0,0,0,0
192000,high-lead,2,20,0.0013478952099092261,0.0013395332498707222,1.5889493095130397e-05,0.0017289971753470215,2.0488122463302883e-05,0.0037476606667041779,0,0,0,0
192000,high-lead,2,24,0.0039537425095157053,0.003867920767239786,0.00019080844696762035,0.004902118229698005,0.00024348171843391309,0.005418337881565094,0,0,0,0
192000,high-lead,2,steps,0.00033951016838184688,0.00034715658481685428,3.2258723030784877e-05,0.00045906473801112733,3.0917399101831846e-05,0.0023139417171478271,0,0,0,0
192000,high-lead,3,20,0.0013478952099092261,0.0013395332498707222,1.5889493095130397e-05,0.00066990987229195058,7.7867217911145005e-06,0.0037476606667041779,0,0,0,0
192000,high-lead,3,24,0.0039537425095157053,0.003867920767239786,0.00019080844696762035,0.0021833940231066155,0.000112030313616887,0.005418337881565094,0,0,0,0
192000,high-lead,3,steps,0.00033951016838184688,0.00034715658481685428,3.2258723030784877e-05,0.00018140212888351673,3.097417418357134e-05,0.0023139417171478271,0,0,0,0
384000,bass,0,20,4.0951445706112678e-05,4.0961517360920743e-05,1.9155654342798209e-08,6.1210120161888603e-06,8.5056310289763189e-09,0.00013768672943115234,0,0,0,0
384000,bass,0,24,0.00024222522602995405,0.00024304709093188095,1.1786745146111092e-06,7.3349219028277102e-05,4.016929233338087e-07,0.00090634822845458984,0,0,0,0
384000,bass,0,steps,3.6526767525872308e-05,5.4718518916659927e-05,1.8218736147584795e-05,5.5045473842178194e-05,1.8347318249313949e-05,4.7296285629272461e-05,0,0,0,0
384000,bass,1,20,4.0951445706112678e-05,4.0961517360920743e-05,1.9155654342798209e-08,6.7900490968503419e-06,1.050252723817954e-08,0.00013768672943115234,0,0,0,0
384000,bass,1,24,0.00024222522602995405,0.00024304709093188095,1.1786745146111092e-06,8.1832598051926245e-05,4.4967283859923568e-07,0.00090634822845458984,0,0,0,0
384000,bass,1,steps,3.6526767525872308e-05,5.4718518916659927e-05,1.8218736147584795e-05,5.5265324340643888e-05,1.8420376328947896e-05,4.7296285629272461e-05,0,0,0,0
384000,bass,2,20,4.0951445706112678e-05,4.0961517360920743e-05,1.9155654342798209e-08,0.00025682168829964971,1.254438285669087e-07,0.00013768672943115234,0,0,0,0
384000,bass,2,24,0.00024222522602995405,0.00024304709093188095,1.1786745146111092e-06,0.0014866331485800695,7.2741151889273579e-06,0.00090634822845458984,0,0,0,0
384000,bass,2,steps,3.6526767525872308e-05,5.4718518916659927e-05,1.8218736147584795e-05,8.2302207933701045e-05,2.6618398441162681e-05,4.7296285629272461e-05,0,0,0,0
384000,bass,3,20,4.0951445706112678e-05,4.0961517360920743e-05,1.9155654342798209e-08,3.9794464920001849e-05,3.5257310164047249e-08,0.00013768672943115234,0,0,0,0
384000,bass,3,24,0.00024222522602995405,0.00024304709093188095,1.1786745146111092e-06,0.00043085523310519802,2.3555137473776472e-06,0.00090634822845458984,0,0,0,0
384000,bass,3,steps,3.6526767525872308e-05,5.4718518916659927e-05,1.8218736147584795e-05,7.9044266023138452e-05,2.6309242872812189e-05,4.7296285629272461e-05,0,0,0,0
384000,lead,0,20,0.00019756817186895013,0.00019741854870723057,4.2171059809956913e-07,5.7769590480823622e-05,1.4423927535694229e-07,0.00068791583180427551,0,0,0,0
384000,lead,0,24,0.00081644355554435426,0.00081404443931162808,9.0064567585871515e-06,0.00028013481661639053,2.6565229054909995e-06,0.0019159726798534393,0,0,0,0
384000,lead,0,steps,3.7537266810060234e-05,5.5682834505458456e-05,1.8392050369254333e-05,5.599418166790051e-05,1.8659587103859197e-05,5.2541494369506836e-05,0,0,0,0
384000,lead,1,20,0.00019756817186895013,0.00019741854870723057,4.2171059809956913e-07,6.3251067944894416e-05,1.5758601353821287e-07,0.00068791583180427551,0,0,0,0
384000,lead,1,24,0.00081644355554435426,0.00081404443931162808,9.0064567585871515e-06,0.00030730305377321828,2.8978546956098704e-06,0.0019159726798534393,0,0,0,0
384000,lead,1,steps,3.7537266810060234e-05,5.5682834505458456e-05,1.8392050369254333e-05,5.6732350998140205e-05,1.8905633685005415e-05,5.2541494369506836e-05,0,0,0,0
384000,lead,2,20,0.00019756817186895013,0.00019741854870723057,4.2171059809956913e-07,0.00065256577224431214,1.4076015294873072e-06,0.00068791583180427551,0,0,0,0
384000,lead,2,24,0.00081644355554435426,0.00081404443931162808,9.0064567585871515e-06,0.0025263095612488933,2.7639424496037402e-05,0.0019159726798534393,0,0,0,0
384000,lead,2,steps,3.7537266810060234e-05,5.5682834505458456e-05,1.8392050369254333e-05,7.1621608231715709e-05,2.2187157788659877e-05,5.2541494369506836e-05,0,0,0,0
384000,lead,3,20,0.00019756817186895013,0.00019741854870723057,4.2171059809956913e-07,0.00019128468204080722,4.6783232620576574e-07,0.00068791583180427551,0,0,0,0
384000,lead,3,24,0.00081644355554435426,0.00081404443931162808,9.0064567585871515e-06,0.00085901759369914584,8.247333680954125e-06,0.0019159726798534393,0,0,0,0
384000,lead,3,steps,3.7537266810060234e-05,5.5682834505458456e-05,1.8392050369254333e-05,6.6451640779619569e-05,2.2113830706566313e-05,5.2541494369506836e-05,0,0,0,0
384000,pad-voice,0,20,2.2296038768895241e-05,2.2296575000078053e-05,5.8918119863475986e-09,3.5858689867903772e-06,8.2861848874927396e-09,8.6225569248199463e-05,0,0,0,0
384000,pad-voice,0,24,0.00014294911567609388,0.00014306178571270482,2.7419476373071554e-07,3.1777480078240173e-05,8.6263847038676012e-08,0.00040161982178688049,0,0,0,0
384000,pad-voice,0,steps,6.3789740604162682e-05,9.5679725130551948e-05,3.1892572671088731e-05,9.5672912937997662e-05,3.1892035264563261e-05,7.7813863754272461e-05,0,0,0,0
384000,pad-voice,1,20,2.2296038768895241e-05,2.2296575000078053e-05,5.8918119863475986e-09,3.9877156352454973e-06,9.1372839590816157e-09,8.6225569248199463e-05,0,0,0,0
384000,pad-voice,1,24,0.00014294911567609388,0.00014306178571270482,2.7419476373071554e-07,3.5317290680047728e-05,9.6067412341144751e-08,0.00040161982178688049,0,0,0,0
384000,pad-voice,1,steps,6.3789740604162682e-05,9.5679725130551948e-05,3.1892572671088731e-05,9.5661641450172253e-05,3.1889105297607702e-05,7.7813863754272461e-05,0,0,0,0
384000,pad-voice,2,20,2.2296038768895241e-05,2.2296575000078053e-05,5.8918119863475986e-09,0.0001104407311266693,3.9266657765777252e-08,8.6225569248199463e-05,0,0,0,0
384000,pad-voice,2,24,0.00014294911567609388,0.00014306178571270482,2.7419476373071554e-07,0.00067841030524175847,1.3236709443517499e-06,0.00040161982178688049,0,0,0,0
384000,pad-voice,2,steps,6.3789740604162682e-05,9.5679725130551948e-05,3.1892572671088731e-05,9.3356800475537545e-05,3.1098800564428225e-05,7.7813863754272461e-05,0,0,0,0
384000,pad-voice,3,20,2.2296038768895241e-05,2.2296575000078053e-05,5.8918119863475986e-09,1.8623449383079584e-05,3.0184983739489111e-08,8.6225569248199463e-05,0,0,0,0
384000,pad-voice,3,24,0.00014294911567609388,0.00014306178571270482,2.7419476373071554e-07,0.0001528625626219386,4.0478672563862684e-07,0.00040161982178688049,0,0,0,0
384000,pad-voice,3,steps,6.3789740604162682e-05,9.5679725130551948e-05,3.1892572671088731e-05,9.4523985248799147e-05,3.1532782129006955e-05,7.7813863754272461e-05,0,0,0,0
384000,high-lead,0,20,0.00054553685486150678,0.00055008426915471235,7.4014687772519101e-06,0.00015774469720114756,2.8219485634554798e-06,0.0028082504868507385,0,0,0,0
384000,high-lead,0,24,0.0018814323844691305,0.0019225204723480329,8.6730428495104949e-05,0.00058892907738382187,3.5455361151824624e-05,0.0045980252325534821,0,0,0,0
384000,high-lead,0,steps,4.126447246100267e-05,5.7880194155072128e-05,1.8145155425557854e-05,5.441948112888321e-05,1.8092088270461746e-05,0.00019390881061553955,0,0,0,0
384000,high-lead,1,20,0.00054553685486150678,0.00055008426915471235,7.4014687772519101e-06,0.00015825857180697394,2.8382993732127075e-06,0.0028082504868507385,0,0,0,0
384000,high-lead,1,24,0.0018814323844691305,0.0019225204723480329,8.6730428495104949e-05,0.00058678046899032494,3.5599625234068575e-05,0.0045980252325534821,0,0,0,0
384000,high-lead,1,steps,4.126447246100267e-05,5.7880194155072128e-05,1.8145155425557854e-05,5.422174324430415e-05,1.8021351906418298e-05,0.00019390881061553955,0,0,0,0
384000,high-lead,2,20,0.00054553685486150678,0.00055008426915471235,7.4014687772519101e-06,0.00076003022545247979,1.0544515172870271e-05,0.0028082504868507385,0,0,0,0
384000,high-lead,2,24,0.0018814323844691305,0.0019225204723480329,8.6730428495104949e-05,0.0025399754481776607,0.0001186097913369226,0.0045980252325534821,0,0,0,0
384000,high-lead,2,steps,4.126447246100267e-05,5.7880194155072128e-05,1.8145155425557854e-05,6.8239218043334685e-05,2.0320197841491103e-05,0.00019390881061553955,0,0,0,0
384000,high-lead,3,20,0.00054553685486150678,0.00055008426915471235,7.4014687772519101e-06,0.00025533598423360654,4.5203809874446607e-06,0.0028082504868507385,0,0,0,0
384000,high-lead,3,24,0.0018814323844691305,0.0019225204723480329,8.6730428495104949e-05,0.00092337121939171994,5.5017115146267479e-05,0.0045980252325534821,0,0,0,0
384000,high-lead,3,steps,4.126447246100267e-05,5.7880194155072128e-05,1.8145155425557854e-05,5.836704261180313e-05,1.9273964246022976e-05,0.00019390881061553955,0,0,0,0
