factor,rate,voices,drive_db,buffer,pair,runtime_phase_seconds,static_phase_seconds
2,48000,1,0,32,0,0.0024921,0.0029687
2,48000,1,0,32,1,0.0024894,0.0025067
2,48000,1,0,32,2,0.0024909,0.0024508
2,48000,1,0,32,3,0.002601,0.0024577
2,48000,1,0,32,4,0.0025358,0.0024553
2,48000,1,0,32,5,0.0024906,0.0024531
2,48000,1,0,256,0,0.002538,0.0025001
2,48000,1,0,256,1,0.0025182,0.0029265
2,48000,1,0,256,2,0.0025044,0.0024728
2,48000,1,0,256,3,0.0026839,0.0025596
2,48000,1,0,256,4,0.0025616,0.0024535
2,48000,1,0,256,5,0.0024844,0.0024528
2,48000,1,20,32,0,0.0044909,0.0050361
2,48000,1,20,32,1,0.0044987,0.0043579
2,48000,1,20,32,2,0.0051571,0.0043888
2,48000,1,20,32,3,0.0045265,0.0043804
2,48000,1,20,32,4,0.0049424,0.0043604
2,48000,1,20,32,5,0.004863,0.0043865
2,48000,1,20,256,0,0.0045079,0.0043583
2,48000,1,20,256,1,0.0045539,0.0046939
2,48000,1,20,256,2,0.004479,0.004507
2,48000,1,20,256,3,0.0044845,0.0046896
2,48000,1,20,256,4,0.0044872,0.0054557
2,48000,1,20,256,5,0.0044877,0.0043672
2,48000,1,24,32,0,0.0048178,0.0044894
2,48000,1,24,32,1,0.0045846,0.0044291
2,48000,1,24,32,2,0.0050104,0.0044368
2,48000,1,24,32,3,0.0051437,0.0044514
2,48000,1,24,32,4,0.0045636,0.0044527
2,48000,1,24,32,5,0.0051975,0.0044311
2,48000,1,24,256,0,0.0045782,0.0044687
2,48000,1,24,256,1,0.004583,0.0045818
2,48000,1,24,256,2,0.0045556,0.0050557
2,48000,1,24,256,3,0.0045589,0.0044477
2,48000,1,24,256,4,0.0049274,0.0045094
2,48000,1,24,256,5,0.0045612,0.0044272
2,48000,16,0,32,0,0.0413374,0.0410806
2,48000,16,0,32,1,0.0421082,0.0401287
2,48000,16,0,32,2,0.0419439,0.0416664
2,48000,16,0,32,3,0.0414194,0.0417422
2,48000,16,0,32,4,0.0420387,0.0431869
2,48000,16,0,32,5,0.0410181,0.0437534
2,48000,16,0,256,0,0.0417714,0.0407725
2,48000,16,0,256,1,0.0422788,0.0404564
2,48000,16,0,256,2,0.041064,0.0407006
2,48000,16,0,256,3,0.0421933,0.0410495
2,48000,16,0,256,4,0.0423571,0.0429764
2,48000,16,0,256,5,0.0422353,0.0403537
2,48000,16,20,32,0,0.0741977,0.0713545
2,48000,16,20,32,1,0.0746413,0.0721993
2,48000,16,20,32,2,0.0741051,0.071627
2,48000,16,20,32,3,0.0736003,0.0721285
2,48000,16,20,32,4,0.073407,0.0720905
2,48000,16,20,32,5,0.0759722,0.0727029
2,48000,16,20,256,0,0.0739461,0.0711208
2,48000,16,20,256,1,0.0742716,0.0720965
2,48000,16,20,256,2,0.074298,0.0722733
2,48000,16,20,256,3,0.0730824,0.0726584
2,48000,16,20,256,4,0.0735795,0.071913
2,48000,16,20,256,5,0.0748686,0.0721011
2,48000,16,24,32,0,0.075267,0.0729671
2,48000,16,24,32,1,0.0756882,0.072871
2,48000,16,24,32,2,0.0744384,0.0730955
2,48000,16,24,32,3,0.075157,0.0735489
2,48000,16,24,32,4,0.0743337,0.0733827
2,48000,16,24,32,5,0.0745896,0.0730611
2,48000,16,24,256,0,0.0754546,0.0740229
2,48000,16,24,256,1,0.0746259,0.0739116
2,48000,16,24,256,2,0.0744824,0.0734872
2,48000,16,24,256,3,0.074401,0.0735238
2,48000,16,24,256,4,0.0772163,0.073033
2,48000,16,24,256,5,0.0747001,0.0729455
2,96000,1,0,32,0,0.0024899,0.0029221
2,96000,1,0,32,1,0.0024932,0.0027218
2,96000,1,0,32,2,0.0025114,0.0024528
2,96000,1,0,32,3,0.0031001,0.0024928
2,96000,1,0,32,4,0.0027903,0.0024538
2,96000,1,0,32,5,0.002548,0.0024766
2,96000,1,0,256,0,0.0026515,0.0032314
2,96000,1,0,256,1,0.0025137,0.0025024
2,96000,1,0,256,2,0.0024858,0.0024501
2,96000,1,0,256,3,0.0030785,0.0024566
2,96000,1,0,256,4,0.0025557,0.002451
2,96000,1,0,256,5,0.0024865,0.0024539
2,96000,1,20,32,0,0.0047767,0.0044454
2,96000,1,20,32,1,0.0044924,0.0043594
2,96000,1,20,32,2,0.0049489,0.0043631
2,96000,1,20,32,3,0.0046932,0.0043966
2,96000,1,20,32,4,0.0046091,0.0043592
2,96000,1,20,32,5,0.0050097,0.0043672
2,96000,1,20,256,0,0.0044874,0.0043772
2,96000,1,20,256,1,0.0045631,0.0048129
2,96000,1,20,256,2,0.0044846,0.004361
2,96000,1,20,256,3,0.0045134,0.0047322
2,96000,1,20,256,4,0.0044812,0.0049025
2,96000,1,20,256,5,0.0044859,0.0043547
2,96000,1,24,32,0,0.0047777,0.0044869
2,96000,1,24,32,1,0.0047295,0.0044352
2,96000,1,24,32,2,0.0046853,0.0044297
2,96000,1,24,32,3,0.0051214,0.0044272
2,96000,1,24,32,4,0.0046364,0.0044299
2,96000,1,24,32,5,0.0046996,0.0046865
2,96000,1,24,256,0,0.0045592,0.0044304
2,96000,1,24,256,1,0.004565,0.0049404
2,96000,1,24,256,2,0.0045509,0.0047351
2,96000,1,24,256,3,0.0045572,0.0044383
2,96000,1,24,256,4,0.0045558,0.0051061
2,96000,1,24,256,5,0.0045786,0.004425
2,96000,16,0,32,0,0.0416857,0.0410203
2,96000,16,0,32,1,0.0413995,0.0411383
2,96000,16,0,32,2,0.0416544,0.0410495
2,96000,16,0,32,3,0.041918,0.0414301
2,96000,16,0,32,4,0.0413674,0.0412184
2,96000,16,0,32,5,0.0425515,0.0405381
2,96000,16,0,256,0,0.0423718,0.0404544
2,96000,16,0,256,1,0.0411581,0.0415072
2,96000,16,0,256,2,0.0415501,0.0410385
2,96000,16,0,256,3,0.0417038,0.0403386
2,96000,16,0,256,4,0.0420088,0.0405627
2,96000,16,0,256,5,0.0408781,0.0410327
2,96000,16,20,32,0,0.0740476,0.0725454
2,96000,16,20,32,1,0.0733649,0.0717371
2,96000,16,20,32,2,0.0740128,0.0727352
2,96000,16,20,32,3,0.0741902,0.0715817
2,96000,16,20,32,4,0.0738693,0.071387
2,96000,16,20,32,5,0.0733593,0.0721762
2,96000,16,20,256,0,0.0739617,0.0721367
2,96000,16,20,256,1,0.0743561,0.0720895
2,96000,16,20,256,2,0.0748849,0.0716794
2,96000,16,20,256,3,0.0737098,0.0727628
2,96000,16,20,256,4,0.0741784,0.0727231
2,96000,16,20,256,5,0.0745545,0.071581
2,96000,16,24,32,0,0.0755563,0.0734915
2,96000,16,24,32,1,0.0763798,0.0735932
2,96000,16,24,32,2,0.0756583,0.0737025
2,96000,16,24,32,3,0.0751938,0.0751
2,96000,16,24,32,4,0.0758313,0.0742534
2,96000,16,24,32,5,0.0751518,0.0752021
2,96000,16,24,256,0,0.0751302,0.0737324
2,96000,16,24,256,1,0.0752887,0.0731488
2,96000,16,24,256,2,0.0745811,0.0739807
2,96000,16,24,256,3,0.0746658,0.0727397
2,96000,16,24,256,4,0.0747039,0.0741893
2,96000,16,24,256,5,0.0750909,0.0725467
2,192000,1,0,32,0,0.0025249,0.0025589
2,192000,1,0,32,1,0.0024903,0.003101
2,192000,1,0,32,2,0.0024878,0.0024524
2,192000,1,0,32,3,0.0027937,0.002454
2,192000,1,0,32,4,0.0027854,0.0024594
2,192000,1,0,32,5,0.0024876,0.0024592
2,192000,1,0,256,0,0.0024915,0.0026148
2,192000,1,0,256,1,0.0024888,0.0032019
2,192000,1,0,256,2,0.0024839,0.0024511
2,192000,1,0,256,3,0.0026463,0.0024504
2,192000,1,0,256,4,0.0026233,0.0024599
2,192000,1,0,256,5,0.0024917,0.0024505
2,192000,1,20,32,0,0.0045108,0.0050259
2,192000,1,20,32,1,0.0045081,0.0043596
2,192000,1,20,32,2,0.0049279,0.0045075
2,192000,1,20,32,3,0.0045769,0.0044155
2,192000,1,20,32,4,0.0050833,0.0043861
2,192000,1,20,32,5,0.0050833,0.0043571
2,192000,1,20,256,0,0.0045107,0.0043601
2,192000,1,20,256,1,0.0045591,0.0046276
2,192000,1,20,256,2,0.0044859,0.0044054
2,192000,1,20,256,3,0.004485,0.0045309
2,192000,1,20,256,4,0.0044863,0.0048912
2,192000,1,20,256,5,0.0044824,0.0044285
2,192000,1,24,32,0,0.0046924,0.0046533
2,192000,1,24,32,1,0.0045603,0.0044317
2,192000,1,24,32,2,0.0051328,0.0044425
2,192000,1,24,32,3,0.0048943,0.0044564
2,192000,1,24,32,4,0.0046089,0.0044314
2,192000,1,24,32,5,0.0052197,0.0044313
2,192000,1,24,256,0,0.0045806,0.0044707
2,192000,1,24,256,1,0.0046377,0.0048413
2,192000,1,24,256,2,0.0045676,0.0045773
2,192000,1,24,256,3,0.0045548,0.0047908
2,192000,1,24,256,4,0.0047359,0.0047118
2,192000,1,24,256,5,0.0045563,0.0044322
2,192000,16,0,32,0,0.0427799,0.0410271
2,192000,16,0,32,1,0.0415089,0.0407017
2,192000,16,0,32,2,0.0414844,0.0415682
2,192000,16,0,32,3,0.0410598,0.0410492
2,192000,16,0,32,4,0.0413372,0.0409038
2,192000,16,0,32,5,0.0422141,0.041016
2,192000,16,0,256,0,0.0423571,0.0417612
2,192000,16,0,256,1,0.0417229,0.041551
2,192000,16,0,256,2,0.0414079,0.0411036
2,192000,16,0,256,3,0.0411359,0.0408848
2,192000,16,0,256,4,0.0414718,0.0405659
2,192000,16,0,256,5,0.0415667,0.0416555
2,192000,16,20,32,0,0.0749578,0.0743043
2,192000,16,20,32,1,0.0734766,0.0730265
2,192000,16,20,32,2,0.0728697,0.071723
2,192000,16,20,32,3,0.0742831,0.0718614
2,192000,16,20,32,4,0.0739014,0.0715251
2,192000,16,20,32,5,0.0733031,0.0715084
2,192000,16,20,256,0,0.0742031,0.0716866
2,192000,16,20,256,1,0.0733913,0.0722284
2,192000,16,20,256,2,0.0740831,0.0712031
2,192000,16,20,256,3,0.0741833,0.0729341
2,192000,16,20,256,4,0.0739765,0.0725289
2,192000,16,20,256,5,0.0745261,0.0724807
2,192000,16,24,32,0,0.0749589,0.0739956
2,192000,16,24,32,1,0.0744033,0.0738109
2,192000,16,24,32,2,0.0746419,0.0730331
2,192000,16,24,32,3,0.0752767,0.0726037
2,192000,16,24,32,4,0.0744831,0.0735369
2,192000,16,24,32,5,0.0747415,0.0734633
2,192000,16,24,256,0,0.0750528,0.0740661
2,192000,16,24,256,1,0.0747079,0.073165
2,192000,16,24,256,2,0.0752266,0.0728001
2,192000,16,24,256,3,0.0747121,0.0726735
2,192000,16,24,256,4,0.0762355,0.0738422
2,192000,16,24,256,5,0.0757565,0.0724793
4,48000,1,0,32,0,0.0044104,0.0044981
4,48000,1,0,32,1,0.0044083,0.0046395
4,48000,1,0,32,2,0.0044259,0.0047404
4,48000,1,0,32,3,0.004426,0.0044402
4,48000,1,0,32,4,0.0044798,0.0047625
4,48000,1,0,32,5,0.0044436,0.0043787
4,48000,1,0,256,0,0.0050663,0.0043754
4,48000,1,0,256,1,0.0047491,0.0043464
4,48000,1,0,256,2,0.0045501,0.0043461
4,48000,1,0,256,3,0.0049093,0.0043463
4,48000,1,0,256,4,0.0044069,0.0043382
4,48000,1,0,256,5,0.0044923,0.0045912
4,48000,1,20,32,0,0.0081976,0.0086832
4,48000,1,20,32,1,0.0084409,0.008083
4,48000,1,20,32,2,0.0083521,0.0086658
4,48000,1,20,32,3,0.0083272,0.0082865
4,48000,1,20,32,4,0.0092872,0.0080918
4,48000,1,20,32,5,0.0082096,0.0087559
4,48000,1,20,256,0,0.0088159,0.0080531
4,48000,1,20,256,1,0.0085088,0.0084129
4,48000,1,20,256,2,0.0086764,0.0087377
4,48000,1,20,256,3,0.0085861,0.0080893
4,48000,1,20,256,4,0.0081914,0.0087342
4,48000,1,20,256,5,0.0089244,0.0080769
4,48000,1,24,32,0,0.0083146,0.0084292
4,48000,1,24,32,1,0.0088445,0.0082052
4,48000,1,24,32,2,0.0085642,0.0082859
4,48000,1,24,32,3,0.0084495,0.008799
4,48000,1,24,32,4,0.0089872,0.0081736
4,48000,1,24,32,5,0.0083365,0.0092763
4,48000,1,24,256,0,0.0090713,0.0081959
4,48000,1,24,256,1,0.0089595,0.0085386
4,48000,1,24,256,2,0.0084599,0.0094942
4,48000,1,24,256,3,0.009039,0.0082342
4,48000,1,24,256,4,0.0083559,0.0086297
4,48000,1,24,256,5,0.0090013,0.0081684
4,48000,16,0,32,0,0.075036,0.0737089
4,48000,16,0,32,1,0.0753741,0.0735125
4,48000,16,0,32,2,0.0755844,0.0739404
4,48000,16,0,32,3,0.0751725,0.0736139
4,48000,16,0,32,4,0.0763905,0.0739792
4,48000,16,0,32,5,0.0752253,0.0744397
4,48000,16,0,256,0,0.0764418,0.0744934
4,48000,16,0,256,1,0.0765648,0.0738105
4,48000,16,0,256,2,0.0759399,0.0745813
4,48000,16,0,256,3,0.0743636,0.0746835
4,48000,16,0,256,4,0.0748045,0.0755752
4,48000,16,0,256,5,0.075515,0.0760964
4,48000,16,20,32,0,0.135218,0.132977
4,48000,16,20,32,1,0.135626,0.13413
4,48000,16,20,32,2,0.134763,0.132943
4,48000,16,20,32,3,0.139722,0.135232
4,48000,16,20,32,4,0.135642,0.134129
4,48000,16,20,32,5,0.134787,0.13365
4,48000,16,20,256,0,0.135476,0.132663
4,48000,16,20,256,1,0.135096,0.132836
4,48000,16,20,256,2,0.138207,0.133254
4,48000,16,20,256,3,0.16985,0.131621
4,48000,16,20,256,4,0.211104,0.132636
4,48000,16,20,256,5,0.136803,0.134929
4,48000,16,24,32,0,0.137333,0.13625
4,48000,16,24,32,1,0.13835,0.13614
4,48000,16,24,32,2,0.137052,0.135995
4,48000,16,24,32,3,0.137541,0.135053
4,48000,16,24,32,4,0.137738,0.134806
4,48000,16,24,32,5,0.137843,0.134986
4,48000,16,24,256,0,0.137923,0.136651
4,48000,16,24,256,1,0.137875,0.135531
4,48000,16,24,256,2,0.140274,0.136572
4,48000,16,24,256,3,0.13832,0.135189
4,48000,16,24,256,4,0.137281,0.134872
4,48000,16,24,256,5,0.1378,0.135334
4,96000,1,0,32,0,0.0047211,0.0043966
4,96000,1,0,32,1,0.0044657,0.0043448
4,96000,1,0,32,2,0.0048041,0.0043506
4,96000,1,0,32,3,0.0045726,0.004416
4,96000,1,0,32,4,0.0044463,0.0043662
4,96000,1,0,32,5,0.0047607,0.0043587
4,96000,1,0,256,0,0.0044139,0.004423
4,96000,1,0,256,1,0.0044232,0.0047157
4,96000,1,0,256,2,0.0044429,0.0043476
4,96000,1,0,256,3,0.0044008,0.0046758
4,96000,1,0,256,4,0.0043937,0.0045405
4,96000,1,0,256,5,0.0043991,0.0043738
4,96000,1,20,32,0,0.0086148,0.0080537
4,96000,1,20,32,1,0.0081976,0.008469
4,96000,1,20,32,2,0.0087107,0.0080756
4,96000,1,20,32,3,0.008192,0.0084082
4,96000,1,20,32,4,0.0086505,0.008252
4,96000,1,20,32,5,0.008981,0.0082116
4,96000,1,20,256,0,0.0082485,0.0083253
4,96000,1,20,256,1,0.0084989,0.0080802
4,96000,1,20,256,2,0.0081834,0.0084833
4,96000,1,20,256,3,0.0085619,0.0080526
4,96000,1,20,256,4,0.0083842,0.008259
4,96000,1,20,256,5,0.0083674,0.0081026
4,96000,1,24,32,0,0.0084988,0.0082258
4,96000,1,24,32,1,0.0083646,0.0085988
4,96000,1,24,32,2,0.0084161,0.0081711
4,96000,1,24,32,3,0.0083321,0.0084957
4,96000,1,24,32,4,0.0086249,0.0081656
4,96000,1,24,32,5,0.0084537,0.008442
4,96000,1,24,256,0,0.0085093,0.0083386
4,96000,1,24,256,1,0.0086714,0.0082478
4,96000,1,24,256,2,0.0083142,0.008495
4,96000,1,24,256,3,0.0084997,0.0081775
4,96000,1,24,256,4,0.0083297,0.0084967
4,96000,1,24,256,5,0.0089685,0.0082421
4,96000,16,0,32,0,0.0739872,0.0727054
4,96000,16,0,32,1,0.0747292,0.0742097
4,96000,16,0,32,2,0.0762146,0.0738572
4,96000,16,0,32,3,0.0759637,0.0741515
4,96000,16,0,32,4,0.0752431,0.0734551
4,96000,16,0,32,5,0.0740884,0.0726339
4,96000,16,0,256,0,0.0752124,0.0736976
4,96000,16,0,256,1,0.0757834,0.075378
4,96000,16,0,256,2,0.0753525,0.0740782
4,96000,16,0,256,3,0.0755038,0.0741319
4,96000,16,0,256,4,0.0753907,0.0735609
4,96000,16,0,256,5,0.0756502,0.0759266
4,96000,16,20,32,0,0.13616,0.133682
4,96000,16,20,32,1,0.135006,0.134259
4,96000,16,20,32,2,0.134809,0.133326
4,96000,16,20,32,3,0.134877,0.133301
4,96000,16,20,32,4,0.140752,0.132864
4,96000,16,20,32,5,0.136112,0.133591
4,96000,16,20,256,0,0.14074,0.14045
4,96000,16,20,256,1,0.144945,0.140303
4,96000,16,20,256,2,0.146263,0.135423
4,96000,16,20,256,3,0.138727,0.135238
4,96000,16,20,256,4,0.137681,0.134717
4,96000,16,20,256,5,0.135948,0.136018
4,96000,16,24,32,0,0.139087,0.14223
4,96000,16,24,32,1,0.144243,0.142052
4,96000,16,24,32,2,0.138721,0.136602
4,96000,16,24,32,3,0.137372,0.139563
4,96000,16,24,32,4,0.137574,0.135762
4,96000,16,24,32,5,0.137933,0.134743
4,96000,16,24,256,0,0.14023,0.14421
4,96000,16,24,256,1,0.13752,0.138799
4,96000,16,24,256,2,0.140281,0.136622
4,96000,16,24,256,3,0.142191,0.140412
4,96000,16,24,256,4,0.137694,0.134923
4,96000,16,24,256,5,0.139111,0.136185
4,192000,1,0,32,0,0.005002,0.0044507
4,192000,1,0,32,1,0.0049195,0.0046486
4,192000,1,0,32,2,0.0044078,0.0043482
4,192000,1,0,32,3,0.0044145,0.0051309
4,192000,1,0,32,4,0.0044078,0.0045758
4,192000,1,0,32,5,0.0044154,0.0045349
4,192000,1,0,256,0,0.0044168,0.0048199
4,192000,1,0,256,1,0.0044279,0.0043603
4,192000,1,0,256,2,0.0046167,0.0044463
4,192000,1,0,256,3,0.0044014,0.0043637
4,192000,1,0,256,4,0.005054,0.0043741
4,192000,1,0,256,5,0.004732,0.0043443
4,192000,1,20,32,0,0.0082418,0.0084789
4,192000,1,20,32,1,0.0084397,0.0080712
4,192000,1,20,32,2,0.0081877,0.0085888
4,192000,1,20,32,3,0.0086752,0.0080577
4,192000,1,20,32,4,0.0081945,0.0086799
4,192000,1,20,32,5,0.0084441,0.0080811
4,192000,1,20,256,0,0.0082837,0.0091596
4,192000,1,20,256,1,0.0082583,0.0082962
4,192000,1,20,256,2,0.0087021,0.0081683
4,192000,1,20,256,3,0.0081919,0.0086973
4,192000,1,20,256,4,0.008719,0.0080559
4,192000,1,20,256,5,0.0082274,0.0085873
4,192000,1,24,32,0,0.0088888,0.0084273
4,192000,1,24,32,1,0.0088391,0.0082735
4,192000,1,24,32,2,0.0083378,0.0084161
4,192000,1,24,32,3,0.0088356,0.0081822
4,192000,1,24,32,4,0.0083195,0.008756
4,192000,1,24,32,5,0.0088411,0.008177
4,192000,1,24,256,0,0.0083559,0.0084833
4,192000,1,24,256,1,0.0083558,0.0085677
4,192000,1,24,256,2,0.0086052,0.0083709
4,192000,1,24,256,3,0.0083581,0.0086206
4,192000,1,24,256,4,0.0085432,0.0081978
4,192000,1,24,256,5,0.0085428,0.0089163
4,192000,16,0,32,0,0.0746727,0.074332
4,192000,16,0,32,1,0.0749054,0.0743703
4,192000,16,0,32,2,0.0750599,0.0747663
4,192000,16,0,32,3,0.0746314,0.0747257
4,192000,16,0,32,4,0.0748689,0.0762077
4,192000,16,0,32,5,0.0757162,0.074594
4,192000,16,0,256,0,0.0748726,0.0740058
4,192000,16,0,256,1,0.0749863,0.0742355
4,192000,16,0,256,2,0.0751942,0.0736469
4,192000,16,0,256,3,0.075636,0.0744188
4,192000,16,0,256,4,0.0745545,0.0766097
4,192000,16,0,256,5,0.0761356,0.0746006
4,192000,16,20,32,0,0.135264,0.133348
4,192000,16,20,32,1,0.137,0.133057
4,192000,16,20,32,2,0.136494,0.133145
4,192000,16,20,32,3,0.134958,0.134624
4,192000,16,20,32,4,0.13652,0.133567
4,192000,16,20,32,5,0.134894,0.132944
4,192000,16,20,256,0,0.13744,0.132598
4,192000,16,20,256,1,0.139552,0.134821
4,192000,16,20,256,2,0.137219,0.135739
4,192000,16,20,256,3,0.138621,0.137673
4,192000,16,20,256,4,0.14635,0.134956
4,192000,16,20,256,5,0.141288,0.134966
4,192000,16,24,32,0,0.14188,0.135428
4,192000,16,24,32,1,0.140021,0.136751
4,192000,16,24,32,2,0.13941,0.138059
4,192000,16,24,32,3,0.157036,0.141692
4,192000,16,24,32,4,0.153406,0.143065
4,192000,16,24,32,5,0.138553,0.140528
4,192000,16,24,256,0,0.139951,0.135282
4,192000,16,24,256,1,0.138269,0.134629
4,192000,16,24,256,2,0.137793,0.136621
4,192000,16,24,256,3,0.138483,0.135935
4,192000,16,24,256,4,0.137559,0.134994
4,192000,16,24,256,5,0.139615,0.136871
