factor,rate,voices,drive_db,pair,reference_seconds,study_seconds
2,48000,16,20,0,0.018861916999999999,0.015369125000000001
2,48000,16,20,1,0.018742792000000001,0.015361458
2,48000,16,20,2,0.018710042,0.015366125
2,48000,16,20,3,0.018729333000000001,0.015573500000000001
2,48000,16,20,4,0.018940041000000001,0.015800667000000001
2,48000,16,20,5,0.018981999999999999,0.015665208
2,48000,16,20,6,0.019009042,0.015653041999999999
2,48000,16,20,7,0.019013458,0.015631625
2,96000,16,20,0,0.019058291000000002,0.015715415999999999
2,96000,16,20,1,0.019019458,0.015557625
2,96000,16,20,2,0.018998041,0.015406167
2,96000,16,20,3,0.018880042,0.015458375
2,96000,16,20,4,0.018860667000000001,0.015440542
2,96000,16,20,5,0.018733166999999998,0.015403208999999999
2,96000,16,20,6,0.018732749999999999,0.015404292
2,96000,16,20,7,0.01875075,0.015375167
2,192000,16,20,0,0.018832583,0.015745874999999999
2,192000,16,20,1,0.018944708000000001,0.015414707999999999
2,192000,16,20,2,0.019067207999999999,0.015543042
2,192000,16,20,3,0.019004750000000001,0.015570000000000001
2,192000,16,20,4,0.018953250000000001,0.015640416000000001
2,192000,16,20,5,0.018986375,0.015598166
2,192000,16,20,6,0.019101291999999999,0.015612584000000001
2,192000,16,20,7,0.018911208999999998,0.015503708
4,48000,16,20,0,0.041940083000000003,0.037180875000000002
4,48000,16,20,1,0.041031333000000003,0.037041749999999998
4,48000,16,20,2,0.040973000000000002,0.037063291999999998
4,48000,16,20,3,0.042007000000000003,0.037116084000000001
4,48000,16,20,4,0.041531917000000002,0.037459540999999999
4,48000,16,20,5,0.041416708000000003,0.037608374999999999
4,48000,16,20,6,0.041058207999999999,0.037033457999999998
4,48000,16,20,7,0.041064875000000001,0.036940624999999998
4,96000,16,20,0,0.040917416999999998,0.036859042000000002
4,96000,16,20,1,0.041488707999999999,0.037148542
4,96000,16,20,2,0.041535542000000002,0.037276208999999998
4,96000,16,20,3,0.041280417,0.037736582999999997
4,96000,16,20,4,0.041076250000000002,0.036956707999999998
4,96000,16,20,5,0.041293707999999998,0.037065415999999997
4,96000,16,20,6,0.041070958999999997,0.037199500000000003
4,96000,16,20,7,0.041630041999999999,0.037237082999999997
4,192000,16,20,0,0.041536875000000001,0.037447583
4,192000,16,20,1,0.041383749999999997,0.037583083000000003
4,192000,16,20,2,0.041043625,0.037135374999999998
4,192000,16,20,3,0.040965833,0.036926792
4,192000,16,20,4,0.040991041999999998,0.036944666000000001
4,192000,16,20,5,0.041603167000000003,0.037224874999999998
4,192000,16,20,6,0.041727291,0.037473291999999998
4,192000,16,20,7,0.041327041000000002,0.037614583
