engine,stage,rate,voices,filter_mode,drive_db,frames,repeat,seconds,realtime_percent,energy
premium,drive,48000,16,0,20,16384,0,0.210222,61.5886,4381.22
premium,drive,48000,16,0,20,16384,1,0.176816,51.8017,4381.22
premium,drive,48000,16,0,20,16384,2,0.163551,47.9154,4381.22
premium,filter,48000,16,0,20,16384,0,0.0136441,3.99729,50721.6
premium,filter,48000,16,0,20,16384,1,0.0137482,4.02779,50721.6
premium,filter,48000,16,0,20,16384,2,0.0142858,4.18529,50721.6
premium,adapter,48000,16,0,20,16384,0,0.156971,45.9876,6116.22
premium,adapter,48000,16,0,20,16384,1,0.150817,44.1848,6116.22
premium,adapter,48000,16,0,20,16384,2,0.153611,45.0031,6116.22
premium,engine-no-fx,48000,16,0,20,16384,0,0.260287,76.2559,147.749
premium,engine-no-fx,48000,16,0,20,16384,1,0.258592,75.7593,147.749
premium,engine-no-fx,48000,16,0,20,16384,2,0.257093,75.3204,147.749
premium,engine-fx,48000,16,0,20,16384,0,0.261536,76.6218,57.2225
premium,engine-fx,48000,16,0,20,16384,1,0.276882,81.1177,57.2225
premium,engine-fx,48000,16,0,20,16384,2,0.271363,79.5008,57.2225
premium,production-no-fx,48000,16,0,20,16384,0,0.142892,41.8629,5381.17
premium,production-no-fx,48000,16,0,20,16384,1,0.171937,50.3723,5381.17
premium,production-no-fx,48000,16,0,20,16384,2,0.170752,50.0251,5381.17
premium,production-fx,48000,16,0,20,16384,0,0.185951,54.4777,3540.29
premium,production-fx,48000,16,0,20,16384,1,0.186907,54.7579,3540.29
premium,production-fx,48000,16,0,20,16384,2,0.212258,62.185,3540.29
premium,drive,48000,16,1,20,16384,0,0.175561,51.434,4381.22
premium,drive,48000,16,1,20,16384,1,0.162501,47.6076,4381.22
premium,drive,48000,16,1,20,16384,2,0.135701,39.7561,4381.22
premium,filter,48000,16,1,20,16384,0,0.0119324,3.49582,58075.7
premium,filter,48000,16,1,20,16384,1,0.012509,3.66475,58075.7
premium,filter,48000,16,1,20,16384,2,0.0115359,3.37966,58075.7
premium,adapter,48000,16,1,20,16384,0,0.14964,43.8397,7228.48
premium,adapter,48000,16,1,20,16384,1,0.150183,43.999,7228.48
premium,adapter,48000,16,1,20,16384,2,0.224582,65.7955,7228.48
premium,engine-no-fx,48000,16,1,20,16384,0,0.279966,82.0212,160.093
premium,engine-no-fx,48000,16,1,20,16384,1,0.25972,76.0899,160.093
premium,engine-no-fx,48000,16,1,20,16384,2,0.265103,77.667,160.093
premium,engine-fx,48000,16,1,20,16384,0,0.273202,80.0396,61.5006
premium,engine-fx,48000,16,1,20,16384,1,0.267658,78.4153,61.5006
premium,engine-fx,48000,16,1,20,16384,2,0.262146,76.8006,61.5006
premium,production-no-fx,48000,16,1,20,16384,0,0.138097,40.4581,5647.1
premium,production-no-fx,48000,16,1,20,16384,1,0.139951,41.0013,5647.1
premium,production-no-fx,48000,16,1,20,16384,2,0.142055,41.6177,5647.1
premium,production-fx,48000,16,1,20,16384,0,0.151731,44.4524,3506.03
premium,production-fx,48000,16,1,20,16384,1,0.146438,42.9018,3506.03
premium,production-fx,48000,16,1,20,16384,2,0.149292,43.7379,3506.03
premium,drive,48000,16,2,20,16384,0,0.133741,39.182,4381.22
premium,drive,48000,16,2,20,16384,1,0.135831,39.7942,4381.22
premium,drive,48000,16,2,20,16384,2,0.133505,39.1127,4381.22
premium,filter,48000,16,2,20,16384,0,0.0112392,3.29273,608.723
premium,filter,48000,16,2,20,16384,1,0.0113302,3.31939,608.723
premium,filter,48000,16,2,20,16384,2,0.0114443,3.35282,608.723
premium,adapter,48000,16,2,20,16384,0,0.148914,43.6271,1411.2
premium,adapter,48000,16,2,20,16384,1,0.150749,44.1647,1411.2
premium,adapter,48000,16,2,20,16384,2,0.150628,44.1292,1411.2
premium,engine-no-fx,48000,16,2,20,16384,0,0.253598,74.2962,20.4205
premium,engine-no-fx,48000,16,2,20,16384,1,0.255422,74.8306,20.4205
premium,engine-no-fx,48000,16,2,20,16384,2,0.26066,76.3653,20.4205
premium,engine-fx,48000,16,2,20,16384,0,0.261083,76.4891,7.02531
premium,engine-fx,48000,16,2,20,16384,1,0.262079,76.781,7.02531
premium,engine-fx,48000,16,2,20,16384,2,0.260346,76.2732,7.02531
premium,production-no-fx,48000,16,2,20,16384,0,0.13999,41.0128,738.767
premium,production-no-fx,48000,16,2,20,16384,1,0.140566,41.1813,738.767
premium,production-no-fx,48000,16,2,20,16384,2,0.141532,41.4645,738.767
premium,production-fx,48000,16,2,20,16384,0,0.145591,42.6537,262.917
premium,production-fx,48000,16,2,20,16384,1,0.146811,43.0109,262.917
premium,production-fx,48000,16,2,20,16384,2,0.145959,42.7613,262.917
premium,drive,48000,16,3,20,16384,0,0.133173,39.0156,4381.22
premium,drive,48000,16,3,20,16384,1,0.1339,39.2286,4381.22
premium,drive,48000,16,3,20,16384,2,0.134109,39.2898,4381.22
premium,filter,48000,16,3,20,16384,0,0.0113496,3.32508,715.234
premium,filter,48000,16,3,20,16384,1,0.0113739,3.3322,715.234
premium,filter,48000,16,3,20,16384,2,0.0114379,3.35095,715.234
premium,adapter,48000,16,3,20,16384,0,0.148834,43.6037,239.286
premium,adapter,48000,16,3,20,16384,1,0.167618,49.1068,239.286
premium,adapter,48000,16,3,20,16384,2,0.147021,43.0726,239.286
premium,engine-no-fx,48000,16,3,20,16384,0,0.256732,75.2144,2.7471
premium,engine-no-fx,48000,16,3,20,16384,1,0.25806,75.6034,2.7471
premium,engine-no-fx,48000,16,3,20,16384,2,0.259535,76.0358,2.7471
premium,engine-fx,48000,16,3,20,16384,0,0.260719,76.3826,0.944316
premium,engine-fx,48000,16,3,20,16384,1,0.261321,76.5589,0.944316
premium,engine-fx,48000,16,3,20,16384,2,0.258666,75.781,0.944316
premium,production-no-fx,48000,16,3,20,16384,0,0.138217,40.4934,764.358
premium,production-no-fx,48000,16,3,20,16384,1,0.139463,40.8583,764.358
premium,production-no-fx,48000,16,3,20,16384,2,0.14137,41.4171,764.358
premium,production-fx,48000,16,3,20,16384,0,0.145808,42.7171,263.225
premium,production-fx,48000,16,3,20,16384,1,0.146224,42.8389,263.225
premium,production-fx,48000,16,3,20,16384,2,0.145453,42.6132,263.225
premium,drive,96000,16,0,20,16384,0,0.133061,77.9657,4383.99
premium,drive,96000,16,0,20,16384,1,0.133505,78.2256,4383.99
premium,drive,96000,16,0,20,16384,2,0.132916,77.8807,4383.99
premium,filter,96000,16,0,20,16384,0,0.0113322,6.63996,50805.3
premium,filter,96000,16,0,20,16384,1,0.0113259,6.63627,50805.3
premium,filter,96000,16,0,20,16384,2,0.0113424,6.64594,50805.3
premium,adapter,96000,16,0,20,16384,0,0.147249,86.2789,6131.76
premium,adapter,96000,16,0,20,16384,1,0.146817,86.0256,6131.76
premium,adapter,96000,16,0,20,16384,2,0.147109,86.1967,6131.76
premium,engine-no-fx,96000,16,0,20,16384,0,0.249625,146.265,146.941
premium,engine-no-fx,96000,16,0,20,16384,1,0.253124,148.315,146.941
premium,engine-no-fx,96000,16,0,20,16384,2,0.247363,144.939,146.941
premium,engine-fx,96000,16,0,20,16384,0,0.256757,150.443,57.1782
premium,engine-fx,96000,16,0,20,16384,1,0.257045,150.612,57.1782
premium,engine-fx,96000,16,0,20,16384,2,0.256176,150.103,57.1782
premium,production-no-fx,96000,16,0,20,16384,0,0.136859,80.1906,5974.93
premium,production-no-fx,96000,16,0,20,16384,1,0.136833,80.1754,5974.93
premium,production-no-fx,96000,16,0,20,16384,2,0.136853,80.1871,5974.93
premium,production-fx,96000,16,0,20,16384,0,0.144107,84.4377,3131.06
premium,production-fx,96000,16,0,20,16384,1,0.147591,86.4791,3131.06
premium,production-fx,96000,16,0,20,16384,2,0.146403,85.7832,3131.06
premium,drive,96000,16,1,20,16384,0,0.133679,78.3278,4383.99
premium,drive,96000,16,1,20,16384,1,0.134284,78.6818,4383.99
premium,drive,96000,16,1,20,16384,2,0.134396,78.7477,4383.99
premium,filter,96000,16,1,20,16384,0,0.011279,6.60879,58246.1
premium,filter,96000,16,1,20,16384,1,0.0115398,6.7616,58246.1
premium,filter,96000,16,1,20,16384,2,0.0112356,6.58336,58246.1
premium,adapter,96000,16,1,20,16384,0,0.147159,86.226,7259.78
premium,adapter,96000,16,1,20,16384,1,0.147786,86.5932,7259.78
premium,adapter,96000,16,1,20,16384,2,0.146101,85.6061,7259.78
premium,engine-no-fx,96000,16,1,20,16384,0,0.250402,146.72,161.221
premium,engine-no-fx,96000,16,1,20,16384,1,0.252917,148.194,161.221
premium,engine-no-fx,96000,16,1,20,16384,2,0.248055,145.345,161.221
premium,engine-fx,96000,16,1,20,16384,0,0.255368,149.63,62.1424
premium,engine-fx,96000,16,1,20,16384,1,0.255548,149.735,62.1424
premium,engine-fx,96000,16,1,20,16384,2,0.253497,148.533,62.1424
premium,production-no-fx,96000,16,1,20,16384,0,0.135425,79.3505,6080.39
premium,production-no-fx,96000,16,1,20,16384,1,0.135559,79.4294,6080.39
premium,production-no-fx,96000,16,1,20,16384,2,0.138917,81.3968,6080.39
premium,production-fx,96000,16,1,20,16384,0,0.142984,83.7794,2887.68
premium,production-fx,96000,16,1,20,16384,1,0.142139,83.2843,2887.68
premium,production-fx,96000,16,1,20,16384,2,0.14193,83.1624,2887.68
premium,drive,96000,16,2,20,16384,0,0.133454,78.1957,4383.99
premium,drive,96000,16,2,20,16384,1,0.133331,78.1236,4383.99
premium,drive,96000,16,2,20,16384,2,0.133899,78.4563,4383.99
premium,filter,96000,16,2,20,16384,0,0.0114686,6.71988,616.742
premium,filter,96000,16,2,20,16384,1,0.0113069,6.62514,616.742
premium,filter,96000,16,2,20,16384,2,0.0114089,6.6849,616.742
premium,adapter,96000,16,2,20,16384,0,0.146962,86.1105,1411.87
premium,adapter,96000,16,2,20,16384,1,0.147429,86.3843,1411.87
premium,adapter,96000,16,2,20,16384,2,0.146048,85.5752,1411.87
premium,engine-no-fx,96000,16,2,20,16384,0,0.252315,147.841,21.1114
premium,engine-no-fx,96000,16,2,20,16384,1,0.256183,150.107,21.1114
premium,engine-no-fx,96000,16,2,20,16384,2,0.26825,157.178,21.1114
premium,engine-fx,96000,16,2,20,16384,0,0.255599,149.765,7.45869
premium,engine-fx,96000,16,2,20,16384,1,0.278878,163.405,7.45869
premium,engine-fx,96000,16,2,20,16384,2,0.265249,155.419,7.45869
premium,production-no-fx,96000,16,2,20,16384,0,0.137337,80.4711,835.084
premium,production-no-fx,96000,16,2,20,16384,1,0.143911,84.3227,835.084
premium,production-no-fx,96000,16,2,20,16384,2,0.145136,85.0407,835.084
premium,production-fx,96000,16,2,20,16384,0,0.156381,91.6295,295.435
premium,production-fx,96000,16,2,20,16384,1,0.146629,85.9153,295.435
premium,production-fx,96000,16,2,20,16384,2,0.149057,87.3382,295.435
premium,drive,96000,16,3,20,16384,0,0.137389,80.5013,4383.99
premium,drive,96000,16,3,20,16384,1,0.170414,99.8519,4383.99
premium,drive,96000,16,3,20,16384,2,0.176496,103.416,4383.99
premium,filter,96000,16,3,20,16384,0,0.0117544,6.88734,721.673
premium,filter,96000,16,3,20,16384,1,0.0117694,6.89613,721.673
premium,filter,96000,16,3,20,16384,2,0.0130807,7.66447,721.673
premium,adapter,96000,16,3,20,16384,0,0.157796,92.4584,240.39
premium,adapter,96000,16,3,20,16384,1,0.155267,90.9768,240.39
premium,adapter,96000,16,3,20,16384,2,0.148663,87.1074,240.39
premium,engine-no-fx,96000,16,3,20,16384,0,0.249577,146.237,2.87818
premium,engine-no-fx,96000,16,3,20,16384,1,0.25402,148.84,2.87818
premium,engine-no-fx,96000,16,3,20,16384,2,0.252036,147.677,2.87818
premium,engine-fx,96000,16,3,20,16384,0,0.25503,149.431,1.00718
premium,engine-fx,96000,16,3,20,16384,1,0.253444,148.502,1.00718
premium,engine-fx,96000,16,3,20,16384,2,0.25533,149.607,1.00718
premium,production-no-fx,96000,16,3,20,16384,0,0.135655,79.4854,823.349
premium,production-no-fx,96000,16,3,20,16384,1,0.137703,80.6855,823.349
premium,production-no-fx,96000,16,3,20,16384,2,0.138258,81.0103,823.349
premium,production-fx,96000,16,3,20,16384,0,0.142229,83.3372,287.865
premium,production-fx,96000,16,3,20,16384,1,0.141707,83.0316,287.865
premium,production-fx,96000,16,3,20,16384,2,0.140464,82.3034,287.865
premium,drive,192000,16,0,20,16384,0,0.133205,156.1,4385.86
premium,drive,192000,16,0,20,16384,1,0.133357,156.278,4385.86
premium,drive,192000,16,0,20,16384,2,0.131504,154.106,4385.86
premium,filter,192000,16,0,20,16384,0,0.0116218,13.6193,50757.8
premium,filter,192000,16,0,20,16384,1,0.0119953,14.057,50757.8
premium,filter,192000,16,0,20,16384,2,0.0113676,13.3214,50757.8
premium,adapter,192000,16,0,20,16384,0,0.147603,172.972,6132.22
premium,adapter,192000,16,0,20,16384,1,0.151929,178.041,6132.22
premium,adapter,192000,16,0,20,16384,2,0.146902,172.151,6132.22
premium,engine-no-fx,192000,16,0,20,16384,0,0.246825,289.248,129.451
premium,engine-no-fx,192000,16,0,20,16384,1,0.249458,292.334,129.451
premium,engine-no-fx,192000,16,0,20,16384,2,0.246232,288.553,129.451
premium,engine-fx,192000,16,0,20,16384,0,0.251617,294.864,51.9601
premium,engine-fx,192000,16,0,20,16384,1,0.251926,295.225,51.9601
premium,engine-fx,192000,16,0,20,16384,2,0.248649,291.386,51.9601
premium,production-no-fx,192000,16,0,20,16384,0,0.132749,155.565,4742.85
premium,production-no-fx,192000,16,0,20,16384,1,0.132482,155.252,4742.85
premium,production-no-fx,192000,16,0,20,16384,2,0.134042,157.081,4742.85
premium,production-fx,192000,16,0,20,16384,0,0.13826,162.023,1879.74
premium,production-fx,192000,16,0,20,16384,1,0.137213,160.796,1879.74
premium,production-fx,192000,16,0,20,16384,2,0.137818,161.505,1879.74
premium,drive,192000,16,1,20,16384,0,0.134031,157.068,4385.86
premium,drive,192000,16,1,20,16384,1,0.133769,156.761,4385.86
premium,drive,192000,16,1,20,16384,2,0.132072,154.772,4385.86
premium,filter,192000,16,1,20,16384,0,0.0112025,13.1279,58253.8
premium,filter,192000,16,1,20,16384,1,0.0109133,12.789,58253.8
premium,filter,192000,16,1,20,16384,2,0.0108986,12.7718,58253.8
premium,adapter,192000,16,1,20,16384,0,0.144768,169.65,7264.43
premium,adapter,192000,16,1,20,16384,1,0.146085,171.193,7264.43
premium,adapter,192000,16,1,20,16384,2,0.145088,170.025,7264.43
premium,engine-no-fx,192000,16,1,20,16384,0,0.250445,293.49,146.312
premium,engine-no-fx,192000,16,1,20,16384,1,0.246751,289.161,146.312
premium,engine-no-fx,192000,16,1,20,16384,2,0.244662,286.713,146.312
premium,engine-fx,192000,16,1,20,16384,0,0.249546,292.437,58.3254
premium,engine-fx,192000,16,1,20,16384,1,0.250187,293.188,58.3254
premium,engine-fx,192000,16,1,20,16384,2,0.251511,294.74,58.3254
premium,production-no-fx,192000,16,1,20,16384,0,0.135145,158.373,4536
premium,production-no-fx,192000,16,1,20,16384,1,0.134702,157.853,4536
premium,production-no-fx,192000,16,1,20,16384,2,0.133478,156.419,4536
premium,production-fx,192000,16,1,20,16384,0,0.138487,162.29,1632.62
premium,production-fx,192000,16,1,20,16384,1,0.138265,162.029,1632.62
premium,production-fx,192000,16,1,20,16384,2,0.137613,161.265,1632.62
premium,drive,192000,16,2,20,16384,0,0.134356,157.449,4385.86
premium,drive,192000,16,2,20,16384,1,0.134135,157.19,4385.86
premium,drive,192000,16,2,20,16384,2,0.132646,155.445,4385.86
premium,filter,192000,16,2,20,16384,0,0.0112806,13.2195,616.429
premium,filter,192000,16,2,20,16384,1,0.0112777,13.2161,616.429
premium,filter,192000,16,2,20,16384,2,0.0112483,13.1816,616.429
premium,adapter,192000,16,2,20,16384,0,0.147598,172.967,1411.75
premium,adapter,192000,16,2,20,16384,1,0.143489,168.152,1411.75
premium,adapter,192000,16,2,20,16384,2,0.146999,172.265,1411.75
premium,engine-no-fx,192000,16,2,20,16384,0,0.249177,292.004,34.5643
premium,engine-no-fx,192000,16,2,20,16384,1,0.244124,286.083,34.5643
premium,engine-no-fx,192000,16,2,20,16384,2,0.246601,288.985,34.5643
premium,engine-fx,192000,16,2,20,16384,0,0.249802,292.737,13.5791
premium,engine-fx,192000,16,2,20,16384,1,0.254557,298.309,13.5791
premium,engine-fx,192000,16,2,20,16384,2,0.247391,289.912,13.5791
premium,production-no-fx,192000,16,2,20,16384,0,0.132963,155.816,1126.23
premium,production-no-fx,192000,16,2,20,16384,1,0.132664,155.465,1126.23
premium,production-no-fx,192000,16,2,20,16384,2,0.136489,159.948,1126.23
premium,production-fx,192000,16,2,20,16384,0,0.138403,162.191,501.517
premium,production-fx,192000,16,2,20,16384,1,0.138921,162.798,501.517
premium,production-fx,192000,16,2,20,16384,2,0.137299,160.897,501.517
premium,drive,192000,16,3,20,16384,0,0.132627,155.422,4385.86
premium,drive,192000,16,3,20,16384,1,0.133474,156.415,4385.86
premium,drive,192000,16,3,20,16384,2,0.131858,154.522,4385.86
premium,filter,192000,16,3,20,16384,0,0.0111114,13.0212,722.399
premium,filter,192000,16,3,20,16384,1,0.011098,13.0055,722.399
premium,filter,192000,16,3,20,16384,2,0.0110253,12.9203,722.399
premium,adapter,192000,16,3,20,16384,0,0.148127,173.586,240.162
premium,adapter,192000,16,3,20,16384,1,0.148529,174.057,240.162
premium,adapter,192000,16,3,20,16384,2,0.14715,172.442,240.162
premium,engine-no-fx,192000,16,3,20,16384,0,0.245085,287.209,4.32295
premium,engine-no-fx,192000,16,3,20,16384,1,0.244803,286.878,4.32295
premium,engine-no-fx,192000,16,3,20,16384,2,0.247096,289.565,4.32295
premium,engine-fx,192000,16,3,20,16384,0,0.250344,293.371,1.67455
premium,engine-fx,192000,16,3,20,16384,1,0.249255,292.096,1.67455
premium,engine-fx,192000,16,3,20,16384,2,0.251005,294.146,1.67455
premium,production-no-fx,192000,16,3,20,16384,0,0.134099,157.147,1054.09
premium,production-no-fx,192000,16,3,20,16384,1,0.135276,158.527,1054.09
premium,production-no-fx,192000,16,3,20,16384,2,0.134198,157.263,1054.09
premium,production-fx,192000,16,3,20,16384,0,0.137553,161.195,401.012
premium,production-fx,192000,16,3,20,16384,1,0.138614,162.438,401.012
premium,production-fx,192000,16,3,20,16384,2,0.137708,161.376,401.012
