drive_db,pair,order,reference_seconds,candidate_seconds
0,0,reference-first,0.0041290420000000003,0.0016364999999999999
0,1,study-first,0.0040353749999999999,0.0016763329999999999
0,2,reference-first,0.0039594160000000003,0.001713291
0,3,study-first,0.0039502089999999997,0.001655459
0,4,reference-first,0.0040984589999999996,0.0016364579999999999
0,5,study-first,0.0040804580000000003,0.001655
0,6,reference-first,0.0039405839999999996,0.001665709
0,7,study-first,0.0039526250000000004,0.0017018339999999999
12,0,reference-first,0.0043271250000000002,0.001639375
12,1,study-first,0.0042147920000000002,0.0016438329999999999
12,2,reference-first,0.0041738330000000001,0.0016465
12,3,study-first,0.0041835839999999997,0.0016980420000000001
12,4,reference-first,0.0042386669999999998,0.001645458
12,5,study-first,0.004286125,0.0016392500000000001
12,6,reference-first,0.0041495830000000001,0.0016692499999999999
12,7,study-first,0.0041441250000000002,0.0016438749999999999
20,0,reference-first,0.0043344170000000001,0.0016392080000000001
20,1,study-first,0.0043722919999999998,0.001650208
20,2,reference-first,0.004334666,0.0017127080000000001
20,3,study-first,0.0043283339999999997,0.001760375
20,4,reference-first,0.0043319580000000003,0.001641834
20,5,study-first,0.0043160830000000001,0.0016525000000000001
20,6,reference-first,0.0043084170000000001,0.001698167
20,7,study-first,0.0043417919999999997,0.0016395419999999999
24,0,reference-first,0.004332916,0.00163725
24,1,study-first,0.0043246250000000003,0.0016399170000000001
24,2,reference-first,0.0042927499999999997,0.001645875
24,3,study-first,0.0042941669999999998,0.001639417
24,4,reference-first,0.0043292080000000002,0.001643792
24,5,study-first,0.0043111670000000003,0.0016481250000000001
24,6,reference-first,0.0043214589999999997,0.0016397079999999999
24,7,study-first,0.0043037079999999998,0.0016448750000000001
