rate,scene,drive_control,rate_to_4x_rms,rate_to_8x_rms,4x_to_8x_rms,filtered_rate_to_8x_rms,filtered_4x_to_8x_rms,rate_to_8x_peak
176400,bass,20,8.83154e-05,8.82853e-05,7.04046e-08,3.58558e-05,3.45709e-08,0.000290844
176400,bass,24,0.000399945,0.000398617,3.38211e-06,0.000186528,1.94813e-06,0.00115698
176400,bass,steps,6.40303e-05,9.43787e-05,3.10122e-05,9.43864e-05,3.14181e-05,0.000133328
176400,lead,20,0.000237719,0.000237584,5.65967e-07,0.000106869,2.67275e-07,0.000766657
176400,lead,24,0.00101404,0.0010123,1.60158e-05,0.000539281,8.67586e-06,0.00237771
176400,lead,steps,7.94915e-05,0.000113962,3.64984e-05,0.000111475,3.69957e-05,0.000133738
176400,pad-voice,20,3.75909e-05,3.75909e-05,8.95757e-09,1.06338e-05,1.29443e-08,8.79243e-05
176400,pad-voice,24,0.000250428,0.000250454,4.49076e-07,0.000109138,1.5438e-07,0.000457469
176400,pad-voice,steps,4.35885e-05,6.51343e-05,2.16494e-05,6.77591e-05,2.25871e-05,3.40641e-05
176400,high-lead,20,0.00112022,0.00112379,8.17717e-06,0.000422513,2.63215e-06,0.00296636
176400,high-lead,24,0.00363198,0.00366091,0.000118193,0.00155743,4.94389e-05,0.0053414
176400,high-lead,steps,0.000283929,0.000293027,3.18531e-05,0.000123576,3.13493e-05,0.0014108
192000,bass,20,0.000121875,0.000121752,2.3879e-07,4.68254e-05,1.12357e-07,0.000521891
192000,bass,24,0.00048828,0.000487382,4.59704e-06,0.000215845,1.1934e-06,0.0015052
192000,bass,steps,6.64724e-05,9.57191e-05,3.07931e-05,9.39006e-05,3.11557e-05,0.000204653
192000,lead,20,0.000208363,0.000208389,3.31556e-07,7.28698e-05,1.08823e-07,0.000570022
192000,lead,24,0.000955435,0.000957669,1.16134e-05,0.000465014,5.3476e-06,0.00195431
192000,lead,steps,7.85365e-05,0.000112003,3.57408e-05,0.000107773,3.58949e-05,0.000214968
192000,pad-voice,20,5.50012e-05,5.49981e-05,1.79053e-08,1.68084e-05,1.37105e-08,0.000154506
192000,pad-voice,24,0.000312537,0.000311763,1.24184e-06,0.000110557,4.8508e-07,0.000623941
192000,pad-voice,steps,4.99728e-05,7.42066e-05,2.45323e-05,7.60191e-05,2.53246e-05,5.4948e-05
192000,high-lead,20,0.0013479,0.00133953,1.58895e-05,0.000437667,5.1359e-06,0.00374766
192000,high-lead,24,0.00395374,0.00386792,0.000190808,0.00147153,7.57537e-05,0.00541834
192000,high-lead,steps,0.00033951,0.000347157,3.22587e-05,0.000137718,3.18876e-05,0.00231394
