factor,rate,voices,drive_db,buffer,pair,sparse_seconds,compact_seconds
2,48000,1,0,32,0,0.002842,0.002552
2,48000,1,0,32,1,0.0028133,0.0024876
2,48000,1,0,32,2,0.0029898,0.0025847
2,48000,1,0,32,3,0.0028184,0.0024937
2,48000,1,0,32,4,0.0028317,0.002537
2,48000,1,0,32,5,0.0028137,0.0024913
2,48000,1,0,256,0,0.0028699,0.0024839
2,48000,1,0,256,1,0.0029885,0.0024868
2,48000,1,0,256,2,0.0028105,0.0024836
2,48000,1,0,256,3,0.0028434,0.0024878
2,48000,1,0,256,4,0.0028545,0.0024958
2,48000,1,0,256,5,0.0028086,0.0024865
2,48000,1,20,32,0,0.0047982,0.0045245
2,48000,1,20,32,1,0.0047956,0.004481
2,48000,1,20,32,2,0.0048077,0.0045972
2,48000,1,20,32,3,0.0048116,0.0044784
2,48000,1,20,32,4,0.0047876,0.0045179
2,48000,1,20,32,5,0.0047965,0.0045495
2,48000,1,20,256,0,0.0047878,0.0045639
2,48000,1,20,256,1,0.0047872,0.0044791
2,48000,1,20,256,2,0.0049966,0.0045871
2,48000,1,20,256,3,0.0050767,0.0044811
2,48000,1,20,256,4,0.0048804,0.0046523
2,48000,1,20,256,5,0.0049366,0.0045071
2,48000,1,24,32,0,0.0048646,0.0048824
2,48000,1,24,32,1,0.0049422,0.0046371
2,48000,1,24,32,2,0.0051586,0.0047938
2,48000,1,24,32,3,0.0050261,0.0045787
2,48000,1,24,32,4,0.0051989,0.0048218
2,48000,1,24,32,5,0.0049075,0.0045502
2,48000,1,24,256,0,0.0049871,0.0045503
2,48000,1,24,256,1,0.0048821,0.0046538
2,48000,1,24,256,2,0.0049307,0.0045942
2,48000,1,24,256,3,0.0048607,0.0045967
2,48000,1,24,256,4,0.0053239,0.0046093
2,48000,1,24,256,5,0.004909,0.004768
2,48000,16,0,32,0,0.0475286,0.0406623
2,48000,16,0,32,1,0.0487666,0.0410659
2,48000,16,0,32,2,0.0466522,0.0399623
2,48000,16,0,32,3,0.0457648,0.0403082
2,48000,16,0,32,4,0.0458567,0.0402572
2,48000,16,0,32,5,0.0459266,0.0400264
2,48000,16,0,256,0,0.0458033,0.0399096
2,48000,16,0,256,1,0.0457702,0.0399123
2,48000,16,0,256,2,0.0458428,0.040036
2,48000,16,0,256,3,0.0458329,0.0400394
2,48000,16,0,256,4,0.0459541,0.0399419
2,48000,16,0,256,5,0.0459465,0.0399457
2,48000,16,20,32,0,0.0794921,0.0722411
2,48000,16,20,32,1,0.0774422,0.0718182
2,48000,16,20,32,2,0.0777463,0.0715373
2,48000,16,20,32,3,0.0776986,0.0718255
2,48000,16,20,32,4,0.0777146,0.0715798
2,48000,16,20,32,5,0.0772526,0.071423
2,48000,16,20,256,0,0.0772187,0.0724825
2,48000,16,20,256,1,0.0771912,0.0718709
2,48000,16,20,256,2,0.0772543,0.0726345
2,48000,16,20,256,3,0.0776701,0.0712954
2,48000,16,20,256,4,0.0777523,0.0717003
2,48000,16,20,256,5,0.0780378,0.071227
2,48000,16,24,32,0,0.0784148,0.0731863
2,48000,16,24,32,1,0.0798136,0.0735245
2,48000,16,24,32,2,0.0789134,0.0750704
2,48000,16,24,32,3,0.0785818,0.0726557
2,48000,16,24,32,4,0.0783918,0.0736973
2,48000,16,24,32,5,0.0819967,0.072553
2,48000,16,24,256,0,0.0787777,0.0725895
2,48000,16,24,256,1,0.0785048,0.0749332
2,48000,16,24,256,2,0.0784167,0.0725603
2,48000,16,24,256,3,0.0785027,0.0725292
2,48000,16,24,256,4,0.0781959,0.0723104
2,48000,16,24,256,5,0.0784798,0.0727302
2,96000,1,0,32,0,0.0028141,0.0024909
2,96000,1,0,32,1,0.0028158,0.0024981
2,96000,1,0,32,2,0.0029321,0.0024885
2,96000,1,0,32,3,0.0028163,0.0024859
2,96000,1,0,32,4,0.0028254,0.0024873
2,96000,1,0,32,5,0.0028203,0.0024894
2,96000,1,0,256,0,0.0028258,0.0025953
2,96000,1,0,256,1,0.002816,0.0024843
2,96000,1,0,256,2,0.0028504,0.0024909
2,96000,1,0,256,3,0.0028158,0.0024957
2,96000,1,0,256,4,0.0028108,0.0024877
2,96000,1,0,256,5,0.0028269,0.0024847
2,96000,1,20,32,0,0.0047924,0.0045259
2,96000,1,20,32,1,0.0047866,0.0046378
2,96000,1,20,32,2,0.0047903,0.0045691
2,96000,1,20,32,3,0.0047933,0.0044923
2,96000,1,20,32,4,0.0048511,0.0045635
2,96000,1,20,32,5,0.0048259,0.0046027
2,96000,1,20,256,0,0.0047981,0.0045105
2,96000,1,20,256,1,0.0048306,0.0044897
2,96000,1,20,256,2,0.00479,0.0045264
2,96000,1,20,256,3,0.0048671,0.0044817
2,96000,1,20,256,4,0.0048033,0.0045136
2,96000,1,20,256,5,0.0048018,0.0044724
2,96000,1,24,32,0,0.0048705,0.0045516
2,96000,1,24,32,1,0.0049007,0.0045623
2,96000,1,24,32,2,0.0048623,0.0045658
2,96000,1,24,32,3,0.0051855,0.0045502
2,96000,1,24,32,4,0.0050857,0.0047557
2,96000,1,24,32,5,0.0048898,0.0046994
2,96000,1,24,256,0,0.0048977,0.0045934
2,96000,1,24,256,1,0.0048709,0.0045977
2,96000,1,24,256,2,0.0049245,0.0045531
2,96000,1,24,256,3,0.0049044,0.0045475
2,96000,1,24,256,4,0.0048614,0.004541
2,96000,1,24,256,5,0.0048687,0.0045456
2,96000,16,0,32,0,0.0457144,0.0402298
2,96000,16,0,32,1,0.045805,0.0400587
2,96000,16,0,32,2,0.0471048,0.0401572
2,96000,16,0,32,3,0.0459774,0.0400076
2,96000,16,0,32,4,0.0457932,0.0400581
2,96000,16,0,32,5,0.0457661,0.0399674
2,96000,16,0,256,0,0.0457667,0.0402747
2,96000,16,0,256,1,0.049153,0.0400294
2,96000,16,0,256,2,0.0529705,0.0422756
2,96000,16,0,256,3,0.0474847,0.0424092
2,96000,16,0,256,4,0.0463016,0.0399802
2,96000,16,0,256,5,0.0459448,0.04007
2,96000,16,20,32,0,0.0776558,0.0763527
2,96000,16,20,32,1,0.0856715,0.0762439
2,96000,16,20,32,2,0.0791254,0.0724705
2,96000,16,20,32,3,0.0772981,0.0714465
2,96000,16,20,32,4,0.0774118,0.071975
2,96000,16,20,32,5,0.0775903,0.0719533
2,96000,16,20,256,0,0.0772079,0.0717325
2,96000,16,20,256,1,0.0770979,0.072813
2,96000,16,20,256,2,0.0770146,0.0711865
2,96000,16,20,256,3,0.0775531,0.0726699
2,96000,16,20,256,4,0.0776228,0.0717914
2,96000,16,20,256,5,0.0776902,0.073754
2,96000,16,24,32,0,0.0785963,0.07249
2,96000,16,24,32,1,0.0793579,0.0728284
2,96000,16,24,32,2,0.0782271,0.072668
2,96000,16,24,32,3,0.0786476,0.0723664
2,96000,16,24,32,4,0.0784034,0.0725889
2,96000,16,24,32,5,0.078475,0.0728318
2,96000,16,24,256,0,0.0783326,0.0723196
2,96000,16,24,256,1,0.0787097,0.073343
2,96000,16,24,256,2,0.078524,0.0725581
2,96000,16,24,256,3,0.0784574,0.0723711
2,96000,16,24,256,4,0.0786007,0.0726642
2,96000,16,24,256,5,0.080405,0.0731331
2,192000,1,0,32,0,0.0028354,0.0024876
2,192000,1,0,32,1,0.0028524,0.0024935
2,192000,1,0,32,2,0.0029593,0.0025027
2,192000,1,0,32,3,0.0028107,0.0024886
2,192000,1,0,32,4,0.0028158,0.0024867
2,192000,1,0,32,5,0.0028271,0.0025251
2,192000,1,0,256,0,0.0028131,0.0024875
2,192000,1,0,256,1,0.002891,0.0024869
2,192000,1,0,256,2,0.002811,0.0024878
2,192000,1,0,256,3,0.0028148,0.0024846
2,192000,1,0,256,4,0.0028951,0.0025076
2,192000,1,0,256,5,0.0028133,0.002486
2,192000,1,20,32,0,0.0048381,0.0044931
2,192000,1,20,32,1,0.0047937,0.004478
2,192000,1,20,32,2,0.0049074,0.0044775
2,192000,1,20,32,3,0.0048777,0.00448
2,192000,1,20,32,4,0.004822,0.0044814
2,192000,1,20,32,5,0.0047989,0.004534
2,192000,1,20,256,0,0.0048715,0.0045265
2,192000,1,20,256,1,0.0047893,0.0044849
2,192000,1,20,256,2,0.0048417,0.0045118
2,192000,1,20,256,3,0.0048079,0.0045132
2,192000,1,20,256,4,0.0048666,0.0044725
2,192000,1,20,256,5,0.0047918,0.0045199
2,192000,1,24,32,0,0.0050117,0.0045627
2,192000,1,24,32,1,0.0048677,0.0045484
2,192000,1,24,32,2,0.0049653,0.0045506
2,192000,1,24,32,3,0.0048631,0.004666
2,192000,1,24,32,4,0.0053121,0.0046187
2,192000,1,24,32,5,0.0049511,0.0046125
2,192000,1,24,256,0,0.0049135,0.0045628
2,192000,1,24,256,1,0.004906,0.0046586
2,192000,1,24,256,2,0.0049454,0.004551
2,192000,1,24,256,3,0.0048747,0.0045956
2,192000,1,24,256,4,0.0048712,0.0045815
2,192000,1,24,256,5,0.0048661,0.0045605
2,192000,16,0,32,0,0.0461412,0.039929
2,192000,16,0,32,1,0.0458886,0.0402047
2,192000,16,0,32,2,0.0458432,0.0401196
2,192000,16,0,32,3,0.0459132,0.0401365
2,192000,16,0,32,4,0.0457815,0.040304
2,192000,16,0,32,5,0.0457601,0.0399218
2,192000,16,0,256,0,0.0458187,0.0402217
2,192000,16,0,256,1,0.0458057,0.0402077
2,192000,16,0,256,2,0.0458603,0.0399627
2,192000,16,0,256,3,0.045814,0.0399268
2,192000,16,0,256,4,0.0460307,0.0399919
2,192000,16,0,256,5,0.0459094,0.0404845
2,192000,16,20,32,0,0.077652,0.0730701
2,192000,16,20,32,1,0.077665,0.0729718
2,192000,16,20,32,2,0.0772254,0.0710904
2,192000,16,20,32,3,0.0771587,0.0735745
2,192000,16,20,32,4,0.0773935,0.0715593
2,192000,16,20,32,5,0.0773413,0.0728231
2,192000,16,20,256,0,0.0774205,0.0714036
2,192000,16,20,256,1,0.0774543,0.072469
2,192000,16,20,256,2,0.0773414,0.0712778
2,192000,16,20,256,3,0.078603,0.071317
2,192000,16,20,256,4,0.0773997,0.0713449
2,192000,16,20,256,5,0.0777945,0.0711806
2,192000,16,24,32,0,0.078357,0.0732485
2,192000,16,24,32,1,0.0790106,0.0729813
2,192000,16,24,32,2,0.0786773,0.0723698
2,192000,16,24,32,3,0.078913,0.0724685
2,192000,16,24,32,4,0.0786591,0.0723991
2,192000,16,24,32,5,0.0785754,0.0722913
2,192000,16,24,256,0,0.0785237,0.0727268
2,192000,16,24,256,1,0.0786995,0.072487
2,192000,16,24,256,2,0.0790816,0.0724837
2,192000,16,24,256,3,0.0783867,0.0726202
2,192000,16,24,256,4,0.0792328,0.0735125
2,192000,16,24,256,5,0.0788884,0.0727429
4,48000,1,0,32,0,0.0055814,0.0046393
4,48000,1,0,32,1,0.005507,0.0044432
4,48000,1,0,32,2,0.0057307,0.0044206
4,48000,1,0,32,3,0.0054732,0.0044353
4,48000,1,0,32,4,0.0054681,0.0044391
4,48000,1,0,32,5,0.0055109,0.004455
4,48000,1,0,256,0,0.0054855,0.0044424
4,48000,1,0,256,1,0.0054868,0.0044057
4,48000,1,0,256,2,0.005471,0.0044474
4,48000,1,0,256,3,0.0057931,0.0044286
4,48000,1,0,256,4,0.0055576,0.0044729
4,48000,1,0,256,5,0.005542,0.0044141
4,48000,1,20,32,0,0.0093215,0.0082971
4,48000,1,20,32,1,0.0095263,0.0083812
4,48000,1,20,32,2,0.0093764,0.0083614
4,48000,1,20,32,3,0.009756,0.0083944
4,48000,1,20,32,4,0.0099104,0.0085214
4,48000,1,20,32,5,0.0094239,0.008754
4,48000,1,20,256,0,0.009346,0.0083668
4,48000,1,20,256,1,0.0094202,0.0083947
4,48000,1,20,256,2,0.0094689,0.0082326
4,48000,1,20,256,3,0.0093571,0.0082795
4,48000,1,20,256,4,0.0093678,0.008224
4,48000,1,20,256,5,0.0095227,0.0082087
4,48000,1,24,32,0,0.0094734,0.0085084
4,48000,1,24,32,1,0.0095492,0.0084301
4,48000,1,24,32,2,0.0095391,0.0089927
4,48000,1,24,32,3,0.0094675,0.008467
4,48000,1,24,32,4,0.009682,0.0083503
4,48000,1,24,32,5,0.0097464,0.008838
4,48000,1,24,256,0,0.0095378,0.008708
4,48000,1,24,256,1,0.0094425,0.0087576
4,48000,1,24,256,2,0.009444,0.0085541
4,48000,1,24,256,3,0.0094792,0.0084077
4,48000,1,24,256,4,0.0095227,0.0084703
4,48000,1,24,256,5,0.009483,0.0085978
4,48000,16,0,32,0,0.0918093,0.075831
4,48000,16,0,32,1,0.0919727,0.0743816
4,48000,16,0,32,2,0.0919207,0.0738312
4,48000,16,0,32,3,0.0931867,0.0736326
4,48000,16,0,32,4,0.0912207,0.0741779
4,48000,16,0,32,5,0.092051,0.0737421
4,48000,16,0,256,0,0.0941424,0.073758
4,48000,16,0,256,1,0.0914772,0.0741357
4,48000,16,0,256,2,0.0915856,0.0737337
4,48000,16,0,256,3,0.0925853,0.0736773
4,48000,16,0,256,4,0.0915992,0.0734887
4,48000,16,0,256,5,0.0919258,0.0736812
4,48000,16,20,32,0,0.152402,0.131645
4,48000,16,20,32,1,0.150562,0.131594
4,48000,16,20,32,2,0.151961,0.131237
4,48000,16,20,32,3,0.151962,0.132221
4,48000,16,20,32,4,0.150711,0.130471
4,48000,16,20,32,5,0.150961,0.130894
4,48000,16,20,256,0,0.151236,0.135196
4,48000,16,20,256,1,0.151862,0.131365
4,48000,16,20,256,2,0.152809,0.132297
4,48000,16,20,256,3,0.151267,0.130757
4,48000,16,20,256,4,0.150445,0.131258
4,48000,16,20,256,5,0.152686,0.131582
4,48000,16,24,32,0,0.154978,0.132857
4,48000,16,24,32,1,0.152776,0.134426
4,48000,16,24,32,2,0.153726,0.134414
4,48000,16,24,32,3,0.154651,0.133325
4,48000,16,24,32,4,0.154307,0.134752
4,48000,16,24,32,5,0.153401,0.133392
4,48000,16,24,256,0,0.155706,0.134125
4,48000,16,24,256,1,0.159185,0.134521
4,48000,16,24,256,2,0.164116,0.187459
4,48000,16,24,256,3,0.157689,0.137941
4,48000,16,24,256,4,0.159851,0.138802
4,48000,16,24,256,5,0.158017,0.136381
4,96000,1,0,32,0,0.0056625,0.0044967
4,96000,1,0,32,1,0.0059137,0.0045285
4,96000,1,0,32,2,0.0057045,0.0044366
4,96000,1,0,32,3,0.0054697,0.0046046
4,96000,1,0,32,4,0.0056968,0.0044476
4,96000,1,0,32,5,0.0056733,0.0049951
4,96000,1,0,256,0,0.0055218,0.0044364
4,96000,1,0,256,1,0.0058594,0.0044127
4,96000,1,0,256,2,0.0055792,0.0044564
4,96000,1,0,256,3,0.0055617,0.0052268
4,96000,1,0,256,4,0.0055355,0.0044881
4,96000,1,0,256,5,0.0056123,0.00442
4,96000,1,20,32,0,0.0094155,0.009132
4,96000,1,20,32,1,0.0094049,0.0082885
4,96000,1,20,32,2,0.0094096,0.008484
4,96000,1,20,32,3,0.0093149,0.008272
4,96000,1,20,32,4,0.0093326,0.0087201
4,96000,1,20,32,5,0.0094043,0.008405
4,96000,1,20,256,0,0.0094696,0.0082547
4,96000,1,20,256,1,0.0092855,0.0095104
4,96000,1,20,256,2,0.0095821,0.008269
4,96000,1,20,256,3,0.0092969,0.0089348
4,96000,1,20,256,4,0.0095193,0.0083276
4,96000,1,20,256,5,0.0093146,0.0086081
4,96000,1,24,32,0,0.0094341,0.0084527
4,96000,1,24,32,1,0.0101219,0.0083764
4,96000,1,24,32,2,0.0095125,0.0083475
4,96000,1,24,32,3,0.0110598,0.0084868
4,96000,1,24,32,4,0.0094869,0.008595
4,96000,1,24,32,5,0.0100651,0.0085179
4,96000,1,24,256,0,0.0095704,0.0083594
4,96000,1,24,256,1,0.0094247,0.0083723
4,96000,1,24,256,2,0.0096424,0.0083422
4,96000,1,24,256,3,0.0094862,0.0083522
4,96000,1,24,256,4,0.0099008,0.0083655
4,96000,1,24,256,5,0.009484,0.0084075
4,96000,16,0,32,0,0.0953755,0.0756719
4,96000,16,0,32,1,0.0982728,0.0793668
4,96000,16,0,32,2,0.0945732,0.0757995
4,96000,16,0,32,3,0.0968831,0.0743357
4,96000,16,0,32,4,0.0926832,0.0757435
4,96000,16,0,32,5,0.0953867,0.0749667
4,96000,16,0,256,0,0.0949166,0.0749613
4,96000,16,0,256,1,0.0936352,0.0762241
4,96000,16,0,256,2,0.0948434,0.0742598
4,96000,16,0,256,3,0.0940351,0.0764795
4,96000,16,0,256,4,0.0952377,0.0748258
4,96000,16,0,256,5,0.0944166,0.0787663
4,96000,16,20,32,0,0.163325,0.134669
4,96000,16,20,32,1,0.154479,0.13583
4,96000,16,20,32,2,0.155001,0.136643
4,96000,16,20,32,3,0.167386,0.136088
4,96000,16,20,32,4,0.15773,0.133696
4,96000,16,20,32,5,0.155262,0.134044
4,96000,16,20,256,0,0.15413,0.134801
4,96000,16,20,256,1,0.152769,0.13355
4,96000,16,20,256,2,0.15538,0.136444
4,96000,16,20,256,3,0.155357,0.134986
4,96000,16,20,256,4,0.164119,0.137953
4,96000,16,20,256,5,0.154809,0.135317
4,96000,16,24,32,0,0.161169,0.136685
4,96000,16,24,32,1,0.157443,0.137769
4,96000,16,24,32,2,0.159517,0.13707
4,96000,16,24,32,3,0.160543,0.1379
4,96000,16,24,32,4,0.155829,0.137196
4,96000,16,24,32,5,0.173075,0.136506
4,96000,16,24,256,0,0.161567,0.14099
4,96000,16,24,256,1,0.155612,0.136565
4,96000,16,24,256,2,0.154132,0.133495
4,96000,16,24,256,3,0.15317,0.133781
4,96000,16,24,256,4,0.15335,0.134026
4,96000,16,24,256,5,0.152972,0.132674
4,192000,1,0,32,0,0.0057886,0.0044184
4,192000,1,0,32,1,0.0055449,0.0044831
4,192000,1,0,32,2,0.005608,0.0048228
4,192000,1,0,32,3,0.0059191,0.0047906
4,192000,1,0,32,4,0.0055234,0.0044138
4,192000,1,0,32,5,0.0057349,0.0045876
4,192000,1,0,256,0,0.0054778,0.0044693
4,192000,1,0,256,1,0.0055293,0.0044214
4,192000,1,0,256,2,0.0055534,0.0044807
4,192000,1,0,256,3,0.0055494,0.0044406
4,192000,1,0,256,4,0.0054916,0.0044482
4,192000,1,0,256,5,0.0055447,0.0044357
4,192000,1,20,32,0,0.0094292,0.0082727
4,192000,1,20,32,1,0.0093587,0.0082983
4,192000,1,20,32,2,0.0094182,0.0084937
4,192000,1,20,32,3,0.0093311,0.008271
4,192000,1,20,32,4,0.0092999,0.0082476
4,192000,1,20,32,5,0.0093074,0.0084745
4,192000,1,20,256,0,0.0092729,0.0082186
4,192000,1,20,256,1,0.0092806,0.008277
4,192000,1,20,256,2,0.0093307,0.0082319
4,192000,1,20,256,3,0.0093326,0.0082228
4,192000,1,20,256,4,0.009352,0.0082161
4,192000,1,20,256,5,0.0092796,0.0082669
4,192000,1,24,32,0,0.0094554,0.0083989
4,192000,1,24,32,1,0.0120109,0.008596
4,192000,1,24,32,2,0.0095542,0.0084113
4,192000,1,24,32,3,0.009723,0.0087112
4,192000,1,24,32,4,0.0096997,0.0084754
4,192000,1,24,32,5,0.0094818,0.0083497
4,192000,1,24,256,0,0.0094499,0.0086873
4,192000,1,24,256,1,0.0097445,0.0087837
4,192000,1,24,256,2,0.0096715,0.008465
4,192000,1,24,256,3,0.0098415,0.0083577
4,192000,1,24,256,4,0.0094501,0.0084285
4,192000,1,24,256,5,0.0098525,0.008344
4,192000,16,0,32,0,0.0932335,0.0740249
4,192000,16,0,32,1,0.0919957,0.0734575
4,192000,16,0,32,2,0.0923683,0.0738483
4,192000,16,0,32,3,0.0921355,0.0740243
4,192000,16,0,32,4,0.0946254,0.0747352
4,192000,16,0,32,5,0.0921111,0.0740677
4,192000,16,0,256,0,0.0929347,0.0738713
4,192000,16,0,256,1,0.0919063,0.0740305
4,192000,16,0,256,2,0.0917678,0.0739546
4,192000,16,0,256,3,0.0915464,0.0736928
4,192000,16,0,256,4,0.0934946,0.0746825
4,192000,16,0,256,5,0.0920831,0.0739117
4,192000,16,20,32,0,0.15076,0.131425
4,192000,16,20,32,1,0.156682,0.131694
4,192000,16,20,32,2,0.161044,0.135943
4,192000,16,20,32,3,0.158104,0.133156
4,192000,16,20,32,4,0.166523,0.143859
4,192000,16,20,32,5,0.162071,0.144468
4,192000,16,20,256,0,0.167874,0.14386
4,192000,16,20,256,1,0.160458,0.141794
4,192000,16,20,256,2,0.164738,0.141781
4,192000,16,20,256,3,0.159236,0.141377
4,192000,16,20,256,4,0.162113,0.147122
4,192000,16,20,256,5,0.158963,0.137799
4,192000,16,24,32,0,0.172085,0.13904
4,192000,16,24,32,1,0.156453,0.138336
4,192000,16,24,32,2,0.15442,0.141998
4,192000,16,24,32,3,0.154214,0.138742
4,192000,16,24,32,4,0.154166,0.134105
4,192000,16,24,32,5,0.155572,0.133301
4,192000,16,24,256,0,0.154511,0.136679
4,192000,16,24,256,1,0.15406,0.135803
4,192000,16,24,256,2,0.153281,0.13353
4,192000,16,24,256,3,0.15354,0.134574
4,192000,16,24,256,4,0.152794,0.134466
4,192000,16,24,256,5,0.154395,0.133355
