engine,rate,voices,filter_mode,drive_db,fx,buffer,blocks,pair,order,median_block_percent,p95_block_percent,p99_block_percent,worst_block_percent,over_budget_blocks,peak,rms,checksum
reference,48000,16,0,20,1,32,256,0,reference-first,48.359999999999999,49.019999999999996,51.780000000000001,60.93,0,0.13455113768577576,0.0405160337528222,210.32763038164728
study,48000,16,0,20,1,32,256,0,reference-first,47.362499999999997,48.149999999999999,51.404999999999994,121.98,1,0.13455113768577576,0.0405160337528222,210.32763038164728
reference,48000,16,0,20,1,32,256,1,study-first,48.330000000000005,48.914999999999999,54.75,65.819999999999993,0,0.13455113768577576,0.0405160337528222,210.32763038164728
study,48000,16,0,20,1,32,256,1,study-first,47.407499999999999,48.210000000000001,52.094999999999999,54.270000000000003,0,0.13455113768577576,0.0405160337528222,210.32763038164728
reference,48000,16,0,20,1,32,256,2,reference-first,48.404999999999994,73.484999999999999,75.480000000000004,80.849999999999994,0,0.13455113768577576,0.0405160337528222,210.32763038164728
study,48000,16,0,20,1,32,256,2,reference-first,47.43,48.149999999999999,54.089999999999996,59.954999999999998,0,0.13455113768577576,0.0405160337528222,210.32763038164728
reference,48000,16,0,20,1,32,256,3,study-first,48.285000000000004,48.975000000000001,54.225000000000001,63.315000000000005,0,0.13455113768577576,0.0405160337528222,210.32763038164728
study,48000,16,0,20,1,32,256,3,study-first,47.550000000000004,48.164999999999999,51.630000000000003,60.479999999999997,0,0.13455113768577576,0.0405160337528222,210.32763038164728
reference,48000,16,0,20,1,64,256,0,reference-first,48.348749999999995,48.975000000000001,51.914999999999999,52.980000000000004,0,0.13455113768577576,0.039880044976031231,418.90618646458881
study,48000,16,0,20,1,64,256,0,reference-first,47.452500000000001,48.277499999999996,52.694999999999993,58.140000000000001,0,0.13455113768577576,0.039880044976031231,418.90618646458881
reference,48000,16,0,20,1,64,256,1,study-first,48.390000000000001,49.814999999999998,52.702500000000001,53.047499999999999,0,0.13455113768577576,0.039880044976031231,418.90618646458881
study,48000,16,0,20,1,64,256,1,study-first,47.396249999999995,49.439999999999998,64.522500000000008,115.905,1,0.13455113768577576,0.039880044976031231,418.90618646458881
reference,48000,16,0,20,1,64,256,2,reference-first,48.3825,49.034999999999997,53.797499999999999,55.387500000000003,0,0.13455113768577576,0.039880044976031231,418.90618646458881
study,48000,16,0,20,1,64,256,2,reference-first,47.520000000000003,50.767500000000005,69.015000000000001,69.435000000000002,0,0.13455113768577576,0.039880044976031231,418.90618646458881
reference,48000,16,0,20,1,64,256,3,study-first,48.3675,49.064999999999998,54.187500000000007,56.047499999999999,0,0.13455113768577576,0.039880044976031231,418.90618646458881
study,48000,16,0,20,1,64,256,3,study-first,47.422499999999999,48.172500000000007,54.914999999999999,63.112500000000004,0,0.13455113768577576,0.039880044976031231,418.90618646458881
reference,48000,16,0,20,1,128,256,0,reference-first,48.502500000000005,49.533750000000005,50.9925,56.857500000000002,0,0.13455113768577576,0.039066941708538479,721.05939134422351
study,48000,16,0,20,1,128,256,0,reference-first,47.525624999999998,48.719999999999999,52.728749999999998,53.122500000000002,0,0.13455113768577576,0.039066941708538479,721.05939134422351
reference,48000,16,0,20,1,128,256,1,study-first,48.46125,49.263749999999995,50.703749999999999,53.283749999999998,0,0.13455113768577576,0.039066941708538479,721.05939134422351
study,48000,16,0,20,1,128,256,1,study-first,47.508749999999999,48.330000000000005,49.837500000000006,54.918750000000003,0,0.13455113768577576,0.039066941708538479,721.05939134422351
reference,48000,16,0,20,1,128,256,2,reference-first,48.433124999999997,49.541249999999998,50.456249999999997,52.409999999999997,0,0.13455113768577576,0.039066941708538479,721.05939134422351
study,48000,16,0,20,1,128,256,2,reference-first,47.544375000000002,48.810000000000002,50.561250000000001,51.232499999999995,0,0.13455113768577576,0.039066941708538479,721.05939134422351
reference,48000,16,0,20,1,128,256,3,study-first,48.451875000000001,49.484999999999999,52.203749999999999,57.712499999999999,0,0.13455113768577576,0.039066941708538479,721.05939134422351
study,48000,16,0,20,1,128,256,3,study-first,47.542499999999997,48.637499999999996,50.0625,53.816249999999997,0,0.13455113768577576,0.039066941708538479,721.05939134422351
reference,48000,16,1,20,1,32,256,0,reference-first,48.322500000000005,48.884999999999998,54.615000000000002,60.630000000000003,0,0.14461110532283783,0.04213446012620204,210.59230976597587
study,48000,16,1,20,1,32,256,0,reference-first,47.287500000000001,48.059999999999995,61.259999999999998,65.265000000000001,0,0.14461110532283783,0.04213446012620204,210.59230976597587
reference,48000,16,1,20,1,32,256,1,study-first,48.322500000000005,48.899999999999999,57.464999999999996,61.920000000000002,0,0.14461110532283783,0.04213446012620204,210.59230976597587
study,48000,16,1,20,1,32,256,1,study-first,47.25,47.850000000000001,56.714999999999996,69.900000000000006,0,0.14461110532283783,0.04213446012620204,210.59230976597587
reference,48000,16,1,20,1,32,256,2,reference-first,48.300000000000004,48.990000000000002,55.020000000000003,82.859999999999999,0,0.14461110532283783,0.04213446012620204,210.59230976597587
study,48000,16,1,20,1,32,256,2,reference-first,47.25,47.850000000000001,49.665000000000006,54.615000000000002,0,0.14461110532283783,0.04213446012620204,210.59230976597587
reference,48000,16,1,20,1,32,256,3,study-first,48.300000000000004,48.914999999999999,53.594999999999999,71.909999999999997,0,0.14461110532283783,0.04213446012620204,210.59230976597587
study,48000,16,1,20,1,32,256,3,study-first,47.280000000000001,47.925000000000004,60.539999999999999,64.980000000000004,0,0.14461110532283783,0.04213446012620204,210.59230976597587
reference,48000,16,1,20,1,64,256,0,reference-first,48.307499999999997,49.125,52.387500000000003,60.330000000000005,0,0.14461110532283783,0.041700555555334501,419.65921042522791
study,48000,16,1,20,1,64,256,0,reference-first,47.366249999999994,48.037500000000001,53.662500000000001,55.1175,0,0.14461110532283783,0.041700555555334501,419.65921042522791
reference,48000,16,1,20,1,64,256,1,study-first,48.262499999999996,48.93,52.237499999999997,59.422499999999999,0,0.14461110532283783,0.041700555555334501,419.65921042522791
study,48000,16,1,20,1,64,256,1,study-first,47.347500000000004,48.585000000000001,52.515000000000001,56.445,0,0.14461110532283783,0.041700555555334501,419.65921042522791
reference,48000,16,1,20,1,64,256,2,reference-first,48.356250000000003,48.967500000000001,52.439999999999998,62.017499999999998,0,0.14461110532283783,0.041700555555334501,419.65921042522791
study,48000,16,1,20,1,64,256,2,reference-first,47.354999999999997,48.487500000000004,51.404999999999994,53.594999999999999,0,0.14461110532283783,0.041700555555334501,419.65921042522791
reference,48000,16,1,20,1,64,256,3,study-first,48.315000000000005,48.884999999999998,50.399999999999999,54.479999999999997,0,0.14461110532283783,0.041700555555334501,419.65921042522791
study,48000,16,1,20,1,64,256,3,study-first,47.347500000000004,49.424999999999997,52.162500000000001,54.487500000000004,0,0.14461110532283783,0.041700555555334501,419.65921042522791
reference,48000,16,1,20,1,128,256,0,reference-first,48.455624999999998,50.317500000000003,55.230000000000004,56.032499999999999,0,0.14461110532283783,0.041071645859841861,722.02097368818409
study,48000,16,1,20,1,128,256,0,reference-first,47.424374999999998,48.348749999999995,50.880000000000003,53.234999999999999,0,0.14461110532283783,0.041071645859841861,722.02097368818409
reference,48000,16,1,20,1,128,256,1,study-first,48.479999999999997,49.638749999999995,53.253750000000004,57.734999999999999,0,0.14461110532283783,0.041071645859841861,722.02097368818409
study,48000,16,1,20,1,128,256,1,study-first,47.446875000000006,48.393749999999997,49.965000000000003,54.952500000000001,0,0.14461110532283783,0.041071645859841861,722.02097368818409
reference,48000,16,1,20,1,128,256,2,reference-first,48.47625,49.635000000000005,51.761250000000004,54.082500000000003,0,0.14461110532283783,0.041071645859841861,722.02097368818409
study,48000,16,1,20,1,128,256,2,reference-first,47.452500000000001,50.887499999999996,66.314999999999998,70.342500000000001,0,0.14461110532283783,0.041071645859841861,722.02097368818409
reference,48000,16,1,20,1,128,256,3,study-first,48.464999999999996,49.818750000000001,55.552499999999995,62.159999999999997,0,0.14461110532283783,0.041071645859841861,722.02097368818409
study,48000,16,1,20,1,128,256,3,study-first,47.43,48.75,50.114999999999995,56.2425,0,0.14461110532283783,0.041071645859841861,722.02097368818409
reference,48000,16,2,20,1,32,256,0,reference-first,48.375,49.005000000000003,54.419999999999995,67.844999999999999,0,0.067314766347408295,0.015670754118216133,-0.17791168898463638
study,48000,16,2,20,1,32,256,0,reference-first,47.234999999999999,47.850000000000001,52.094999999999999,60.449999999999996,0,0.067314766347408295,0.015670754118216133,-0.17791168898463638
reference,48000,16,2,20,1,32,256,1,study-first,48.330000000000005,49.049999999999997,53.535000000000004,68.579999999999998,0,0.067314766347408295,0.015670754118216133,-0.17791168898463638
study,48000,16,2,20,1,32,256,1,study-first,47.317500000000003,48.014999999999993,51.210000000000001,57.854999999999997,0,0.067314766347408295,0.015670754118216133,-0.17791168898463638
reference,48000,16,2,20,1,32,256,2,reference-first,48.315000000000005,48.884999999999998,52.200000000000003,55.185000000000002,0,0.067314766347408295,0.015670754118216133,-0.17791168898463638
study,48000,16,2,20,1,32,256,2,reference-first,47.325000000000003,47.835000000000001,49.995000000000005,54.300000000000004,0,0.067314766347408295,0.015670754118216133,-0.17791168898463638
reference,48000,16,2,20,1,32,256,3,study-first,48.322500000000005,48.945,51.884999999999998,52.439999999999998,0,0.067314766347408295,0.015670754118216133,-0.17791168898463638
study,48000,16,2,20,1,32,256,3,study-first,47.265000000000001,47.925000000000004,57.404999999999994,62.189999999999998,0,0.067314766347408295,0.015670754118216133,-0.17791168898463638
reference,48000,16,2,20,1,64,256,0,reference-first,48.359999999999999,49.102499999999999,59.594999999999999,61.102499999999999,0,0.067314766347408295,0.016068084009434366,-0.029376411986987705
study,48000,16,2,20,1,64,256,0,reference-first,47.332500000000003,47.977499999999999,50.970000000000006,60.112500000000004,0,0.067314766347408295,0.016068084009434366,-0.029376411986987705
reference,48000,16,2,20,1,64,256,1,study-first,48.315000000000005,49.417500000000004,53.325000000000003,54.667499999999997,0,0.067314766347408295,0.016068084009434366,-0.029376411986987705
study,48000,16,2,20,1,64,256,1,study-first,47.34375,48.600000000000001,53.587499999999999,63.975000000000001,0,0.067314766347408295,0.016068084009434366,-0.029376411986987705
reference,48000,16,2,20,1,64,256,2,reference-first,48.404999999999994,49.064999999999998,54.652499999999996,58.207500000000003,0,0.067314766347408295,0.016068084009434366,-0.029376411986987705
study,48000,16,2,20,1,64,256,2,reference-first,47.306250000000006,47.902499999999996,49.650000000000006,64.327500000000001,0,0.067314766347408295,0.016068084009434366,-0.029376411986987705
reference,48000,16,2,20,1,64,256,3,study-first,48.333750000000002,49.064999999999998,54.555,58.635000000000005,0,0.067314766347408295,0.016068084009434366,-0.029376411986987705
study,48000,16,2,20,1,64,256,3,study-first,47.310000000000002,48.059999999999995,58.192500000000003,60.022500000000001,0,0.067314766347408295,0.016068084009434366,-0.029376411986987705
reference,48000,16,2,20,1,128,256,0,reference-first,48.519374999999997,49.612499999999997,52.263750000000002,53.216249999999995,0,0.069667533040046692,0.016422277452896535,0.040430796678577963
study,48000,16,2,20,1,128,256,0,reference-first,47.424374999999998,48.667499999999997,50.782500000000006,55.522500000000001,0,0.069667533040046692,0.016422277452896535,0.040430796678577963
reference,48000,16,2,20,1,128,256,1,study-first,48.509999999999998,49.098750000000003,51.945,53.223750000000003,0,0.069667533040046692,0.016422277452896535,0.040430796678577963
study,48000,16,2,20,1,128,256,1,study-first,47.435625000000002,48.577500000000001,52.162500000000001,55.829999999999998,0,0.069667533040046692,0.016422277452896535,0.040430796678577963
reference,48000,16,2,20,1,128,256,2,reference-first,48.524999999999999,49.77375,51.993749999999999,60.622499999999995,0,0.069667533040046692,0.016422277452896535,0.040430796678577963
study,48000,16,2,20,1,128,256,2,reference-first,47.407499999999999,48.397500000000001,50.482500000000002,52.278749999999995,0,0.069667533040046692,0.016422277452896535,0.040430796678577963
reference,48000,16,2,20,1,128,256,3,study-first,48.583124999999995,50.53875,57.213750000000005,63.690000000000005,0,0.069667533040046692,0.016422277452896535,0.040430796678577963
study,48000,16,2,20,1,128,256,3,study-first,47.435625000000002,48.903750000000002,49.503750000000004,51.903750000000002,0,0.069667533040046692,0.016422277452896535,0.040430796678577963
reference,48000,16,3,20,1,32,256,0,reference-first,48.300000000000004,49.394999999999996,55.530000000000001,81.615000000000009,0,0.022755356505513191,0.0056699977687181234,-0.13816573535989818
study,48000,16,3,20,1,32,256,0,reference-first,47.280000000000001,47.985000000000007,63,65.340000000000003,0,0.022755356505513191,0.0056699977687181234,-0.13816573535989818
reference,48000,16,3,20,1,32,256,1,study-first,48.330000000000005,49.844999999999999,61.109999999999999,72.329999999999998,0,0.022755356505513191,0.0056699977687181234,-0.13816573535989818
study,48000,16,3,20,1,32,256,1,study-first,47.310000000000002,47.925000000000004,49.019999999999996,52.064999999999998,0,0.022755356505513191,0.0056699977687181234,-0.13816573535989818
reference,48000,16,3,20,1,32,256,2,reference-first,48.285000000000004,49.019999999999996,52.305,56.475000000000001,0,0.022755356505513191,0.0056699977687181234,-0.13816573535989818
study,48000,16,3,20,1,32,256,2,reference-first,47.280000000000001,47.985000000000007,55.680000000000007,62.579999999999998,0,0.022755356505513191,0.0056699977687181234,-0.13816573535989818
reference,48000,16,3,20,1,32,256,3,study-first,48.630000000000003,49.305,51.479999999999997,51.975000000000001,0,0.022755356505513191,0.0056699977687181234,-0.13816573535989818
study,48000,16,3,20,1,32,256,3,study-first,47.594999999999999,60.270000000000003,67.185000000000002,69.480000000000004,0,0.022755356505513191,0.0056699977687181234,-0.13816573535989818
reference,48000,16,3,20,1,64,256,0,reference-first,48.386250000000004,49.027500000000003,53.947499999999998,63.967500000000001,0,0.022755356505513191,0.0058636682559601132,-0.34999538984066447
study,48000,16,3,20,1,64,256,0,reference-first,47.325000000000003,47.895000000000003,49.417500000000004,51.57,0,0.022755356505513191,0.0058636682559601132,-0.34999538984066447
reference,48000,16,3,20,1,64,256,1,study-first,48.318750000000001,48.907499999999999,50.684999999999995,52.515000000000001,0,0.022755356505513191,0.0058636682559601132,-0.34999538984066447
study,48000,16,3,20,1,64,256,1,study-first,47.33625,48.044999999999995,56.774999999999999,62.4375,0,0.022755356505513191,0.0058636682559601132,-0.34999538984066447
reference,48000,16,3,20,1,64,256,2,reference-first,48.386250000000004,49.057500000000005,54.952500000000001,59.789999999999999,0,0.022755356505513191,0.0058636682559601132,-0.34999538984066447
study,48000,16,3,20,1,64,256,2,reference-first,47.280000000000001,49.545000000000002,51.607499999999995,56.25,0,0.022755356505513191,0.0058636682559601132,-0.34999538984066447
reference,48000,16,3,20,1,64,256,3,study-first,48.446249999999999,65.025000000000006,83.625000000000014,88.049999999999997,0,0.022755356505513191,0.0058636682559601132,-0.34999538984066447
study,48000,16,3,20,1,64,256,3,study-first,47.396249999999995,48.787500000000001,51.899999999999999,54.712499999999999,0,0.022755356505513191,0.0058636682559601132,-0.34999538984066447
reference,48000,16,3,20,1,128,256,0,reference-first,48.521249999999995,49.282499999999999,51.573750000000004,52.762500000000003,0,0.028520723804831505,0.006002265684492164,-0.36368021695026898
study,48000,16,3,20,1,128,256,0,reference-first,47.420625000000001,48.652499999999996,50.621250000000003,51.93,0,0.028520723804831505,0.006002265684492164,-0.36368021695026898
reference,48000,16,3,20,1,128,256,1,study-first,48.524999999999999,49.965000000000003,51.675000000000004,57.112500000000004,0,0.028520723804831505,0.006002265684492164,-0.36368021695026898
study,48000,16,3,20,1,128,256,1,study-first,47.360624999999999,49.027500000000003,49.957499999999996,53.579999999999998,0,0.028520723804831505,0.006002265684492164,-0.36368021695026898
reference,48000,16,3,20,1,128,256,2,reference-first,48.551249999999996,49.998750000000001,66.071250000000006,69.753749999999997,0,0.028520723804831505,0.006002265684492164,-0.36368021695026898
study,48000,16,3,20,1,128,256,2,reference-first,47.570625,49.22625,65.047499999999999,73.875,0,0.028520723804831505,0.006002265684492164,-0.36368021695026898
reference,48000,16,3,20,1,128,256,3,study-first,48.555,49.593750000000007,51.577500000000001,54.772500000000001,0,0.028520723804831505,0.006002265684492164,-0.36368021695026898
study,48000,16,3,20,1,128,256,3,study-first,47.53875,49.563750000000006,53.403750000000002,55.323749999999997,0,0.028520723804831505,0.006002265684492164,-0.36368021695026898
reference,96000,16,0,20,1,32,256,0,reference-first,94.980000000000004,96.359999999999999,101.61,119.03999999999999,4,0.13173002004623413,0.038380636804446241,200.2639097459205
study,96000,16,0,20,1,32,256,0,reference-first,93.120000000000005,95.100000000000009,110.46000000000001,117.63,6,0.13173002004623413,0.038380636804446241,200.2639097459205
reference,96000,16,0,20,1,32,256,1,study-first,95.175000000000011,96.660000000000011,114.57000000000001,141.84,7,0.13173002004623413,0.038380636804446241,200.2639097459205
study,96000,16,0,20,1,32,256,1,study-first,93.210000000000008,94.769999999999996,101.61,110.52,3,0.13173002004623413,0.038380636804446241,200.2639097459205
reference,96000,16,0,20,1,32,256,2,reference-first,94.950000000000003,96.480000000000004,101.85000000000001,106.34999999999999,4,0.13173002004623413,0.038380636804446241,200.2639097459205
study,96000,16,0,20,1,32,256,2,reference-first,93.030000000000001,94.530000000000001,110.01000000000001,111.81,5,0.13173002004623413,0.038380636804446241,200.2639097459205
reference,96000,16,0,20,1,32,256,3,study-first,94.965000000000003,96.329999999999998,97.469999999999999,101.31,2,0.13173002004623413,0.038380636804446241,200.2639097459205
study,96000,16,0,20,1,32,256,3,study-first,93.210000000000008,94.650000000000006,107.88000000000001,123,4,0.13173002004623413,0.038380636804446241,200.2639097459205
reference,96000,16,0,20,1,64,256,0,reference-first,95.010000000000005,96.434999999999988,105.03,132.35999999999999,7,0.1348506361246109,0.040305239826358641,417.9580750212358
study,96000,16,0,20,1,64,256,0,reference-first,93.135000000000005,96.000000000000014,108.60000000000001,112.98,4,0.1348506361246109,0.040305239826358641,417.9580750212358
reference,96000,16,0,20,1,64,256,1,study-first,95.017499999999998,98.52000000000001,103.63500000000001,111.75,5,0.1348506361246109,0.040305239826358641,417.9580750212358
study,96000,16,0,20,1,64,256,1,study-first,94.019999999999996,97.724999999999994,106.875,116.595,10,0.1348506361246109,0.040305239826358641,417.9580750212358
reference,96000,16,0,20,1,64,256,2,reference-first,95.047499999999999,96.285000000000011,111.73499999999999,126.19500000000001,8,0.1348506361246109,0.040305239826358641,417.9580750212358
study,96000,16,0,20,1,64,256,2,reference-first,93.1875,94.875,104.77500000000001,106.575,4,0.1348506361246109,0.040305239826358641,417.9580750212358
reference,96000,16,0,20,1,64,256,3,study-first,95.0625,98.099999999999994,102.33,105.66,6,0.1348506361246109,0.040305239826358641,417.9580750212358
study,96000,16,0,20,1,64,256,3,study-first,93.090000000000003,94.799999999999997,98.460000000000008,109.03500000000001,2,0.1348506361246109,0.040305239826358641,417.9580750212358
reference,96000,16,0,20,1,128,256,0,reference-first,95.066249999999997,96.86999999999999,99.944999999999993,117.405,2,0.1348506361246109,0.039816144527380297,833.66049536274113
study,96000,16,0,20,1,128,256,0,reference-first,93.108749999999986,94.814999999999998,102.735,110.4225,4,0.1348506361246109,0.039816144527380297,833.66049536274113
reference,96000,16,0,20,1,128,256,1,study-first,95.144999999999996,98.865000000000009,103.04249999999999,116.145,6,0.1348506361246109,0.039816144527380297,833.66049536274113
study,96000,16,0,20,1,128,256,1,study-first,93.142499999999998,96.195000000000007,100.27500000000001,103.46250000000001,3,0.1348506361246109,0.039816144527380297,833.66049536274113
reference,96000,16,0,20,1,128,256,2,reference-first,95.051249999999996,96.540000000000006,99.772499999999994,101.48999999999999,2,0.1348506361246109,0.039816144527380297,833.66049536274113
study,96000,16,0,20,1,128,256,2,reference-first,93.153750000000002,95.272500000000008,98.925000000000011,101.3475,2,0.1348506361246109,0.039816144527380297,833.66049536274113
reference,96000,16,0,20,1,128,256,3,study-first,95.047499999999999,96.929999999999993,99.232500000000002,103.02,2,0.1348506361246109,0.039816144527380297,833.66049536274113
study,96000,16,0,20,1,128,256,3,study-first,93.134999999999991,95.032499999999999,97.057500000000005,101.73750000000001,1,0.1348506361246109,0.039816144527380297,833.66049536274113
reference,96000,16,1,20,1,32,256,0,reference-first,94.875,96.299999999999997,107.28,112.25999999999999,6,0.13629366457462311,0.039846808669890398,200.74926894023633
study,96000,16,1,20,1,32,256,0,reference-first,93,94.560000000000002,114.74999999999999,116.67,4,0.13629366457462311,0.039846808669890398,200.74926894023633
reference,96000,16,1,20,1,32,256,1,study-first,94.890000000000001,96.510000000000005,109.11,113.13,5,0.13629366457462311,0.039846808669890398,200.74926894023633
study,96000,16,1,20,1,32,256,1,study-first,93,94.859999999999999,100.98,109.02,3,0.13629366457462311,0.039846808669890398,200.74926894023633
reference,96000,16,1,20,1,32,256,2,reference-first,94.950000000000003,96.359999999999999,97.859999999999999,116.40000000000001,2,0.13629366457462311,0.039846808669890398,200.74926894023633
study,96000,16,1,20,1,32,256,2,reference-first,92.969999999999999,94.439999999999998,99.719999999999999,109.73999999999999,2,0.13629366457462311,0.039846808669890398,200.74926894023633
reference,96000,16,1,20,1,32,256,3,study-first,95.085000000000008,96.570000000000007,103.05,120.54000000000001,4,0.13629366457462311,0.039846808669890398,200.74926894023633
study,96000,16,1,20,1,32,256,3,study-first,93.060000000000002,94.799999999999997,115.58999999999999,171,6,0.13629366457462311,0.039846808669890398,200.74926894023633
reference,96000,16,1,20,1,64,256,0,reference-first,95.0625,96.600000000000009,103.63500000000001,114.015,5,0.14231185615062714,0.041917381529550553,419.10718101688127
study,96000,16,1,20,1,64,256,0,reference-first,93.090000000000003,94.469999999999999,108.86999999999999,127.83,7,0.14231185615062714,0.041917381529550553,419.10718101688127
reference,96000,16,1,20,1,64,256,1,study-first,95.219999999999999,119.16,152.38499999999999,157.14000000000001,37,0.14231185615062714,0.041917381529550553,419.10718101688127
study,96000,16,1,20,1,64,256,1,study-first,93.277500000000003,94.590000000000003,99,107.39999999999999,2,0.14231185615062714,0.041917381529550553,419.10718101688127
reference,96000,16,1,20,1,64,256,2,reference-first,95.010000000000005,96.644999999999996,101.07000000000001,105.66,5,0.14231185615062714,0.041917381529550553,419.10718101688127
study,96000,16,1,20,1,64,256,2,reference-first,93.052499999999995,95.174999999999997,101.79000000000001,107.41500000000001,5,0.14231185615062714,0.041917381529550553,419.10718101688127
reference,96000,16,1,20,1,64,256,3,study-first,94.972499999999997,96.480000000000004,102.80999999999999,108.16500000000001,6,0.14231185615062714,0.041917381529550553,419.10718101688127
study,96000,16,1,20,1,64,256,3,study-first,92.969999999999999,94.620000000000005,97.965000000000003,115.72500000000001,2,0.14231185615062714,0.041917381529550553,419.10718101688127
reference,96000,16,1,20,1,128,256,0,reference-first,94.980000000000004,96.584999999999994,97.777500000000003,99.10499999999999,0,0.14231185615062714,0.041620082115700494,836.12479493408887
study,96000,16,1,20,1,128,256,0,reference-first,93.014999999999986,95.429999999999993,99.585000000000008,102.91500000000001,2,0.14231185615062714,0.041620082115700494,836.12479493408887
reference,96000,16,1,20,1,128,256,1,study-first,95.024999999999991,97.04249999999999,99.060000000000002,101.80499999999999,2,0.14231185615062714,0.041620082115700494,836.12479493408887
study,96000,16,1,20,1,128,256,1,study-first,93.014999999999986,95.445000000000007,98.362499999999997,102.8925,2,0.14231185615062714,0.041620082115700494,836.12479493408887
reference,96000,16,1,20,1,128,256,2,reference-first,94.991250000000008,96.734999999999999,101.54249999999999,109.95,4,0.14231185615062714,0.041620082115700494,836.12479493408887
study,96000,16,1,20,1,128,256,2,reference-first,92.936250000000001,94.155000000000001,97.290000000000006,100.89750000000001,1,0.14231185615062714,0.041620082115700494,836.12479493408887
reference,96000,16,1,20,1,128,256,3,study-first,95.002499999999998,97.064999999999998,99.68249999999999,113.64,2,0.14231185615062714,0.041620082115700494,836.12479493408887
study,96000,16,1,20,1,128,256,3,study-first,93.435000000000002,95.977499999999992,100.34999999999999,105.07499999999999,3,0.14231185615062714,0.041620082115700494,836.12479493408887
reference,96000,16,2,20,1,32,256,0,reference-first,95.010000000000005,96.510000000000005,102.14999999999999,110.43000000000001,4,0.069855630397796631,0.015242709024840644,0.55274449577950691
study,96000,16,2,20,1,32,256,0,reference-first,92.969999999999999,94.349999999999994,100.92,120.09,3,0.069855630397796631,0.015242709024840644,0.55274449577950691
reference,96000,16,2,20,1,32,256,1,study-first,94.905000000000001,96.179999999999993,99.030000000000001,107.37,2,0.069855630397796631,0.015242709024840644,0.55274449577950691
study,96000,16,2,20,1,32,256,1,study-first,92.939999999999998,94.530000000000001,100.44,106.31999999999999,3,0.069855630397796631,0.015242709024840644,0.55274449577950691
reference,96000,16,2,20,1,32,256,2,reference-first,94.935000000000002,96.299999999999997,105.87,126.27,5,0.069855630397796631,0.015242709024840644,0.55274449577950691
study,96000,16,2,20,1,32,256,2,reference-first,93.359999999999999,94.739999999999995,99.780000000000001,141.42000000000002,2,0.069855630397796631,0.015242709024840644,0.55274449577950691
reference,96000,16,2,20,1,32,256,3,study-first,94.950000000000003,96.480000000000004,102.08999999999999,107.42999999999999,5,0.069855630397796631,0.015242709024840644,0.55274449577950691
study,96000,16,2,20,1,32,256,3,study-first,92.909999999999997,94.379999999999995,104.72999999999999,112.19999999999999,4,0.069855630397796631,0.015242709024840644,0.55274449577950691
reference,96000,16,2,20,1,64,256,0,reference-first,95.024999999999991,97.049999999999997,113.31,119.205,5,0.069858677685260773,0.015644967129731721,-0.16472071731845972
study,96000,16,2,20,1,64,256,0,reference-first,93.284999999999997,94.679999999999993,98.295000000000002,111.285,2,0.069858677685260773,0.015644967129731721,-0.16472071731845972
reference,96000,16,2,20,1,64,256,1,study-first,94.950000000000003,96.179999999999993,100.605,105.24000000000001,3,0.069858677685260773,0.015644967129731721,-0.16472071731845972
study,96000,16,2,20,1,64,256,1,study-first,92.955000000000013,94.335000000000008,114.405,120.48,7,0.069858677685260773,0.015644967129731721,-0.16472071731845972
reference,96000,16,2,20,1,64,256,2,reference-first,94.95750000000001,96.239999999999995,100.62,102.86999999999999,3,0.069858677685260773,0.015644967129731721,-0.16472071731845972
study,96000,16,2,20,1,64,256,2,reference-first,93.105000000000004,94.409999999999997,107.61,126.825,5,0.069858677685260773,0.015644967129731721,-0.16472071731845972
reference,96000,16,2,20,1,64,256,3,study-first,94.972499999999997,96.674999999999997,100.08,120.045,3,0.069858677685260773,0.015644967129731721,-0.16472071731845972
study,96000,16,2,20,1,64,256,3,study-first,92.985000000000014,94.469999999999999,97.019999999999996,127.32000000000001,2,0.069858677685260773,0.015644967129731721,-0.16472071731845972
reference,96000,16,2,20,1,128,256,0,reference-first,95.039999999999992,96.899999999999991,129.2775,141.4425,8,0.076087102293968201,0.016165191066560797,-0.029755939567138512
study,96000,16,2,20,1,128,256,0,reference-first,93.09375,96.007499999999993,100.27500000000001,106.55249999999999,3,0.076087102293968201,0.016165191066560797,-0.029755939567138512
reference,96000,16,2,20,1,128,256,1,study-first,95.028750000000002,97.252499999999998,101.325,114.00749999999999,4,0.076087102293968201,0.016165191066560797,-0.029755939567138512
study,96000,16,2,20,1,128,256,1,study-first,93,94.372500000000002,96.952500000000001,100.92,2,0.076087102293968201,0.016165191066560797,-0.029755939567138512
reference,96000,16,2,20,1,128,256,2,reference-first,94.980000000000004,96.397500000000008,99.9375,102.66000000000001,2,0.076087102293968201,0.016165191066560797,-0.029755939567138512
study,96000,16,2,20,1,128,256,2,reference-first,93,95.362500000000011,99.675000000000011,117.9825,2,0.076087102293968201,0.016165191066560797,-0.029755939567138512
reference,96000,16,2,20,1,128,256,3,study-first,95.040000000000006,96.83250000000001,101.88000000000001,112.33500000000001,5,0.076087102293968201,0.016165191066560797,-0.029755939567138512
study,96000,16,2,20,1,128,256,3,study-first,92.969999999999999,94.349999999999994,98.625,107.565,2,0.076087102293968201,0.016165191066560797,-0.029755939567138512
reference,96000,16,3,20,1,32,256,0,reference-first,94.980000000000004,96.570000000000007,101.31,115.05,6,0.022088440135121346,0.0053993784700510144,-0.053806254075126958
study,96000,16,3,20,1,32,256,0,reference-first,92.789999999999992,94.289999999999992,100.2,106.8,3,0.022088440135121346,0.0053993784700510144,-0.053806254075126958
reference,96000,16,3,20,1,32,256,1,study-first,95.010000000000005,97.019999999999996,117.15000000000001,135.21000000000001,12,0.022088440135121346,0.0053993784700510144,-0.053806254075126958
study,96000,16,3,20,1,32,256,1,study-first,92.894999999999996,94.289999999999992,107.39999999999999,115.67999999999999,5,0.022088440135121346,0.0053993784700510144,-0.053806254075126958
reference,96000,16,3,20,1,32,256,2,reference-first,95.070000000000007,96.63000000000001,115.77,138.38999999999999,7,0.022088440135121346,0.0053993784700510144,-0.053806254075126958
study,96000,16,3,20,1,32,256,2,reference-first,92.939999999999998,95.579999999999998,111.69,115.95,9,0.022088440135121346,0.0053993784700510144,-0.053806254075126958
reference,96000,16,3,20,1,32,256,3,study-first,94.950000000000003,96.359999999999999,99.389999999999986,110.09999999999999,2,0.022088440135121346,0.0053993784700510144,-0.053806254075126958
study,96000,16,3,20,1,32,256,3,study-first,92.879999999999995,94.349999999999994,101.22,106.11,5,0.022088440135121346,0.0053993784700510144,-0.053806254075126958
reference,96000,16,3,20,1,64,256,0,reference-first,95.137500000000003,96.404999999999987,99.27000000000001,104.40000000000001,1,0.022088440135121346,0.0056131266309325358,-0.51226285426067975
study,96000,16,3,20,1,64,256,0,reference-first,93.164999999999992,96.989999999999995,101.67,112.455,8,0.022088440135121346,0.0056131266309325358,-0.51226285426067975
reference,96000,16,3,20,1,64,256,1,study-first,95.137500000000003,96.299999999999997,103.095,109.785,3,0.022088440135121346,0.0056131266309325358,-0.51226285426067975
study,96000,16,3,20,1,64,256,1,study-first,92.917500000000004,94.620000000000005,107.74499999999999,110.985,8,0.022088440135121346,0.0056131266309325358,-0.51226285426067975
reference,96000,16,3,20,1,64,256,2,reference-first,95.040000000000006,96.464999999999989,105.72,110.88,7,0.022088440135121346,0.0056131266309325358,-0.51226285426067975
study,96000,16,3,20,1,64,256,2,reference-first,92.977500000000006,95.894999999999996,101.16,113.175,4,0.022088440135121346,0.0056131266309325358,-0.51226285426067975
reference,96000,16,3,20,1,64,256,3,study-first,95.070000000000007,96.285000000000011,102.3,109.63500000000001,6,0.022088440135121346,0.0056131266309325358,-0.51226285426067975
study,96000,16,3,20,1,64,256,3,study-first,92.955000000000013,94.829999999999998,105.465,116.7,3,0.022088440135121346,0.0056131266309325358,-0.51226285426067975
reference,96000,16,3,20,1,128,256,0,reference-first,95.036249999999995,97.162499999999994,101.73750000000001,108.2775,4,0.022322472184896469,0.0058520730370937015,-1.0489812063080954
study,96000,16,3,20,1,128,256,0,reference-first,93.014999999999986,95.092500000000001,99.435000000000002,109.47,2,0.022322472184896469,0.0058520730370937015,-1.0489812063080954
reference,96000,16,3,20,1,128,256,1,study-first,95.073750000000004,97.522499999999994,101.83499999999999,104.60250000000001,8,0.022322472184896469,0.0058520730370937015,-1.0489812063080954
study,96000,16,3,20,1,128,256,1,study-first,93.022499999999994,97.109999999999999,102.8775,121.6425,5,0.022322472184896469,0.0058520730370937015,-1.0489812063080954
reference,96000,16,3,20,1,128,256,2,reference-first,96.682500000000005,98.715000000000003,106.5675,133.71000000000001,9,0.022322472184896469,0.0058520730370937015,-1.0489812063080954
study,96000,16,3,20,1,128,256,2,reference-first,93,94.739999999999995,101.53500000000001,107.685,3,0.022322472184896469,0.0058520730370937015,-1.0489812063080954
reference,96000,16,3,20,1,128,256,3,study-first,95.081249999999997,96.49499999999999,102.17250000000001,112.50750000000001,4,0.022322472184896469,0.0058520730370937015,-1.0489812063080954
study,96000,16,3,20,1,128,256,3,study-first,93.015000000000001,95.557500000000005,106.8,120.25500000000001,7,0.022322472184896469,0.0058520730370937015,-1.0489812063080954
reference,192000,16,0,20,1,32,256,0,reference-first,147.84,150.18000000000001,185.33999999999997,223.44,256,0.12523701786994934,0.037025804387872528,193.4451131513726
study,192000,16,0,20,1,32,256,0,reference-first,146.37,148.80000000000001,162.06,162.59999999999999,256,0.12523701786994934,0.037025804387872528,193.4451131513726
reference,192000,16,0,20,1,32,256,1,study-first,147.89999999999998,150.54000000000002,161.10000000000002,165.59999999999999,256,0.12523701786994934,0.037025804387872528,193.4451131513726
study,192000,16,0,20,1,32,256,1,study-first,146.09999999999999,148.74000000000001,202.25999999999999,209.28,256,0.12523701786994934,0.037025804387872528,193.4451131513726
reference,192000,16,0,20,1,32,256,2,reference-first,147.84,150.48000000000002,166.32000000000002,196.13999999999999,256,0.12523701786994934,0.037025804387872528,193.4451131513726
study,192000,16,0,20,1,32,256,2,reference-first,146.63999999999999,190.91999999999999,207.12,291.83999999999997,256,0.12523701786994934,0.037025804387872528,193.4451131513726
reference,192000,16,0,20,1,32,256,3,study-first,148.04999999999998,150.54000000000002,170.16,197.75999999999999,256,0.12523701786994934,0.037025804387872528,193.4451131513726
study,192000,16,0,20,1,32,256,3,study-first,146.37,149.27999999999997,189.96000000000001,199.38,256,0.12523701786994934,0.037025804387872528,193.4451131513726
reference,192000,16,0,20,1,64,256,0,reference-first,147.81,150.18000000000001,161.85000000000002,171.54000000000002,256,0.12909184396266937,0.03844208791329369,398.03339991535125
study,192000,16,0,20,1,64,256,0,reference-first,146.16,147.81,160.35000000000002,183.03,256,0.12909184396266937,0.03844208791329369,398.03339991535125
reference,192000,16,0,20,1,64,256,1,study-first,147.89999999999998,153.12,184.41,199.74000000000001,256,0.12909184396266937,0.03844208791329369,398.03339991535125
study,192000,16,0,20,1,64,256,1,study-first,145.89000000000001,147.93000000000001,161.25,165.29999999999998,256,0.12909184396266937,0.03844208791329369,398.03339991535125
reference,192000,16,0,20,1,64,256,2,reference-first,148.19999999999999,150.26999999999998,155.88000000000002,209.79000000000002,256,0.12909184396266937,0.03844208791329369,398.03339991535125
study,192000,16,0,20,1,64,256,2,reference-first,146.49000000000001,148.41000000000003,155.97,163.86000000000001,256,0.12909184396266937,0.03844208791329369,398.03339991535125
reference,192000,16,0,20,1,64,256,3,study-first,147.87,149.94,156.63,178.95000000000002,256,0.12909184396266937,0.03844208791329369,398.03339991535125
study,192000,16,0,20,1,64,256,3,study-first,146.31,148.31999999999999,155.07000000000002,163.25999999999999,256,0.12909184396266937,0.03844208791329369,398.03339991535125
reference,192000,16,0,20,1,128,256,0,reference-first,147.95249999999999,153.52500000000001,162.56999999999999,179.86500000000001,256,0.13397835195064545,0.040273594608139632,826.64552925104385
study,192000,16,0,20,1,128,256,0,reference-first,146.22,150.48000000000002,154.63499999999999,161.23499999999999,256,0.13397835195064545,0.040273594608139632,826.64552925104385
reference,192000,16,0,20,1,128,256,1,study-first,148.22250000000003,150.255,153.04500000000002,157.51499999999999,256,0.13397835195064545,0.040273594608139632,826.64552925104385
study,192000,16,0,20,1,128,256,1,study-first,146.49000000000001,148.965,153.76499999999999,170.40000000000001,256,0.13397835195064545,0.040273594608139632,826.64552925104385
reference,192000,16,0,20,1,128,256,2,reference-first,147.78,155.11500000000001,172.33500000000001,191.91,256,0.13397835195064545,0.040273594608139632,826.64552925104385
study,192000,16,0,20,1,128,256,2,reference-first,146.36250000000001,151.60499999999999,167.14499999999998,170.55000000000001,256,0.13397835195064545,0.040273594608139632,826.64552925104385
reference,192000,16,0,20,1,128,256,3,study-first,148.13999999999999,151.80000000000001,158.81999999999999,161.02500000000001,256,0.13397835195064545,0.040273594608139632,826.64552925104385
study,192000,16,0,20,1,128,256,3,study-first,146.23500000000001,151.065,156.465,162.285,256,0.13397835195064545,0.040273594608139632,826.64552925104385
reference,192000,16,1,20,1,32,256,0,reference-first,147.78,150.06,152.81999999999999,162.59999999999999,256,0.12284516543149948,0.038230870701673282,192.80624505092214
study,192000,16,1,20,1,32,256,0,reference-first,146.46000000000001,148.92000000000002,191.40000000000001,208.68000000000001,256,0.12284516543149948,0.038230870701673282,192.80624505092214
reference,192000,16,1,20,1,32,256,1,study-first,147.89999999999998,150.42000000000002,191.82000000000002,231,256,0.12284516543149948,0.038230870701673282,192.80624505092214
study,192000,16,1,20,1,32,256,1,study-first,146.19,149.04000000000002,173.57999999999998,214.38,256,0.12284516543149948,0.038230870701673282,192.80624505092214
reference,192000,16,1,20,1,32,256,2,reference-first,147.89999999999998,150.12,159.42000000000002,166.79999999999998,256,0.12284516543149948,0.038230870701673282,192.80624505092214
study,192000,16,1,20,1,32,256,2,reference-first,146.88,149.04000000000002,163.56,195.41999999999999,256,0.12284516543149948,0.038230870701673282,192.80624505092214
reference,192000,16,1,20,1,32,256,3,study-first,147.81,150.18000000000001,170.94,172.74000000000001,256,0.12284516543149948,0.038230870701673282,192.80624505092214
study,192000,16,1,20,1,32,256,3,study-first,146.52000000000001,148.68000000000001,153.41999999999999,179.82000000000002,256,0.12284516543149948,0.038230870701673282,192.80624505092214
reference,192000,16,1,20,1,64,256,0,reference-first,147.93000000000001,150.87,180.09,184.25999999999999,256,0.13804088532924652,0.039875726134053331,396.58969569625287
study,192000,16,1,20,1,64,256,0,reference-first,146.69999999999999,148.80000000000001,156.98999999999998,174.63,256,0.13804088532924652,0.039875726134053331,396.58969569625287
reference,192000,16,1,20,1,64,256,1,study-first,147.72,149.75999999999999,152.52000000000001,159.24000000000001,256,0.13804088532924652,0.039875726134053331,396.58969569625287
study,192000,16,1,20,1,64,256,1,study-first,146.505,148.47000000000003,160.74000000000001,202.97999999999999,256,0.13804088532924652,0.039875726134053331,396.58969569625287
reference,192000,16,1,20,1,64,256,2,reference-first,148.01999999999998,149.88,158.63999999999999,198.95999999999998,256,0.13804088532924652,0.039875726134053331,396.58969569625287
study,192000,16,1,20,1,64,256,2,reference-first,146.75999999999999,148.44,150.59999999999999,168.27000000000001,256,0.13804088532924652,0.039875726134053331,396.58969569625287
reference,192000,16,1,20,1,64,256,3,study-first,147.95999999999998,149.69999999999999,159.78,168.63,256,0.13804088532924652,0.039875726134053331,396.58969569625287
study,192000,16,1,20,1,64,256,3,study-first,146.49000000000001,148.25999999999999,164.69999999999999,205.71000000000001,256,0.13804088532924652,0.039875726134053331,396.58969569625287
reference,192000,16,1,20,1,128,256,0,reference-first,147.89249999999998,150.285,154.51499999999999,177.88499999999999,256,0.14073279500007629,0.041896205225319769,829.24260760367372
study,192000,16,1,20,1,128,256,0,reference-first,146.54250000000002,148.30499999999998,165.57000000000002,359.685,256,0.14073279500007629,0.041896205225319769,829.24260760367372
reference,192000,16,1,20,1,128,256,1,study-first,147.8175,150.78,164.47499999999999,178.39499999999998,256,0.14073279500007629,0.041896205225319769,829.24260760367372
study,192000,16,1,20,1,128,256,1,study-first,146.685,149.19,157.815,163.82999999999998,256,0.14073279500007629,0.041896205225319769,829.24260760367372
reference,192000,16,1,20,1,128,256,2,reference-first,147.96749999999997,152.02500000000001,158.37,163.74000000000001,256,0.14073279500007629,0.041896205225319769,829.24260760367372
study,192000,16,1,20,1,128,256,2,reference-first,146.57999999999998,149.45999999999998,154.125,161.51999999999998,256,0.14073279500007629,0.041896205225319769,829.24260760367372
reference,192000,16,1,20,1,128,256,3,study-first,147.87,149.31,154.065,181.77000000000001,256,0.14073279500007629,0.041896205225319769,829.24260760367372
study,192000,16,1,20,1,128,256,3,study-first,146.535,150.99000000000001,156.465,177.93000000000001,256,0.14073279500007629,0.041896205225319769,829.24260760367372
reference,192000,16,2,20,1,32,256,0,reference-first,147.84,150.18000000000001,161.69999999999999,162.06,256,0.060556910932064056,0.014181670718228106,0.63460067906729023
study,192000,16,2,20,1,32,256,0,reference-first,147.54000000000002,151.19999999999999,177.30000000000001,222.54000000000002,256,0.060556910932064056,0.014181670718228106,0.63460067906729023
reference,192000,16,2,20,1,32,256,1,study-first,147.87,153.29999999999998,174.06,178.08000000000001,256,0.060556910932064056,0.014181670718228106,0.63460067906729023
study,192000,16,2,20,1,32,256,1,study-first,146.60999999999999,148.80000000000001,166.08000000000001,181.14000000000001,256,0.060556910932064056,0.014181670718228106,0.63460067906729023
reference,192000,16,2,20,1,32,256,2,reference-first,147.81,150.30000000000001,185.16000000000003,237.12,256,0.060556910932064056,0.014181670718228106,0.63460067906729023
study,192000,16,2,20,1,32,256,2,reference-first,146.46000000000001,148.74000000000001,152.94,160.86000000000001,256,0.060556910932064056,0.014181670718228106,0.63460067906729023
reference,192000,16,2,20,1,32,256,3,study-first,147.89999999999998,150.12,172.13999999999999,195.18000000000001,256,0.060556910932064056,0.014181670718228106,0.63460067906729023
study,192000,16,2,20,1,32,256,3,study-first,146.52000000000001,148.98000000000002,165.29999999999998,177.24000000000001,256,0.060556910932064056,0.014181670718228106,0.63460067906729023
reference,192000,16,2,20,1,64,256,0,reference-first,147.93000000000001,150,166.61999999999998,172.44,256,0.072356089949607849,0.015463246715782189,-0.10868535234808974
study,192000,16,2,20,1,64,256,0,reference-first,146.63999999999999,149.00999999999999,165.06,179.22,256,0.072356089949607849,0.015463246715782189,-0.10868535234808974
reference,192000,16,2,20,1,64,256,1,study-first,147.78,149.67000000000002,161.10000000000002,162.02999999999997,256,0.072356089949607849,0.015463246715782189,-0.10868535234808974
study,192000,16,2,20,1,64,256,1,study-first,146.80500000000001,150.54000000000002,163.38,181.73999999999998,256,0.072356089949607849,0.015463246715782189,-0.10868535234808974
reference,192000,16,2,20,1,64,256,2,reference-first,147.75,151.97999999999999,191.19000000000003,358.35000000000002,256,0.072356089949607849,0.015463246715782189,-0.10868535234808974
study,192000,16,2,20,1,64,256,2,reference-first,146.655,148.82999999999998,164.13,177.84,256,0.072356089949607849,0.015463246715782189,-0.10868535234808974
reference,192000,16,2,20,1,64,256,3,study-first,148.07999999999998,150.12,170.31,191.58000000000001,256,0.072356089949607849,0.015463246715782189,-0.10868535234808974
study,192000,16,2,20,1,64,256,3,study-first,146.80500000000001,148.74000000000001,168.66,192.86999999999998,256,0.072356089949607849,0.015463246715782189,-0.10868535234808974
reference,192000,16,2,20,1,128,256,0,reference-first,147.8175,152.54999999999998,157.935,166.63499999999999,256,0.072356089949607849,0.015761113907271227,0.33965495204103746
study,192000,16,2,20,1,128,256,0,reference-first,146.8725,149.74499999999998,155.88000000000002,182.35499999999999,256,0.072356089949607849,0.015761113907271227,0.33965495204103746
reference,192000,16,2,20,1,128,256,1,study-first,147.99000000000001,151.72499999999999,159.88500000000002,169.97999999999999,256,0.072356089949607849,0.015761113907271227,0.33965495204103746
study,192000,16,2,20,1,128,256,1,study-first,146.745,149.10000000000002,155.89499999999998,163.34999999999999,256,0.072356089949607849,0.015761113907271227,0.33965495204103746
reference,192000,16,2,20,1,128,256,2,reference-first,147.96000000000001,152.26499999999999,160.75500000000002,170.505,256,0.072356089949607849,0.015761113907271227,0.33965495204103746
study,192000,16,2,20,1,128,256,2,reference-first,146.595,151.01999999999998,159.10499999999999,176.685,256,0.072356089949607849,0.015761113907271227,0.33965495204103746
reference,192000,16,2,20,1,128,256,3,study-first,148.1925,153.345,161.14500000000001,182.505,256,0.072356089949607849,0.015761113907271227,0.33965495204103746
study,192000,16,2,20,1,128,256,3,study-first,147,150.66,166.97999999999999,184.25999999999999,256,0.072356089949607849,0.015761113907271227,0.33965495204103746
reference,192000,16,3,20,1,32,256,0,reference-first,147.89999999999998,150.24000000000001,166.91999999999999,232.38,256,0.019483443349599838,0.004882818090705148,0.50035596760142198
study,192000,16,3,20,1,32,256,0,reference-first,147.24000000000001,149.81999999999999,171.36000000000001,196.13999999999999,256,0.019483443349599838,0.004882818090705148,0.50035596760142198
reference,192000,16,3,20,1,32,256,1,study-first,147.89999999999998,150.42000000000002,152.70000000000002,163.62,256,0.019483443349599838,0.004882818090705148,0.50035596760142198
study,192000,16,3,20,1,32,256,1,study-first,146.55000000000001,148.68000000000001,158.16,162.59999999999999,256,0.019483443349599838,0.004882818090705148,0.50035596760142198
reference,192000,16,3,20,1,32,256,2,reference-first,148.01999999999998,150.59999999999999,177.35999999999999,180.72,256,0.019483443349599838,0.004882818090705148,0.50035596760142198
study,192000,16,3,20,1,32,256,2,reference-first,147.30000000000001,149.57999999999998,160.92000000000002,161.22000000000003,256,0.019483443349599838,0.004882818090705148,0.50035596760142198
reference,192000,16,3,20,1,32,256,3,study-first,147.95999999999998,150.72,153.23999999999998,156.84,256,0.019483443349599838,0.004882818090705148,0.50035596760142198
study,192000,16,3,20,1,32,256,3,study-first,147.24000000000001,149.63999999999999,176.22,205.20000000000002,256,0.019483443349599838,0.004882818090705148,0.50035596760142198
reference,192000,16,3,20,1,64,256,0,reference-first,147.94499999999999,149.61000000000001,159.38999999999999,169.74000000000001,256,0.021632526069879532,0.0054594514068086646,0.30583421222704033
study,192000,16,3,20,1,64,256,0,reference-first,146.57999999999998,148.86000000000001,154.32000000000002,161.73000000000002,256,0.021632526069879532,0.0054594514068086646,0.30583421222704033
reference,192000,16,3,20,1,64,256,1,study-first,147.94499999999999,150,164.31,172.13999999999999,256,0.021632526069879532,0.0054594514068086646,0.30583421222704033
study,192000,16,3,20,1,64,256,1,study-first,146.77500000000001,148.74000000000001,158.52000000000001,162.38999999999999,256,0.021632526069879532,0.0054594514068086646,0.30583421222704033
reference,192000,16,3,20,1,64,256,2,reference-first,148.125,150.14999999999998,161.19,163.80000000000001,256,0.021632526069879532,0.0054594514068086646,0.30583421222704033
study,192000,16,3,20,1,64,256,2,reference-first,146.89499999999998,148.62,155.01000000000002,155.97,256,0.021632526069879532,0.0054594514068086646,0.30583421222704033
reference,192000,16,3,20,1,64,256,3,study-first,147.66000000000003,149.61000000000001,160.64999999999998,164.97,256,0.021632526069879532,0.0054594514068086646,0.30583421222704033
study,192000,16,3,20,1,64,256,3,study-first,146.84999999999999,148.76999999999998,159.95999999999998,164.46000000000001,256,0.021632526069879532,0.0054594514068086646,0.30583421222704033
reference,192000,16,3,20,1,128,256,0,reference-first,147.99000000000001,152.11500000000001,161.55000000000001,174.91499999999999,256,0.021632526069879532,0.0056345784443909861,-1.1476975029307042
study,192000,16,3,20,1,128,256,0,reference-first,146.84999999999999,148.785,151.785,153.27000000000001,256,0.021632526069879532,0.0056345784443909861,-1.1476975029307042
reference,192000,16,3,20,1,128,256,1,study-first,148.0575,151.65000000000001,158.03999999999999,166.83000000000001,256,0.021632526069879532,0.0056345784443909861,-1.1476975029307042
study,192000,16,3,20,1,128,256,1,study-first,146.80500000000001,151.88999999999999,160.92000000000002,181.785,256,0.021632526069879532,0.0056345784443909861,-1.1476975029307042
reference,192000,16,3,20,1,128,256,2,reference-first,147.96749999999997,152.25,159.435,173.95500000000001,256,0.021632526069879532,0.0056345784443909861,-1.1476975029307042
study,192000,16,3,20,1,128,256,2,reference-first,146.88749999999999,150.56999999999999,160.30499999999998,186.36000000000001,256,0.021632526069879532,0.0056345784443909861,-1.1476975029307042
reference,192000,16,3,20,1,128,256,3,study-first,148.11000000000001,153.53999999999999,164.55000000000001,183.495,256,0.021632526069879532,0.0056345784443909861,-1.1476975029307042
study,192000,16,3,20,1,128,256,3,study-first,146.75999999999999,150.20999999999998,155.26499999999999,157.45499999999998,256,0.021632526069879532,0.0056345784443909861,-1.1476975029307042
