engine,rate,voices,filter_mode,drive_db,fx,buffer,blocks,median_block_percent,p95_block_percent,p99_block_percent,worst_block_percent,over_budget_blocks,peak,rms
premium,48000,16,0,20,1,32,1024,75.315,81.54,94.56,131.85,6,0.138221,0.0405749
premium,48000,16,0,20,1,64,1024,75.615,81.84,90.96,106.237,3,0.168352,0.0404006
premium,48000,16,0,20,1,128,1024,75.5756,81.2175,84.6375,99.8175,0,0.168352,0.0391545
premium,48000,16,1,20,1,32,1024,74.64,81.825,93.375,112.695,3,0.144514,0.0424807
premium,48000,16,1,20,1,64,1024,73.89,81.6075,88.86,105.337,2,0.180357,0.0425876
premium,48000,16,1,20,1,128,1024,75.3131,79.5563,84.9488,110.715,1,0.180357,0.0415238
premium,48000,16,2,20,1,32,1024,74.88,82.65,93.015,132.78,4,0.0710725,0.016254
premium,48000,16,2,20,1,64,1024,74.9213,81.3225,87.255,96.51,0,0.0804761,0.01691
premium,48000,16,2,20,1,128,1024,74.9475,79.8037,85.9387,102.127,1,0.0834445,0.0173018
premium,48000,16,3,20,1,32,1024,74.0175,77.895,87.72,107.505,3,0.0279742,0.00593116
premium,48000,16,3,20,1,64,1024,77.5162,84.9075,94.5525,105.975,5,0.0279742,0.00621951
premium,48000,16,3,20,1,128,1024,75.2644,79.3162,83.7975,92.7862,0,0.0300742,0.00637969
premium,96000,16,0,20,1,32,1024,148.5,158.04,179.49,231.33,1024,0.138182,0.0403087
premium,96000,16,0,20,1,64,1024,145.95,157.785,176.01,250.125,1024,0.138182,0.0404785
premium,96000,16,0,20,1,128,1024,149.73,156.713,168.39,207.975,1024,0.170453,0.0403375
premium,96000,16,1,20,1,32,1024,147.66,156.09,179.58,302.1,1024,0.144856,0.0420644
premium,96000,16,1,20,1,64,1024,146.925,158.07,167.265,186.21,1024,0.144856,0.0423881
premium,96000,16,1,20,1,128,1024,148.792,162.585,167.032,175.343,1024,0.182119,0.0425364
premium,96000,16,2,20,1,32,1024,146.685,157.47,181.83,205.86,1024,0.0748399,0.016033
premium,96000,16,2,20,1,64,1024,148.29,159.885,172.065,206.655,1024,0.0762594,0.0164216
premium,96000,16,2,20,1,128,1024,150.611,159.367,175.178,229.98,1024,0.0832074,0.0170845
premium,96000,16,3,20,1,32,1024,147.51,154.47,173.88,201.3,1024,0.0222935,0.0057901
premium,96000,16,3,20,1,64,1024,148.23,165.24,175.8,189.93,1024,0.0271514,0.00593908
premium,96000,16,3,20,1,128,1024,153.724,166.222,182.82,339.803,1024,0.0282575,0.00623039
premium,192000,16,0,20,1,32,1024,305.82,339.48,351.54,377.76,1024,0.137467,0.0400688
premium,192000,16,0,20,1,64,1024,293.46,326.07,364.47,735.72,1024,0.137467,0.0402667
premium,192000,16,0,20,1,128,1024,298.8,324.315,350.94,480.495,1024,0.137467,0.0403977
premium,192000,16,1,20,1,32,1024,294.45,316.08,349.5,421.56,1024,0.144068,0.0416558
premium,192000,16,1,20,1,64,1024,291.36,311.58,335.16,386.43,1024,0.144068,0.0420345
premium,192000,16,1,20,1,128,1024,296.88,325.995,341.07,366.69,1024,0.144068,0.0423069
premium,192000,16,2,20,1,32,1024,294.6,326.94,370.56,466.86,1024,0.0674137,0.0156992
premium,192000,16,2,20,1,64,1024,295.83,316.32,349.68,412.5,1024,0.0686632,0.0160744
premium,192000,16,2,20,1,128,1024,297.712,315.33,330.09,357.945,1024,0.0782703,0.0164495
premium,192000,16,3,20,1,32,1024,311.58,390.24,458.28,507.48,1024,0.0223091,0.00559345
premium,192000,16,3,20,1,64,1024,296.025,318.42,335.43,416.91,1024,0.0223091,0.00579029
premium,192000,16,3,20,1,128,1024,298.928,321.945,349.605,460.5,1024,0.0280693,0.00592918
