rate,scene,filter_mode,drive_control,rate_to_4x_rms,rate_to_8x_rms,4x_to_8x_rms,filtered_rate_to_8x_rms,filtered_4x_to_8x_rms,rate_to_8x_peak
176400,bass,0,20,8.83154e-05,8.82853e-05,7.04046e-08,3.21737e-05,3.09722e-08,0.000290844
176400,bass,0,24,0.000399945,0.000398617,3.38211e-06,0.000167254,1.74091e-06,0.00115698
176400,bass,0,steps,6.40303e-05,9.43787e-05,3.10122e-05,9.3826e-05,3.12385e-05,0.000133328
176400,bass,1,20,8.83154e-05,8.82853e-05,7.04046e-08,3.58558e-05,3.45709e-08,0.000290844
176400,bass,1,24,0.000399945,0.000398617,3.38211e-06,0.000186528,1.94813e-06,0.00115698
176400,bass,1,steps,6.40303e-05,9.43787e-05,3.10122e-05,9.43864e-05,3.14181e-05,0.000133328
176400,bass,2,20,8.83154e-05,8.82853e-05,7.04046e-08,0.000624518,5.05625e-07,0.000290844
176400,bass,2,24,0.000399945,0.000398617,3.38211e-06,0.00273482,2.37992e-05,0.00115698
176400,bass,2,steps,6.40303e-05,9.43787e-05,3.10122e-05,0.000178401,4.31173e-05,0.000133328
176400,bass,3,20,8.83154e-05,8.82853e-05,7.04046e-08,0.00021616,1.93241e-07,0.000290844
176400,bass,3,24,0.000399945,0.000398617,3.38211e-06,0.00105961,1.08016e-05,0.00115698
176400,bass,3,steps,6.40303e-05,9.43787e-05,3.10122e-05,0.000132094,4.26303e-05,0.000133328
176400,lead,0,20,0.000237719,0.000237584,5.65967e-07,9.80346e-05,2.44014e-07,0.000766657
176400,lead,0,24,0.00101404,0.0010123,1.60158e-05,0.000494536,7.96686e-06,0.00237771
176400,lead,0,steps,7.94915e-05,0.000113962,3.64984e-05,0.000110711,3.67698e-05,0.000133738
176400,lead,1,20,0.000237719,0.000237584,5.65967e-07,0.000106869,2.67275e-07,0.000766657
176400,lead,1,24,0.00101404,0.0010123,1.60158e-05,0.000539281,8.67586e-06,0.00237771
176400,lead,1,steps,7.94915e-05,0.000113962,3.64984e-05,0.000111475,3.69957e-05,0.000133738
176400,lead,2,20,0.000237719,0.000237584,5.65967e-07,0.000756011,1.80849e-06,0.000766657
176400,lead,2,24,0.00101404,0.0010123,1.60158e-05,0.00303857,4.8271e-05,0.00237771
176400,lead,2,steps,7.94915e-05,0.000113962,3.64984e-05,0.000161409,3.86625e-05,0.000133738
176400,lead,3,20,0.000237719,0.000237584,5.65967e-07,0.000304207,7.53407e-07,0.000766657
176400,lead,3,24,0.00101404,0.0010123,1.60158e-05,0.0014163,2.28655e-05,0.00237771
176400,lead,3,steps,7.94915e-05,0.000113962,3.64984e-05,0.000122827,3.93524e-05,0.000133738
176400,pad-voice,0,20,3.75909e-05,3.75909e-05,8.95757e-09,9.66745e-06,1.27886e-08,8.79243e-05
176400,pad-voice,0,24,0.000250428,0.000250454,4.49076e-07,9.86554e-05,1.40111e-07,0.000457469
176400,pad-voice,0,steps,4.35885e-05,6.51343e-05,2.16494e-05,6.64646e-05,2.21557e-05,3.40641e-05
176400,pad-voice,1,20,3.75909e-05,3.75909e-05,8.95757e-09,1.06338e-05,1.29443e-08,8.79243e-05
176400,pad-voice,1,24,0.000250428,0.000250454,4.49076e-07,0.000109138,1.5438e-07,0.000457469
176400,pad-voice,1,steps,4.35885e-05,6.51343e-05,2.16494e-05,6.77591e-05,2.25871e-05,3.40641e-05
176400,pad-voice,2,20,3.75909e-05,3.75909e-05,8.95757e-09,0.00016473,4.95142e-08,8.79243e-05
176400,pad-voice,2,24,0.000250428,0.000250454,4.49076e-07,0.00108968,1.9177e-06,0.000457469
176400,pad-voice,2,steps,4.35885e-05,6.51343e-05,2.16494e-05,9.59385e-05,3.11275e-05,3.40641e-05
176400,pad-voice,3,20,3.75909e-05,3.75909e-05,8.95757e-09,4.43088e-05,3.15174e-08,8.79243e-05
176400,pad-voice,3,24,0.000250428,0.000250454,4.49076e-07,0.000410303,5.94496e-07,0.000457469
176400,pad-voice,3,steps,4.35885e-05,6.51343e-05,2.16494e-05,9.42882e-05,3.1455e-05,3.40641e-05
176400,high-lead,0,20,0.00112022,0.00112379,8.17717e-06,0.000421143,2.63819e-06,0.00296636
176400,high-lead,0,24,0.00363198,0.00366091,0.000118193,0.00155201,4.94994e-05,0.0053414
176400,high-lead,0,steps,0.000283929,0.000293027,3.18531e-05,0.000123137,3.12999e-05,0.0014108
176400,high-lead,1,20,0.00112022,0.00112379,8.17717e-06,0.000422513,2.63215e-06,0.00296636
176400,high-lead,1,24,0.00363198,0.00366091,0.000118193,0.00155743,4.94389e-05,0.0053414
176400,high-lead,1,steps,0.000283929,0.000293027,3.18531e-05,0.000123576,3.13493e-05,0.0014108
176400,high-lead,2,20,0.00112022,0.00112379,8.17717e-06,0.00143348,1.02791e-05,0.00296636
176400,high-lead,2,24,0.00363198,0.00366091,0.000118193,0.0046144,0.000148958,0.0053414
176400,high-lead,2,steps,0.000283929,0.000293027,3.18531e-05,0.000372018,2.96887e-05,0.0014108
176400,high-lead,3,20,0.00112022,0.00112379,8.17717e-06,0.000624002,3.98605e-06,0.00296636
176400,high-lead,3,24,0.00363198,0.00366091,0.000118193,0.00224969,7.21122e-05,0.0053414
176400,high-lead,3,steps,0.000283929,0.000293027,3.18531e-05,0.000152584,2.99249e-05,0.0014108
192000,bass,0,20,0.000121875,0.000121752,2.3879e-07,4.20457e-05,1.00163e-07,0.000521891
192000,bass,0,24,0.00048828,0.000487382,4.59704e-06,0.000193684,1.08457e-06,0.0015052
192000,bass,0,steps,6.64724e-05,9.57191e-05,3.07931e-05,9.33325e-05,3.09929e-05,0.000204653
192000,bass,1,20,0.000121875,0.000121752,2.3879e-07,4.68254e-05,1.12357e-07,0.000521891
192000,bass,1,24,0.00048828,0.000487382,4.59704e-06,0.000215845,1.1934e-06,0.0015052
192000,bass,1,steps,6.64724e-05,9.57191e-05,3.07931e-05,9.39006e-05,3.11557e-05,0.000204653
192000,bass,2,20,0.000121875,0.000121752,2.3879e-07,0.00077139,1.54162e-06,0.000521891
192000,bass,2,24,0.00048828,0.000487382,4.59704e-06,0.00302514,2.76099e-05,0.0015052
192000,bass,2,steps,6.64724e-05,9.57191e-05,3.07931e-05,0.000206737,3.90749e-05,0.000204653
192000,bass,3,20,0.000121875,0.000121752,2.3879e-07,0.000255569,5.97872e-07,0.000521891
192000,bass,3,24,0.00048828,0.000487382,4.59704e-06,0.00112212,6.8564e-06,0.0015052
192000,bass,3,steps,6.64724e-05,9.57191e-05,3.07931e-05,0.000127742,3.8814e-05,0.000204653
192000,lead,0,20,0.000208363,0.000208389,3.31556e-07,6.67859e-05,9.90113e-08,0.000570022
192000,lead,0,24,0.000955435,0.000957669,1.16134e-05,0.000424364,4.89804e-06,0.00195431
192000,lead,0,steps,7.85365e-05,0.000112003,3.57408e-05,0.00010747,3.57897e-05,0.000214968
192000,lead,1,20,0.000208363,0.000208389,3.31556e-07,7.28698e-05,1.08823e-07,0.000570022
192000,lead,1,24,0.000955435,0.000957669,1.16134e-05,0.000465014,5.3476e-06,0.00195431
192000,lead,1,steps,7.85365e-05,0.000112003,3.57408e-05,0.000107773,3.58949e-05,0.000214968
192000,lead,2,20,0.000208363,0.000208389,3.31556e-07,0.000631817,9.96714e-07,0.000570022
192000,lead,2,24,0.000955435,0.000957669,1.16134e-05,0.00278961,3.36431e-05,0.00195431
192000,lead,2,steps,7.85365e-05,0.000112003,3.57408e-05,0.000148008,3.29574e-05,0.000214968
192000,lead,3,20,0.000208363,0.000208389,3.31556e-07,0.000209343,3.10073e-07,0.000570022
192000,lead,3,24,0.000955435,0.000957669,1.16134e-05,0.00122008,1.41549e-05,0.00195431
192000,lead,3,steps,7.85365e-05,0.000112003,3.57408e-05,0.000105962,3.457e-05,0.000214968
192000,pad-voice,0,20,5.50012e-05,5.49981e-05,1.79053e-08,1.5198e-05,1.17599e-08,0.000154506
192000,pad-voice,0,24,0.000312537,0.000311763,1.24184e-06,0.000100411,4.36318e-07,0.000623941
192000,pad-voice,0,steps,4.99728e-05,7.42066e-05,2.45323e-05,7.49288e-05,2.49635e-05,5.4948e-05
192000,pad-voice,1,20,5.50012e-05,5.49981e-05,1.79053e-08,1.68084e-05,1.37105e-08,0.000154506
192000,pad-voice,1,24,0.000312537,0.000311763,1.24184e-06,0.000110557,4.8508e-07,0.000623941
192000,pad-voice,1,steps,4.99728e-05,7.42066e-05,2.45323e-05,7.60191e-05,2.53246e-05,5.4948e-05
192000,pad-voice,2,20,5.50012e-05,5.49981e-05,1.79053e-08,0.000246496,8.19005e-08,0.000154506
192000,pad-voice,2,24,0.000312537,0.000311763,1.24184e-06,0.00136004,5.43971e-06,0.000623941
192000,pad-voice,2,steps,4.99728e-05,7.42066e-05,2.45323e-05,0.000108684,3.32001e-05,5.4948e-05
192000,pad-voice,3,20,5.50012e-05,5.49981e-05,1.79053e-08,6.93101e-05,3.61682e-08,0.000154506
192000,pad-voice,3,24,0.000312537,0.000311763,1.24184e-06,0.000437038,1.86245e-06,0.000623941
192000,pad-voice,3,steps,4.99728e-05,7.42066e-05,2.45323e-05,0.00010189,3.38753e-05,5.4948e-05
192000,high-lead,0,20,0.0013479,0.00133953,1.58895e-05,0.000436645,5.11841e-06,0.00374766
192000,high-lead,0,24,0.00395374,0.00386792,0.000190808,0.00146541,7.55272e-05,0.00541834
192000,high-lead,0,steps,0.00033951,0.000347157,3.22587e-05,0.000137136,3.17993e-05,0.00231394
192000,high-lead,1,20,0.0013479,0.00133953,1.58895e-05,0.000437667,5.1359e-06,0.00374766
192000,high-lead,1,24,0.00395374,0.00386792,0.000190808,0.00147153,7.57537e-05,0.00541834
192000,high-lead,1,steps,0.00033951,0.000347157,3.22587e-05,0.000137718,3.18876e-05,0.00231394
192000,high-lead,2,20,0.0013479,0.00133953,1.58895e-05,0.001729,2.04881e-05,0.00374766
192000,high-lead,2,24,0.00395374,0.00386792,0.000190808,0.00490212,0.000243482,0.00541834
192000,high-lead,2,steps,0.00033951,0.000347157,3.22587e-05,0.000459065,3.09174e-05,0.00231394
192000,high-lead,3,20,0.0013479,0.00133953,1.58895e-05,0.00066991,7.78672e-06,0.00374766
192000,high-lead,3,24,0.00395374,0.00386792,0.000190808,0.00218339,0.00011203,0.00541834
192000,high-lead,3,steps,0.00033951,0.000347157,3.22587e-05,0.000181402,3.09742e-05,0.00231394
