rate,scene,filter_mode,drive_control,rate_to_4x_rms,rate_to_8x_rms,4x_to_8x_rms,filtered_rate_to_8x_rms,filtered_4x_to_8x_rms,rate_to_8x_peak,rate_to_std_tanh_rms,filtered_rate_to_std_tanh_rms,rate_to_std_tanh_peak,filtered_rate_to_std_tanh_peak
176400,bass,0,20,8.831542087817248e-05,8.8285290748734427e-05,7.0404590277789004e-08,3.2173681579951934e-05,3.0972198951554978e-08,0.00029084447305649519,9.5209907364872289e-10,1.6318941675863716e-09,7.4505805969238281e-09,7.4505805969238281e-09
176400,bass,0,24,0.00039994532558227552,0.00039861733575094043,3.382108812366088e-06,0.00016725449478897269,1.7409139178091294e-06,0.0011569801717996597,7.1273135428971988e-10,1.5851438111294835e-09,3.7252902984619141e-09,7.4505805969238281e-09
176400,bass,0,steps,6.4030270705532814e-05,9.4378650447174092e-05,3.1012215381776413e-05,9.3826029019079219e-05,3.1238474418226263e-05,0.0001333281397819519,1.2140605572101308e-09,1.9977984759781731e-09,1.4901161193847656e-08,1.4901161193847656e-08
176400,bass,1,20,8.831542087817248e-05,8.8285290748734427e-05,7.0404590277789004e-08,3.5855810258152634e-05,3.4570917521226326e-08,0.00029084447305649519,9.5209907364872289e-10,2.4726848613027436e-09,7.4505805969238281e-09,7.4505805969238281e-09
176400,bass,1,24,0.00039994532558227552,0.00039861733575094043,3.382108812366088e-06,0.00018652830790865751,1.9481299419696813e-06,0.0011569801717996597,7.1273135428971988e-10,1.8798866910149259e-09,3.7252902984619141e-09,7.4505805969238281e-09
176400,bass,1,steps,6.4030270705532814e-05,9.4378650447174092e-05,3.1012215381776413e-05,9.4386337668118036e-05,3.141805295166801e-05,0.0001333281397819519,1.2140605572101308e-09,2.3170831836078021e-09,1.4901161193847656e-08,1.4901161193847656e-08
176400,bass,2,20,8.831542087817248e-05,8.8285290748734427e-05,7.0404590277789004e-08,0.00062451820605125561,5.0562519401828256e-07,0.00029084447305649519,9.5209907364872289e-10,7.4331381970387014e-09,7.4505805969238281e-09,6.6829670686274767e-09
176400,bass,2,24,0.00039994532558227552,0.00039861733575094043,3.382108812366088e-06,0.0027348222057411793,2.3799245432385407e-05,0.0011569801717996597,7.1273135428971988e-10,7.0045317307011295e-09,3.7252902984619141e-09,3.7252902984619141e-09
176400,bass,2,steps,6.4030270705532814e-05,9.4378650447174092e-05,3.1012215381776413e-05,0.00017840084489260905,4.3117254422162233e-05,0.0001333281397819519,1.2140605572101308e-09,1.0873274220729365e-08,1.4901161193847656e-08,1.3504177331924438e-08
176400,bass,3,20,8.831542087817248e-05,8.8285290748734427e-05,7.0404590277789004e-08,0.00021615984531156248,1.9324051049656899e-07,0.00029084447305649519,9.5209907364872289e-10,4.2826775666616211e-09,7.4505805969238281e-09,8.6401996668428183e-10
176400,bass,3,24,0.00039994532558227552,0.00039861733575094043,3.382108812366088e-06,0.001059613956761874,1.0801636087297184e-05,0.0011569801717996597,7.1273135428971988e-10,5.743910425472053e-09,3.7252902984619141e-09,9.3132257461547852e-10
176400,bass,3,steps,6.4030270705532814e-05,9.4378650447174092e-05,3.1012215381776413e-05,0.0001320935747226839,4.263034359285415e-05,0.0001333281397819519,1.2140605572101308e-09,6.1152987888129834e-09,1.4901161193847656e-08,1.862645149230957e-09
176400,lead,0,20,0.00023771921360291238,0.00023758427059719661,5.6596716192139996e-07,9.8034601916095651e-05,2.4401428123494523e-07,0.00076665729284286499,0,0,0,0
176400,lead,0,24,0.0010140400120462263,0.0010122982807101283,1.6015820638158761e-05,0.00049453642493047011,7.9668638688206831e-06,0.0023777121677994728,0,0,0,0
176400,lead,0,steps,7.9491455296097348e-05,0.00011396185311753423,3.6498394296704589e-05,0.00011071082704356577,3.6769810213155071e-05,0.00013373792171478271,5.6887310073829228e-10,1.7407012880492006e-09,7.4505805969238281e-09,1.4901161193847656e-08
176400,lead,1,20,0.00023771921360291238,0.00023758427059719661,5.6596716192139996e-07,0.00010686897173064459,2.672749867164316e-07,0.00076665729284286499,0,0,0,0
176400,lead,1,24,0.0010140400120462263,0.0010122982807101283,1.6015820638158761e-05,0.0005392814727760546,8.675861430785559e-06,0.0023777121677994728,0,0,0,0
176400,lead,1,steps,7.9491455296097348e-05,0.00011396185311753423,3.6498394296704589e-05,0.0001114752925800314,3.6995681028527091e-05,0.00013373792171478271,5.6887310073829228e-10,1.0579604310982202e-09,7.4505805969238281e-09,1.4901161193847656e-08
176400,lead,2,20,0.00023771921360291238,0.00023758427059719661,5.6596716192139996e-07,0.00075601107908410386,1.8084904877484608e-06,0.00076665729284286499,0,0,0,0
176400,lead,2,24,0.0010140400120462263,0.0010122982807101283,1.6015820638158761e-05,0.0030385732614877287,4.8270967431951284e-05,0.0023777121677994728,0,0,0,0
176400,lead,2,steps,7.9491455296097348e-05,0.00011396185311753423,3.6498394296704589e-05,0.00016140873468989861,3.866252713526933e-05,0.00013373792171478271,5.6887310073829228e-10,2.8821329338591763e-09,7.4505805969238281e-09,7.4505805969238281e-09
176400,lead,3,20,0.00023771921360291238,0.00023758427059719661,5.6596716192139996e-07,0.00030420709709644554,7.5340668633712935e-07,0.00076665729284286499,0,0,0,0
176400,lead,3,24,0.0010140400120462263,0.0010122982807101283,1.6015820638158761e-05,0.001416304063083693,2.2865454468933171e-05,0.0023777121677994728,0,0,0,0
176400,lead,3,steps,7.9491455296097348e-05,0.00011396185311753423,3.6498394296704589e-05,0.00012282688420589614,3.9352390274762796e-05,0.00013373792171478271,5.6887310073829228e-10,2.7838844093062309e-09,7.4505805969238281e-09,3.7252902984619141e-09
176400,pad-voice,0,20,3.7590853131910607e-05,3.7590936173499003e-05,8.9575702045827015e-09,9.6674498872325607e-06,1.278862990198022e-08,8.7924301624298096e-05,1.2870351798452154e-10,1.7577025895603024e-10,9.3132257461547852e-10,9.3132257461547852e-10
176400,pad-voice,0,24,0.00025042804218836984,0.00025045403137749506,4.4907562522853834e-07,9.865539471238914e-05,1.4011051201685774e-07,0.00045746937394142151,2.6371710990179546e-10,2.2715622809409826e-11,9.3132257461547852e-10,1.1641532182693481e-10
176400,pad-voice,0,steps,4.3588485580098981e-05,6.5134350806215582e-05,2.1649366733214532e-05,6.6464656341493097e-05,2.2155746527824357e-05,3.4064054489135742e-05,1.6117863383116751e-09,2.5731511069522002e-09,1.4901161193847656e-08,1.4901161193847656e-08
176400,pad-voice,1,20,3.7590853131910607e-05,3.7590936173499003e-05,8.9575702045827015e-09,1.0633762064780345e-05,1.294430233806445e-08,8.7924301624298096e-05,1.2870351798452154e-10,1.5752287603776314e-10,9.3132257461547852e-10,4.6566128730773926e-10
176400,pad-voice,1,24,0.00025042804218836984,0.00025045403137749506,4.4907562522853834e-07,0.00010913772604572138,1.5438031121223768e-07,0.00045746937394142151,2.6371710990179546e-10,1.798424427015737e-10,9.3132257461547852e-10,9.3132257461547852e-10
176400,pad-voice,1,steps,4.3588485580098981e-05,6.5134350806215582e-05,2.1649366733214532e-05,6.7759182529993913e-05,2.258706512682336e-05,3.4064054489135742e-05,1.6117863383116751e-09,4.1888899984090471e-09,1.4901161193847656e-08,1.4901161193847656e-08
176400,pad-voice,2,20,3.7590853131910607e-05,3.7590936173499003e-05,8.9575702045827015e-09,0.00016473008870387197,4.9514242261651601e-08,8.7924301624298096e-05,1.2870351798452154e-10,6.4069780029417054e-10,9.3132257461547852e-10,8.2945916801691055e-10
176400,pad-voice,2,24,0.00025042804218836984,0.00025045403137749506,4.4907562522853834e-07,0.0010896843975433306,1.9177043867725689e-06,0.00045746937394142151,2.6371710990179546e-10,3.2081219492004452e-09,9.3132257461547852e-10,3.7252902984619141e-09
176400,pad-voice,2,steps,4.3588485580098981e-05,6.5134350806215582e-05,2.1649366733214532e-05,9.5938462505674589e-05,3.1127458406806887e-05,3.4064054489135742e-05,1.6117863383116751e-09,8.6818896451369009e-09,1.4901161193847656e-08,1.3038516044616699e-08
176400,pad-voice,3,20,3.7590853131910607e-05,3.7590936173499003e-05,8.9575702045827015e-09,4.4308800384501226e-05,3.1517442137349488e-08,8.7924301624298096e-05,1.2870351798452154e-10,4.5342490978316306e-10,9.3132257461547852e-10,1.1641532182693481e-10
176400,pad-voice,3,24,0.00025042804218836984,0.00025045403137749506,4.4907562522853834e-07,0.0004103025075924039,5.9449616290070226e-07,0.00045746937394142151,2.6371710990179546e-10,2.1586622297991058e-09,9.3132257461547852e-10,9.3132257461547852e-10
176400,pad-voice,3,steps,4.3588485580098981e-05,6.5134350806215582e-05,2.1649366733214532e-05,9.4288124099395354e-05,3.1454987888732089e-05,3.4064054489135742e-05,1.6117863383116751e-09,5.7604326672149551e-09,1.4901161193847656e-08,1.862645149230957e-09
176400,high-lead,0,20,0.0011202163923197082,0.0011237908194096143,8.1771720526553834e-06,0.0004211433449377702,2.638194332501154e-06,0.0029663592576980591,3.7117538794465728e-12,7.450073446611805e-13,2.9103830456733704e-11,7.2759576141834259e-12
176400,high-lead,0,24,0.0036319767607147688,0.0036609117054413796,0.00011819324619698966,0.0015520068589570757,4.9499361601486887e-05,0.0053413994610309601,0,0,0,0
176400,high-lead,0,steps,0.00028392933367170294,0.00029302732451655367,3.1853118429619337e-05,0.0001231370716588304,3.1299885678441773e-05,0.0014107972383499146,6.9947212672529498e-10,1.2878506510184447e-09,7.4505805969238281e-09,1.4901161193847656e-08
176400,high-lead,1,20,0.0011202163923197082,0.0011237908194096143,8.1771720526553834e-06,0.0004225134068417059,2.6321493012324438e-06,0.0029663592576980591,3.7117538794465728e-12,0,2.9103830456733704e-11,0
176400,high-lead,1,24,0.0036319767607147688,0.0036609117054413796,0.00011819324619698966,0.0015574342490303958,4.9438853412816628e-05,0.0053413994610309601,0,0,0,0
176400,high-lead,1,steps,0.00028392933367170294,0.00029302732451655367,3.1853118429619337e-05,0.00012357642618592623,3.1349301595616368e-05,0.0014107972383499146,6.9947212672529498e-10,2.0239110037804063e-09,7.4505805969238281e-09,2.9802322387695312e-08
176400,high-lead,2,20,0.0011202163923197082,0.0011237908194096143,8.1771720526553834e-06,0.0014334837423373827,1.027910896946593e-05,0.0029663592576980591,3.7117538794465728e-12,0,2.9103830456733704e-11,0
176400,high-lead,2,24,0.0036319767607147688,0.0036609117054413796,0.00011819324619698966,0.0046144007073099349,0.00014895849051119097,0.0053413994610309601,0,0,0,0
176400,high-lead,2,steps,0.00028392933367170294,0.00029302732451655367,3.1853118429619337e-05,0.0003720180247122804,2.9688710424534536e-05,0.0014107972383499146,6.9947212672529498e-10,1.2955902900128696e-09,7.4505805969238281e-09,7.4505805969238281e-09
176400,high-lead,3,20,0.0011202163923197082,0.0011237908194096143,8.1771720526553834e-06,0.00062400194537842876,3.9860471136558302e-06,0.0029663592576980591,3.7117538794465728e-12,0,2.9103830456733704e-11,0
176400,high-lead,3,24,0.0036319767607147688,0.0036609117054413796,0.00011819324619698966,0.002249692650713116,7.2112164632628063e-05,0.0053413994610309601,0,0,0,0
176400,high-lead,3,steps,0.00028392933367170294,0.00029302732451655367,3.1853118429619337e-05,0.00015258448732736679,2.9924891831461911e-05,0.0014107972383499146,6.9947212672529498e-10,1.3551242646430098e-09,7.4505805969238281e-09,3.7252902984619141e-09
192000,bass,0,20,0.00012187526188164374,0.00012175227577159527,2.3879039971792819e-07,4.2045661271282545e-05,1.0016257259942367e-07,0.00052189081907272339,2.956388438544279e-10,4.5941184201649976e-10,1.862645149230957e-09,1.862645149230957e-09
192000,bass,0,24,0.00048827990330702975,0.00048738177213472113,4.5970386016309217e-06,0.00019368428063512756,1.0845672796035745e-06,0.0015051998198032379,5.0778041462515046e-10,1.2298846054959523e-09,1.862645149230957e-09,3.7252902984619141e-09
192000,bass,0,steps,6.6472403744782029e-05,9.5719081781792028e-05,3.0793064299337157e-05,9.3332489714618039e-05,3.0992898244137888e-05,0.00020465254783630371,1.1560416740492514e-09,1.6962164776031619e-09,7.4505805969238281e-09,7.4505805969238281e-09
192000,bass,1,20,0.00012187526188164374,0.00012175227577159527,2.3879039971792819e-07,4.6825401181797804e-05,1.1235708169843708e-07,0.00052189081907272339,2.956388438544279e-10,2.9891478186388923e-10,1.862645149230957e-09,1.862645149230957e-09
192000,bass,1,24,0.00048827990330702975,0.00048738177213472113,4.5970386016309217e-06,0.00021584502386446825,1.1933954766079062e-06,0.0015051998198032379,5.0778041462515046e-10,2.229686552297998e-09,1.862645149230957e-09,7.4505805969238281e-09
192000,bass,1,steps,6.6472403744782029e-05,9.5719081781792028e-05,3.0793064299337157e-05,9.3900628363375633e-05,3.1155735187933205e-05,0.00020465254783630371,1.1560416740492514e-09,2.7683113112513698e-09,7.4505805969238281e-09,1.4901161193847656e-08
192000,bass,2,20,0.00012187526188164374,0.00012175227577159527,2.3879039971792819e-07,0.00077138986875314368,1.5416218573711571e-06,0.00052189081907272339,2.956388438544279e-10,2.9687622801233746e-09,1.862645149230957e-09,1.862645149230957e-09
192000,bass,2,24,0.00048827990330702975,0.00048738177213472113,4.5970386016309217e-06,0.003025140294233516,2.7609906662700741e-05,0.0015051998198032379,5.0778041462515046e-10,9.0908084971787784e-09,1.862645149230957e-09,7.4505805969238281e-09
192000,bass,2,steps,6.6472403744782029e-05,9.5719081781792028e-05,3.0793064299337157e-05,0.00020673661900653733,3.9074906405816654e-05,0.00020465254783630371,1.1560416740492514e-09,9.0611599800660678e-09,7.4505805969238281e-09,7.4505805969238281e-09
192000,bass,3,20,0.00012187526188164374,0.00012175227577159527,2.3879039971792819e-07,0.00025556876745579094,5.9787246329419168e-07,0.00052189081907272339,2.956388438544279e-10,2.0339615072741113e-09,1.862645149230957e-09,4.6566128730773926e-10
192000,bass,3,24,0.00048827990330702975,0.00048738177213472113,4.5970386016309217e-06,0.0011221207691591078,6.8563965204548044e-06,0.0015051998198032379,5.0778041462515046e-10,3.1080268213202778e-09,1.862645149230957e-09,9.3132257461547852e-10
192000,bass,3,steps,6.6472403744782029e-05,9.5719081781792028e-05,3.0793064299337157e-05,0.00012774208786303783,3.8814037594850001e-05,0.00020465254783630371,1.1560416740492514e-09,7.7472853853774666e-09,7.4505805969238281e-09,1.862645149230957e-09
192000,lead,0,20,0.00020836262466182638,0.00020838879483053182,3.3155605234095062e-07,6.678591518087911e-05,9.9011323891705365e-08,0.00057002156972885132,0,0,0,0
192000,lead,0,24,0.00095543533492097065,0.00095766892564177542,1.1613408547842318e-05,0.0004243642171931821,4.8980414192322886e-06,0.0019543133676052094,3.5703697570540873e-10,6.7852831377448692e-10,1.862645149230957e-09,3.7252902984619141e-09
192000,lead,0,steps,7.8536512842578241e-05,0.00011200333979221013,3.5740831487065025e-05,0.00010746996585243184,3.5789696704488452e-05,0.00021496787667274475,7.7945604911084867e-10,1.2466500363695622e-09,7.4505805969238281e-09,1.4901161193847656e-08
192000,lead,1,20,0.00020836262466182638,0.00020838879483053182,3.3155605234095062e-07,7.2869806132131571e-05,1.0882299407767865e-07,0.00057002156972885132,0,0,0,0
192000,lead,1,24,0.00095543533492097065,0.00095766892564177542,1.1613408547842318e-05,0.0004650141193772561,5.3476000213665097e-06,0.0019543133676052094,3.5703697570540873e-10,1.4845598406433931e-09,1.862645149230957e-09,7.4505805969238281e-09
192000,lead,1,steps,7.8536512842578241e-05,0.00011200333979221013,3.5740831487065025e-05,0.00010777316545093405,3.5894927426737152e-05,0.00021496787667274475,7.7945604911084867e-10,1.242674035815855e-09,7.4505805969238281e-09,7.4505805969238281e-09
192000,lead,2,20,0.00020836262466182638,0.00020838879483053182,3.3155605234095062e-07,0.00063181703673823248,9.9671438418722308e-07,0.00057002156972885132,0,0,0,0
192000,lead,2,24,0.00095543533492097065,0.00095766892564177542,1.1613408547842318e-05,0.0027896146061134799,3.3643133961297055e-05,0.0019543133676052094,3.5703697570540873e-10,2.0566945114993371e-09,1.862645149230957e-09,1.862645149230957e-09
192000,lead,2,steps,7.8536512842578241e-05,0.00011200333979221013,3.5740831487065025e-05,0.00014800832769776455,3.2957405604780546e-05,0.00021496787667274475,7.7945604911084867e-10,3.4356047732396441e-09,7.4505805969238281e-09,7.4505805969238281e-09
192000,lead,3,20,0.00020836262466182638,0.00020838879483053182,3.3155605234095062e-07,0.00020934310291283013,3.1007302602345354e-07,0.00057002156972885132,0,0,0,0
192000,lead,3,24,0.00095543533492097065,0.00095766892564177542,1.1613408547842318e-05,0.001220082728521574,1.4154867319062148e-05,0.0019543133676052094,3.5703697570540873e-10,1.9700304112011155e-09,1.862645149230957e-09,9.3132257461547852e-10
192000,lead,3,steps,7.8536512842578241e-05,0.00011200333979221013,3.5740831487065025e-05,0.00010596234022855118,3.4569961546503472e-05,0.00021496787667274475,7.7945604911084867e-10,2.7728996284277286e-09,7.4505805969238281e-09,1.862645149230957e-09
192000,pad-voice,0,20,5.5001223907214998e-05,5.4998125107600452e-05,1.7905316396018213e-08,1.5197974071156957e-05,1.1759947121462786e-08,0.00015450641512870789,2.6509551814122641e-10,5.0472193389182978e-10,1.862645149230957e-09,3.7252902984619141e-09
192000,pad-voice,0,24,0.00031253704499530028,0.00031176271766982031,1.2418402179716548e-06,0.00010041150764500532,4.3631783308251219e-07,0.00062394142150878906,7.739117703910913e-10,1.5875548079710294e-09,3.7252902984619141e-09,3.7252902984619141e-09
192000,pad-voice,0,steps,4.9972784263601139e-05,7.4206627285761069e-05,2.4532340689902906e-05,7.4928794134963516e-05,2.4963451436576832e-05,5.4948031902313232e-05,1.00178714569973e-09,1.5541002451808233e-09,7.4505805969238281e-09,7.4505805969238281e-09
192000,pad-voice,1,20,5.5001223907214998e-05,5.4998125107600452e-05,1.7905316396018213e-08,1.6808373723112003e-05,1.3710547793770535e-08,0.00015450641512870789,2.6509551814122641e-10,4.96994763136984e-10,1.862645149230957e-09,3.7252902984619141e-09
192000,pad-voice,1,24,0.00031253704499530028,0.00031176271766982031,1.2418402179716548e-06,0.00011055666560722372,4.8508049599101361e-07,0.00062394142150878906,7.739117703910913e-10,1.3904157042412405e-09,3.7252902984619141e-09,3.7252902984619141e-09
192000,pad-voice,1,steps,4.9972784263601139e-05,7.4206627285761069e-05,2.4532340689902906e-05,7.6019033875479833e-05,2.53246298303518e-05,5.4948031902313232e-05,1.00178714569973e-09,2.7222628516903259e-09,7.4505805969238281e-09,1.4901161193847656e-08
192000,pad-voice,2,20,5.5001223907214998e-05,5.4998125107600452e-05,1.7905316396018213e-08,0.00024649558204853459,8.1900525823680313e-08,0.00015450641512870789,2.6509551814122641e-10,1.1369237845532696e-09,1.862645149230957e-09,1.862645149230957e-09
192000,pad-voice,2,24,0.00031253704499530028,0.00031176271766982031,1.2418402179716548e-06,0.0013600397866775299,5.4397056300385477e-06,0.00062394142150878906,7.739117703910913e-10,9.5718352832261652e-09,3.7252902984619141e-09,7.4505805969238281e-09
192000,pad-voice,2,steps,4.9972784263601139e-05,7.4206627285761069e-05,2.4532340689902906e-05,0.00010868369986421023,3.3200051249300133e-05,5.4948031902313232e-05,1.00178714569973e-09,5.427050806557835e-09,7.4505805969238281e-09,7.2177499532699585e-09
192000,pad-voice,3,20,5.5001223907214998e-05,5.4998125107600452e-05,1.7905316396018213e-08,6.9310138615028905e-05,3.6168199842132296e-08,0.00015450641512870789,2.6509551814122641e-10,1.957696982966695e-09,1.862645149230957e-09,9.3132257461547852e-10
192000,pad-voice,3,24,0.00031253704499530028,0.00031176271766982031,1.2418402179716548e-06,0.00043703842381905971,1.8624467466207596e-06,0.00062394142150878906,7.739117703910913e-10,2.1484795093076594e-09,3.7252902984619141e-09,4.6566128730773926e-10
192000,pad-voice,3,steps,4.9972784263601139e-05,7.4206627285761069e-05,2.4532340689902906e-05,0.00010189005936138189,3.3875268484330027e-05,5.4948031902313232e-05,1.00178714569973e-09,3.10002123325053e-09,7.4505805969238281e-09,9.3132257461547852e-10
192000,high-lead,0,20,0.0013478952078505527,0.0013395332478006866,1.5889493095130397e-05,0.00043664541842724109,5.1184100024672586e-06,0.0037476606667041779,1.0525285216373661e-09,9.7233106835142873e-10,7.4505805969238281e-09,7.4505805969238281e-09
192000,high-lead,0,24,0.00395374250951523,0.0038679207672392898,0.00019080844696762035,0.0014654065170385392,7.5527166055869288e-05,0.005418337881565094,1.3860727816827253e-12,0,7.2759576141834259e-12,0
192000,high-lead,0,steps,0.00033951016946098117,0.00034715658640289867,3.2258723030784877e-05,0.00013713629417324631,3.1799330837823925e-05,0.0023139417171478271,1.4377558642809597e-09,1.9228077262937456e-09,1.4901161193847656e-08,1.4901161193847656e-08
192000,high-lead,1,20,0.0013478952078505527,0.0013395332478006866,1.5889493095130397e-05,0.00043766678132428958,5.1358998432762528e-06,0.0037476606667041779,1.0525285216373661e-09,2.2415981062532493e-09,7.4505805969238281e-09,1.4901161193847656e-08
192000,high-lead,1,24,0.00395374250951523,0.0038679207672392898,0.00019080844696762035,0.0014715295722023197,7.5753727561943639e-05,0.005418337881565094,1.3860727816827253e-12,1.2503822596467465e-13,7.2759576141834259e-12,9.0949470177292824e-13
192000,high-lead,1,steps,0.00033951016946098117,0.00034715658640289867,3.2258723030784877e-05,0.00013771827824938246,3.1887576520530698e-05,0.0023139417171478271,1.4377558642809597e-09,3.478077982274095e-09,1.4901161193847656e-08,2.9802322387695312e-08
192000,high-lead,2,20,0.0013478952078505527,0.0013395332478006866,1.5889493095130397e-05,0.001728997172982181,2.0488122463302883e-05,0.0037476606667041779,1.0525285216373661e-09,3.4888036486423986e-09,7.4505805969238281e-09,1.4901161193847656e-08
192000,high-lead,2,24,0.00395374250951523,0.0038679207672392898,0.00019080844696762035,0.004902118229698005,0.00024348171843391309,0.005418337881565094,1.3860727816827253e-12,0,7.2759576141834259e-12,0
192000,high-lead,2,steps,0.00033951016946098117,0.00034715658640289867,3.2258723030784877e-05,0.00045906475076066806,3.0917399101831846e-05,0.0023139417171478271,1.4377558642809597e-09,3.3658853290550036e-09,1.4901161193847656e-08,1.4901161193847656e-08
192000,high-lead,3,20,0.0013478952078505527,0.0013395332478006866,1.5889493095130397e-05,0.00066990984687198963,7.7867217911145005e-06,0.0037476606667041779,1.0525285216373661e-09,2.2322902638234135e-09,7.4505805969238281e-09,3.7252902984619141e-09
192000,high-lead,3,24,0.00395374250951523,0.0038679207672392898,0.00019080844696762035,0.0021833940231066155,0.000112030313616887,0.005418337881565094,1.3860727816827253e-12,0,7.2759576141834259e-12,0
192000,high-lead,3,steps,0.00033951016946098117,0.00034715658640289867,3.2258723030784877e-05,0.00018140206412964861,3.097417418357134e-05,0.0023139417171478271,1.4377558642809597e-09,2.0897892364282205e-09,1.4901161193847656e-08,3.7252902984619141e-09
384000,bass,0,20,4.0951445706113342e-05,4.0961517360921407e-05,1.9155654342798209e-08,6.1210120161888603e-06,8.5056310289763189e-09,0.00013768672943115234,7.3876265380217297e-12,0,5.8207660913467407e-11,0
384000,bass,0,24,0.00024222522603092306,0.00024304709093284668,1.1786745146111092e-06,7.3349219037666021e-05,4.016929233338087e-07,0.00090634822845458984,7.2940646337741858e-10,1.3984683576485337e-09,3.7252902984619141e-09,3.7252902984619141e-09
384000,bass,0,steps,3.6526767523443438e-05,5.4718518914086112e-05,1.8218736147584795e-05,5.5045473841672821e-05,1.8347318249313949e-05,4.7296285629272461e-05,1.3268286168306364e-10,4.1734758549683962e-11,1.862645149230957e-09,4.6566128730773926e-10
384000,bass,1,20,4.0951445706113342e-05,4.0961517360921407e-05,1.9155654342798209e-08,6.7900490968503419e-06,1.050252723817954e-08,0.00013768672943115234,7.3876265380217297e-12,0,5.8207660913467407e-11,0
384000,bass,1,24,0.00024222522603092306,0.00024304709093284668,1.1786745146111092e-06,8.1832600288723973e-05,4.4967283859923568e-07,0.00090634822845458984,7.2940646337741858e-10,2.30580947737124e-09,3.7252902984619141e-09,7.4505805969238281e-09
384000,bass,1,steps,3.6526767523443438e-05,5.4718518914086112e-05,1.8218736147584795e-05,5.5265324335767696e-05,1.8420376328947896e-05,4.7296285629272461e-05,1.3268286168306364e-10,2.4335064370176114e-10,1.862645149230957e-09,1.862645149230957e-09
384000,bass,2,20,4.0951445706113342e-05,4.0961517360921407e-05,1.9155654342798209e-08,0.00025682168810224626,1.254438285669087e-07,0.00013768672943115234,7.3876265380217297e-12,6.6494084850649252e-11,5.8207660913467407e-11,5.8207660913467407e-11
384000,bass,2,24,0.00024222522603092306,0.00024304709093284668,1.1786745146111092e-06,0.0014866331489293255,7.2741151889273579e-06,0.00090634822845458984,7.2940646337741858e-10,4.7661733144367825e-09,3.7252902984619141e-09,3.6088749766349792e-09
384000,bass,2,steps,3.6526767523443438e-05,5.4718518914086112e-05,1.8218736147584795e-05,8.2302205395226501e-05,2.6618398441162681e-05,4.7296285629272461e-05,1.3268286168306364e-10,1.0736998175031189e-09,1.862645149230957e-09,1.8335413187742233e-09
384000,bass,3,20,4.0951445706113342e-05,4.0961517360921407e-05,1.9155654342798209e-08,3.9794464919991556e-05,3.5257310164047249e-08,0.00013768672943115234,7.3876265380217297e-12,4.7197206466976759e-13,5.8207660913467407e-11,2.2737367544323206e-13
384000,bass,3,24,0.00024222522603092306,0.00024304709093284668,1.1786745146111092e-06,0.00043085523413812426,2.3555137473776472e-06,0.00090634822845458984,7.2940646337741858e-10,2.4443630792447987e-09,3.7252902984619141e-09,2.3283064365386963e-10
384000,bass,3,steps,3.6526767523443438e-05,5.4718518914086112e-05,1.8218736147584795e-05,7.9044288183002253e-05,2.6309242872812189e-05,4.7296285629272461e-05,1.3268286168306364e-10,2.7761816630448355e-09,1.862645149230957e-09,1.862645149230957e-09
384000,lead,0,20,0.00019756817197626953,0.00019741854881432375,4.2171059809956913e-07,5.7769590504622036e-05,1.4423927535694229e-07,0.00068791583180427551,4.6550799223150982e-10,1.085551169331427e-09,3.7252902984619141e-09,7.4505805969238281e-09
384000,lead,0,24,0.00081644355554435426,0.00081404443931162808,9.0064567585871515e-06,0.00028013481661639053,2.6565229054909995e-06,0.0019159726798534393,0,0,0,0
384000,lead,0,steps,3.7537270079526868e-05,5.568283785829882e-05,1.8392050369254333e-05,5.5994140442405047e-05,1.8659587103859197e-05,5.2541494369506836e-05,1.5593336961623762e-09,3.2277744707638448e-09,1.4901161193847656e-08,2.9802322387695312e-08
384000,lead,1,20,0.00019756817197626953,0.00019741854881432375,4.2171059809956913e-07,6.3251067442852513e-05,1.5758601353821287e-07,0.00068791583180427551,4.6550799223150982e-10,2.4378806344347274e-09,3.7252902984619141e-09,7.4505805969238281e-09
384000,lead,1,24,0.00081644355554435426,0.00081404443931162808,9.0064567585871515e-06,0.00030730305377321828,2.8978546956098704e-06,0.0019159726798534393,0,0,0,0
384000,lead,1,steps,3.7537270079526868e-05,5.568283785829882e-05,1.8392050369254333e-05,5.6732271549242915e-05,1.8905633685005415e-05,5.2541494369506836e-05,1.5593336961623762e-09,3.6147681429767272e-09,1.4901161193847656e-08,2.9802322387695312e-08
384000,lead,2,20,0.00019756817197626953,0.00019741854881432375,4.2171059809956913e-07,0.00065256577229951343,1.4076015294873072e-06,0.00068791583180427551,4.6550799223150982e-10,1.6500628574851246e-09,3.7252902984619141e-09,3.4924596548080444e-09
384000,lead,2,24,0.00081644355554435426,0.00081404443931162808,9.0064567585871515e-06,0.0025263095612488933,2.7639424496037402e-05,0.0019159726798534393,0,0,0,0
384000,lead,2,steps,3.7537270079526868e-05,5.568283785829882e-05,1.8392050369254333e-05,7.1621540812462912e-05,2.2187157788659877e-05,5.2541494369506836e-05,1.5593336961623762e-09,6.6613804995126324e-09,1.4901161193847656e-08,1.4901161193847656e-08
384000,lead,3,20,0.00019756817197626953,0.00019741854881432375,4.2171059809956913e-07,0.00019128468217284521,4.6783232620576574e-07,0.00068791583180427551,4.6550799223150982e-10,1.0089154880736635e-09,3.7252902984619141e-09,4.6566128730773926e-10
384000,lead,3,24,0.00081644355554435426,0.00081404443931162808,9.0064567585871515e-06,0.00085901759369914584,8.247333680954125e-06,0.0019159726798534393,0,0,0,0
384000,lead,3,steps,3.7537270079526868e-05,5.568283785829882e-05,1.8392050369254333e-05,6.64516629969511e-05,2.2113830706566313e-05,5.2541494369506836e-05,1.5593336961623762e-09,6.974534817922879e-09,1.4901161193847656e-08,7.4505805969238281e-09
384000,pad-voice,0,20,2.2296038767055533e-05,2.2296574998238389e-05,5.8918119863475986e-09,3.5858694995910158e-06,8.2861848874927396e-09,8.6225569248199463e-05,1.2809088346400605e-10,4.5515656118267739e-10,9.3132257461547852e-10,1.862645149230957e-09
384000,pad-voice,0,24,0.00014294911506512346,0.00014306178510246068,2.7419476373071554e-07,3.177747798339549e-05,8.6263847038676012e-08,0.00040161982178688049,2.6480696879146502e-10,1.0828608424900101e-10,9.3132257461547852e-10,4.6566128730773926e-10
384000,pad-voice,0,steps,6.3789740612196362e-05,9.5679725140246599e-05,3.1892572671088731e-05,9.5672912863588785e-05,3.1892035264563261e-05,7.7813863754272461e-05,7.9735984258633625e-10,1.0272682162837011e-09,7.4505805969238281e-09,7.4505805969238281e-09
384000,pad-voice,1,20,2.2296038767055533e-05,2.2296574998238389e-05,5.8918119863475986e-09,3.9877164952473516e-06,9.1372839590816157e-09,8.6225569248199463e-05,1.2809088346400605e-10,1.9543008264285287e-10,9.3132257461547852e-10,9.3132257461547852e-10
384000,pad-voice,1,24,0.00014294911506512346,0.00014306178510246068,2.7419476373071554e-07,3.5317291554938186e-05,9.6067412341144751e-08,0.00040161982178688049,2.6480696879146502e-10,1.2158135803569131e-09,9.3132257461547852e-10,3.7252902984619141e-09
384000,pad-voice,1,steps,6.3789740612196362e-05,9.5679725140246599e-05,3.1892572671088731e-05,9.566164142152526e-05,3.1889105297607702e-05,7.7813863754272461e-05,7.9735984258633625e-10,1.38833366547651e-09,7.4505805969238281e-09,7.4505805969238281e-09
384000,pad-voice,2,20,2.2296038767055533e-05,2.2296574998238389e-05,5.8918119863475986e-09,0.00011044073151668403,3.9266657765777252e-08,8.6225569248199463e-05,1.2809088346400605e-10,1.5791514875978881e-09,9.3132257461547852e-10,1.862645149230957e-09
384000,pad-voice,2,24,0.00014294911506512346,0.00014306178510246068,2.7419476373071554e-07,0.00067841028611195797,1.3236709443517499e-06,0.00040161982178688049,2.6480696879146502e-10,5.3104555639272479e-09,9.3132257461547852e-10,3.7252902984619141e-09
384000,pad-voice,2,steps,6.3789740612196362e-05,9.5679725140246599e-05,3.1892572671088731e-05,9.3356842970580253e-05,3.1098800564428225e-05,7.7813863754272461e-05,7.9735984258633625e-10,7.7852844971820897e-09,7.4505805969238281e-09,7.4505805969238281e-09
384000,pad-voice,3,20,2.2296038767055533e-05,2.2296574998238389e-05,5.8918119863475986e-09,1.8623449255949978e-05,3.0184983739489111e-08,8.6225569248199463e-05,1.2809088346400605e-10,4.8423406143345384e-10,9.3132257461547852e-10,2.3283064365386963e-10
384000,pad-voice,3,24,0.00014294911506512346,0.00014306178510246068,2.7419476373071554e-07,0.00015286256650394854,4.0478672563862684e-07,0.00040161982178688049,2.6480696879146502e-10,8.7482147650512237e-10,9.3132257461547852e-10,2.3283064365386963e-10
384000,pad-voice,3,steps,6.3789740612196362e-05,9.5679725140246599e-05,3.1892572671088731e-05,9.4523996393590956e-05,3.1532782129006955e-05,7.7813863754272461e-05,7.9735984258633625e-10,3.6419118907915674e-09,7.4505805969238281e-09,9.3132257461547852e-10
384000,high-lead,0,20,0.00054553685317913856,0.00055008426748574335,7.4014687772519101e-06,0.00015774469787968321,2.8219485634554798e-06,0.0028082504868507385,5.2891947707208724e-10,1.4945703446968173e-09,3.7252902984619141e-09,7.4505805969238281e-09
384000,high-lead,0,24,0.0018814323850909974,0.00192252047295674,8.6730428495104949e-05,0.00058892907736875645,3.5455361151824624e-05,0.0045980252325534821,1.7740092186062111e-10,5.8985901954737633e-10,9.3132257461547852e-10,3.7252902984619141e-09
384000,high-lead,0,steps,4.1264527006274988e-05,5.7880252158778986e-05,1.8145155425557854e-05,5.4419501691773481e-05,1.8092088270461746e-05,0.00019390881061553955,2.1477081743773932e-09,3.2019064814851376e-09,2.9802322387695312e-08,2.9802322387695312e-08
384000,high-lead,1,20,0.00054553685317913856,0.00055008426748574335,7.4014687772519101e-06,0.00015825857345003796,2.8382993732127075e-06,0.0028082504868507385,5.2891947707208724e-10,7.8640321935572615e-10,3.7252902984619141e-09,7.4505805969238281e-09
384000,high-lead,1,24,0.0018814323850909974,0.00192252047295674,8.6730428495104949e-05,0.00058678047224703809,3.5599625234068575e-05,0.0045980252325534821,1.7740092186062111e-10,5.2849698933061197e-10,9.3132257461547852e-10,3.7252902984619141e-09
384000,high-lead,1,steps,4.1264527006274988e-05,5.7880252158778986e-05,1.8145155425557854e-05,5.4221751171728485e-05,1.8021351906418298e-05,0.00019390881061553955,2.1477081743773932e-09,3.1258878777592375e-09,2.9802322387695312e-08,2.9802322387695312e-08
384000,high-lead,2,20,0.00054553685317913856,0.00055008426748574335,7.4014687772519101e-06,0.00076003022916443057,1.0544515172870271e-05,0.0028082504868507385,5.2891947707208724e-10,1.249584052502266e-09,3.7252902984619141e-09,3.7252902984619141e-09
384000,high-lead,2,24,0.0018814323850909974,0.00192252047295674,8.6730428495104949e-05,0.0025399754490181329,0.0001186097913369226,0.0045980252325534821,1.7740092186062111e-10,5.1534175562802567e-10,9.3132257461547852e-10,1.862645149230957e-09
384000,high-lead,2,steps,4.1264527006274988e-05,5.7880252158778986e-05,1.8145155425557854e-05,6.8239241633696919e-05,2.0320197841491103e-05,0.00019390881061553955,2.1477081743773932e-09,5.57100232903551e-09,2.9802322387695312e-08,2.9802322387695312e-08
384000,high-lead,3,20,0.00054553685317913856,0.00055008426748574335,7.4014687772519101e-06,0.00025533598439893539,4.5203809874446607e-06,0.0028082504868507385,5.2891947707208724e-10,9.093342585198319e-10,3.7252902984619141e-09,1.862645149230957e-09
384000,high-lead,3,24,0.0018814323850909974,0.00192252047295674,8.6730428495104949e-05,0.00092337122089319271,5.5017115146267479e-05,0.0045980252325534821,1.7740092186062111e-10,3.4790582564418242e-10,9.3132257461547852e-10,4.6566128730773926e-10
384000,high-lead,3,steps,4.1264527006274988e-05,5.7880252158778986e-05,1.8145155425557854e-05,5.8366929606975669e-05,1.9273964246022976e-05,0.00019390881061553955,2.1477081743773932e-09,5.2407330447697358e-09,2.9802322387695312e-08,7.4505805969238281e-09
