stage,rate,filter_mode,median_realtime_percent,minimum_realtime_percent,maximum_realtime_percent
oscillators,48000,0,10.3136,9.11974,17.8995
oscillators,48000,1,8.33273,8.0601,8.76641
oscillators,48000,2,8.05914,7.20767,8.67747
oscillators,48000,3,9.28655,8.76366,10.4241
oscillators,96000,0,27.2004,19.9979,42.1901
oscillators,96000,1,15.2102,14.3829,17.4277
oscillators,96000,2,15.5831,15.3593,15.6836
oscillators,96000,3,30.5219,15.2499,32.637
oscillators,192000,0,32.7881,31.0964,42.6152
oscillators,192000,1,36.068,30.2231,40.6402
oscillators,192000,2,30.7226,26.35,30.7964
oscillators,192000,3,26.5333,26.4982,28.1791
modulation,48000,0,0.504065,0.470422,0.6031
modulation,48000,1,0.472925,0.447583,0.879431
modulation,48000,2,0.399243,0.398181,0.402173
modulation,48000,3,0.48551,0.479687,0.69021
modulation,96000,0,0.917578,0.8979,1.27883
modulation,96000,1,0.893262,0.881714,1.4926
modulation,96000,2,0.95896,0.948193,1.01221
modulation,96000,3,0.90664,0.861035,1.2459
modulation,192000,0,1.89287,1.85059,2.03916
modulation,192000,1,2.12998,1.86777,3.98613
modulation,192000,2,1.85034,1.77412,1.98682
modulation,192000,3,1.64834,1.61216,1.7498
fx,48000,0,0.520789,0.286059,0.814136
fx,48000,1,0.311817,0.293909,0.313098
fx,48000,2,0.258508,0.256995,0.262622
fx,48000,3,0.301269,0.291955,0.320801
fx,96000,0,0.605566,0.586548,0.609936
fx,96000,1,0.565308,0.551953,2.47449
fx,96000,2,0.624804,0.614087,0.627808
fx,96000,3,0.571997,0.553296,0.789527
fx,192000,0,1.16729,1.11465,3.37305
fx,192000,1,1.26816,1.19922,1.36328
fx,192000,2,1.22676,1.21738,1.25767
fx,192000,3,1.04004,1.02539,1.37617
drive,48000,0,13.5955,11.5434,15.7802
drive,48000,1,14.0016,13.3338,17.3495
drive,48000,2,12.615,10.5977,13.8066
drive,48000,3,15.1474,12.3402,21.4141
drive,96000,0,24.7948,24.3073,39.9674
drive,96000,1,29.496,29.3044,35.4594
drive,96000,2,24.4322,22.5025,32.0056
drive,96000,3,27.6439,24.4119,35.9375
drive,192000,0,18.4842,17.5645,18.5358
drive,192000,1,22.1575,18.0912,31.7217
drive,192000,2,16.4936,16.1764,19.5667
drive,192000,3,18.0652,17.3961,27.5786
filter,48000,0,2.01987,1.1701,2.16082
filter,48000,1,1.24996,1.1095,1.99143
filter,48000,2,1.23627,1.12216,1.2451
filter,48000,3,1.16259,1.15107,1.17446
filter,96000,0,2.26316,2.19263,2.26811
filter,96000,1,3.28452,2.1498,4.66384
filter,96000,2,2.23994,2.11013,2.32842
filter,96000,3,2.32449,2.19854,2.37224
filter,192000,0,5.02725,4.34185,5.49087
filter,192000,1,5.16455,4.73428,5.32573
filter,192000,2,4.11738,3.92295,4.82622
filter,192000,3,5.0127,4.98516,14.5848
adapter,48000,0,14.6507,14.075,15.8003
adapter,48000,1,11.2667,10.9403,14.6447
adapter,48000,2,14.0443,13.9431,14.4436
adapter,48000,3,14.6996,11.3456,18.6488
adapter,96000,0,25.2186,24.3134,49.0683
adapter,96000,1,26.8592,22.725,27.4321
adapter,96000,2,30.6767,23.0446,37.0189
adapter,96000,3,34.5098,28.238,37.1615
adapter,192000,0,25.9498,24.8194,37.1063
adapter,192000,1,24.6958,24.0698,36.5172
adapter,192000,2,25.9923,22.1094,26.6588
adapter,192000,3,25.4442,24.1678,27.513
engine-no-fx,48000,0,24.3424,23.5683,33.4096
engine-no-fx,48000,1,27.8162,25.2227,32.3927
engine-no-fx,48000,2,24.5649,22.9993,41.0616
engine-no-fx,48000,3,34.4639,29.8628,42.9798
engine-no-fx,96000,0,66.787,53.1873,67.5948
engine-no-fx,96000,1,59.815,52.5756,82.682
engine-no-fx,96000,2,65.5017,61.6087,86.4364
engine-no-fx,96000,3,55.3328,51.2516,62.466
engine-no-fx,192000,0,84.9969,72.6548,89.7841
engine-no-fx,192000,1,74.8231,68.6003,76.4982
engine-no-fx,192000,2,71.9044,64.5934,80.3333
engine-no-fx,192000,3,74.3968,69.8617,76.8161
engine-fx,48000,0,27.1787,23.9747,32.1523
engine-fx,48000,1,27.3751,23.3757,44.1516
engine-fx,48000,2,22.8479,22.0876,29.996
engine-fx,48000,3,30.5167,28.1806,30.8821
engine-fx,96000,0,51.5038,48.6421,53.5238
engine-fx,96000,1,50.4595,49.5626,76.8881
engine-fx,96000,2,55.5022,51.039,57.9614
engine-fx,96000,3,53.2411,52.7708,58.8943
engine-fx,192000,0,108.957,77.8713,114.765
engine-fx,192000,1,78.0833,66.0502,83.165
engine-fx,192000,2,85.6149,66.1584,89.4205
engine-fx,192000,3,82.2188,73.1441,82.5176
production-no-fx,48000,0,15.0935,14.6209,15.3429
production-no-fx,48000,1,14.3184,13.986,16.8337
production-no-fx,48000,2,18.7317,17.9489,23.7102
production-no-fx,48000,3,19.7713,16.3919,26.9273
production-no-fx,96000,0,37.251,33.096,39.9121
production-no-fx,96000,1,33.8673,30.1239,43.7222
production-no-fx,96000,2,31.2312,27.6841,32.6449
production-no-fx,96000,3,30.2901,30.2201,37.3986
production-no-fx,192000,0,64.6602,57.1462,79.4426
production-no-fx,192000,1,58.6424,55.6318,58.7214
production-no-fx,192000,2,66.81,66.0529,67.4073
production-no-fx,192000,3,63.9924,62.6888,74.2609
production-fx,48000,0,16.1175,14.7566,19.7091
production-fx,48000,1,19.8776,18.9971,19.9567
production-fx,48000,2,20.0497,18.7833,20.7433
production-fx,48000,3,20.0657,19.8118,27.0237
production-fx,96000,0,40.5913,37.3943,44.5264
production-fx,96000,1,36.6792,35.4981,62.4994
production-fx,96000,2,37.2236,30.1624,41.0243
production-fx,96000,3,30.4095,30.1938,47.6678
production-fx,192000,0,77.1599,69.4128,84.3207
production-fx,192000,1,58.3186,57.2036,73.4382
production-fx,192000,2,68.0902,59.915,90.2875
production-fx,192000,3,67.1942,64.601,89.7088
