factor,implementation,rate,voices,drive_db,pair,reference_bytes,candidate_bytes,reference_seconds,candidate_seconds
2,scalar,48000,16,20,0,11344,7248,0.033037375000000001,0.033869042000000002
2,scalar,48000,16,20,1,11344,7248,0.036889334000000003,0.024335124999999999
2,scalar,48000,16,20,2,11344,7248,0.024836957999999999,0.035831416999999997
2,scalar,48000,16,20,3,11344,7248,0.036423417,0.036521583000000003
2,scalar,48000,16,20,4,11344,7248,0.026921291999999999,0.032530666999999999
2,scalar,48000,16,20,5,11344,7248,0.040148334000000001,0.042538125000000003
2,scalar,48000,16,20,6,11344,7248,0.026394541000000001,0.024880459000000001
2,scalar,48000,16,20,7,11344,7248,0.036956166999999998,0.031482625
2,scalar,96000,16,20,0,11344,7248,0.040178832999999997,0.029841416999999999
2,scalar,96000,16,20,1,11344,7248,0.037725374999999998,0.034638624999999999
2,scalar,96000,16,20,2,11344,7248,0.026208166000000001,0.036830542000000001
2,scalar,96000,16,20,3,11344,7248,0.037403709,0.028420082999999999
2,scalar,96000,16,20,4,11344,7248,0.025704833,0.040830458
2,scalar,96000,16,20,5,11344,7248,0.042509041999999997,0.032371875000000001
2,scalar,96000,16,20,6,11344,7248,0.025230708000000001,0.027213999999999999
2,scalar,96000,16,20,7,11344,7248,0.028530583000000002,0.027922625
2,scalar,192000,16,20,0,11344,7248,0.029275875,0.027094333000000002
2,scalar,192000,16,20,1,11344,7248,0.029778791999999998,0.029575332999999999
2,scalar,192000,16,20,2,11344,7248,0.034646083000000001,0.031090916999999999
2,scalar,192000,16,20,3,11344,7248,0.035486834000000002,0.034706209000000002
2,scalar,192000,16,20,4,11344,7248,0.024766625,0.024883042000000001
2,scalar,192000,16,20,5,11344,7248,0.024857166,0.024339916
2,scalar,192000,16,20,6,11344,7248,0.031326791,0.038134833
2,scalar,192000,16,20,7,11344,7248,0.038149792000000002,0.029897416999999999
2,simd,48000,16,20,0,11344,7248,0.038728958000000001,0.022755207999999999
2,simd,48000,16,20,1,11344,7248,0.034917957999999999,0.023611040999999999
2,simd,48000,16,20,2,11344,7248,0.024948666000000001,0.032825208000000002
2,simd,48000,16,20,3,11344,7248,0.032510249999999997,0.031907249999999998
2,simd,48000,16,20,4,11344,7248,0.031485041999999998,0.027914874999999999
2,simd,48000,16,20,5,11344,7248,0.028025667000000001,0.033953958999999999
2,simd,48000,16,20,6,11344,7248,0.036055957999999999,0.024798125000000001
2,simd,48000,16,20,7,11344,7248,0.023341582999999999,0.023494417
2,simd,96000,16,20,0,11344,7248,0.021936917,0.022770790999999999
2,simd,96000,16,20,1,11344,7248,0.021983417000000002,0.022112166999999999
2,simd,96000,16,20,2,11344,7248,0.022645416000000002,0.022475665999999998
2,simd,96000,16,20,3,11344,7248,0.040673665999999997,0.034145208000000003
2,simd,96000,16,20,4,11344,7248,0.024488291999999998,0.023147792
2,simd,96000,16,20,5,11344,7248,0.023012583,0.022429542
2,simd,96000,16,20,6,11344,7248,0.023172833,0.030750875
2,simd,96000,16,20,7,11344,7248,0.027466582999999999,0.024071124999999999
2,simd,192000,16,20,0,11344,7248,0.031473666999999997,0.028607166999999999
2,simd,192000,16,20,1,11344,7248,0.024583457999999999,0.030707042
2,simd,192000,16,20,2,11344,7248,0.030458167000000001,0.0267745
2,simd,192000,16,20,3,11344,7248,0.033033459000000001,0.049583124999999999
2,simd,192000,16,20,4,11344,7248,0.036925832999999998,0.028081292000000001
2,simd,192000,16,20,5,11344,7248,0.022586542000000001,0.022160875
2,simd,192000,16,20,6,11344,7248,0.022780333,0.028997542000000001
2,simd,192000,16,20,7,11344,7248,0.027417707999999999,0.024583207999999999
4,scalar,48000,16,20,0,12384,12384,0.066247874999999998,0.064860334000000006
4,scalar,48000,16,20,1,12384,12384,0.057735292000000001,0.073024540999999998
4,scalar,48000,16,20,2,12384,12384,0.064540165999999996,0.074031374999999996
4,scalar,48000,16,20,3,12384,12384,0.064923458000000003,0.062317083000000002
4,scalar,48000,16,20,4,12384,12384,0.068389167000000001,0.063229332999999999
4,scalar,48000,16,20,5,12384,12384,0.065977499999999994,0.075267166999999996
4,scalar,48000,16,20,6,12384,12384,0.059029834000000003,0.059728165999999999
4,scalar,48000,16,20,7,12384,12384,0.081982665999999996,0.071562417000000003
4,scalar,96000,16,20,0,12384,12384,0.084523165999999997,0.059989124999999997
4,scalar,96000,16,20,1,12384,12384,0.069811208,0.065450499999999995
4,scalar,96000,16,20,2,12384,12384,0.065529832999999996,0.069303749999999997
4,scalar,96000,16,20,3,12384,12384,0.066678125000000005,0.070001916999999997
4,scalar,96000,16,20,4,12384,12384,0.063713540999999999,0.065914540999999993
4,scalar,96000,16,20,5,12384,12384,0.069452833000000005,0.081356250000000005
4,scalar,96000,16,20,6,12384,12384,0.069330625000000007,0.088484375000000004
4,scalar,96000,16,20,7,12384,12384,0.065582500000000002,0.065100667000000001
4,scalar,192000,16,20,0,12384,12384,0.097467834000000003,0.083985749999999998
4,scalar,192000,16,20,1,12384,12384,0.068592500000000001,0.097973375000000001
4,scalar,192000,16,20,2,12384,12384,0.074191124999999997,0.065019332999999999
4,scalar,192000,16,20,3,12384,12384,0.067675790999999999,0.071746583000000003
4,scalar,192000,16,20,4,12384,12384,0.062516792000000002,0.073776584000000006
4,scalar,192000,16,20,5,12384,12384,0.067395707999999999,0.074487499999999998
4,scalar,192000,16,20,6,12384,12384,0.064243624999999999,0.073708958000000005
4,scalar,192000,16,20,7,12384,12384,0.064583333000000007,0.076172083000000002
4,simd,48000,16,20,0,12384,12384,0.051863666000000003,0.058691541
4,simd,48000,16,20,1,12384,12384,0.054083458000000001,0.067253915999999997
4,simd,48000,16,20,2,12384,12384,0.051896083000000003,0.057702999999999997
4,simd,48000,16,20,3,12384,12384,0.049329917000000001,0.056449291999999998
4,simd,48000,16,20,4,12384,12384,0.056753375000000002,0.055039207999999999
4,simd,48000,16,20,5,12384,12384,0.050766582999999997,0.048973915999999999
4,simd,48000,16,20,6,12384,12384,0.051754666999999997,0.070469917000000007
4,simd,48000,16,20,7,12384,12384,0.064580958999999993,0.065758374999999994
4,simd,96000,16,20,0,12384,12384,0.081373166999999996,0.071158166999999994
4,simd,96000,16,20,1,12384,12384,0.058248374999999998,0.050252790999999998
4,simd,96000,16,20,2,12384,12384,0.052093250000000001,0.059225874999999997
4,simd,96000,16,20,3,12384,12384,0.057780959,0.062837332999999995
4,simd,96000,16,20,4,12384,12384,0.054247249999999997,0.056842999999999998
4,simd,96000,16,20,5,12384,12384,0.048986083,0.049510125000000002
4,simd,96000,16,20,6,12384,12384,0.053655000000000001,0.052180207999999999
4,simd,96000,16,20,7,12384,12384,0.050453584000000003,0.050971291000000002
4,simd,192000,16,20,0,12384,12384,0.048415791999999999,0.050331458000000003
4,simd,192000,16,20,1,12384,12384,0.052961374999999998,0.055413292000000003
4,simd,192000,16,20,2,12384,12384,0.048428458000000001,0.062998499999999999
4,simd,192000,16,20,3,12384,12384,0.057072708,0.060407957999999998
4,simd,192000,16,20,4,12384,12384,0.059219709000000002,0.053940792000000001
4,simd,192000,16,20,5,12384,12384,0.062186625000000002,0.056112084
4,simd,192000,16,20,6,12384,12384,0.061428542000000003,0.067119999999999999
4,simd,192000,16,20,7,12384,12384,0.050869499999999998,0.069043958000000002
