existing,batch,scenario,repetition,import_ms,refresh_ms,filter_ms,quick_list_ms,preview_ms,imported,skipped,failed
100,10,new,1,66.348800,0.971700,0.085500,0.929600,0.254400,10,0,0
100,10,duplicate,1,27.125700,1.291300,0.077900,1.224100,0.342200,0,10,0
100,10,collision,1,4.216300,0.844700,0.079200,0.877600,0.253200,0,10,0
100,10,invalid,1,3.406500,0.849400,0.079000,0.844600,0.261600,0,0,10
100,100,new,1,241.747800,1.627600,0.137900,1.619600,0.270400,100,0,0
100,100,duplicate,1,48.595100,0.841000,0.079300,0.865700,0.247600,0,100,0
100,100,collision,1,25.925500,0.874900,0.079600,0.841500,0.247400,0,100,0
100,100,invalid,1,24.475900,0.791100,0.079100,0.870000,0.246300,0,0,100
100,0,empty,1,1.028500,0.822800,0.088500,0.881800,0.257100,0,0,0
100,10,new,2,47.049900,0.961100,0.086400,0.948800,0.259600,10,0,0
100,10,duplicate,2,24.880400,0.835800,0.079700,0.857900,0.309700,0,10,0
100,10,collision,2,4.322900,0.817800,0.078600,0.846000,0.241900,0,10,0
100,10,invalid,2,3.669400,0.853500,0.079100,1.011900,0.288900,0,0,10
100,100,new,2,276.658100,1.761000,0.139600,2.256000,0.426300,100,0,0
100,100,duplicate,2,51.123500,1.158700,0.081600,0.898500,0.269700,0,100,0
100,100,collision,2,26.729400,1.131300,0.081100,1.233200,0.313500,0,100,0
100,100,invalid,2,24.146400,0.803700,0.079700,0.873600,0.249200,0,0,100
100,0,empty,2,1.031900,0.864000,0.079400,0.891500,0.272900,0,0,0
100,10,new,3,46.643700,0.924900,0.085400,0.964200,0.285000,10,0,0
100,10,duplicate,3,25.638200,0.838700,0.081300,0.882500,0.261000,0,10,0
100,10,collision,3,4.596000,0.837400,0.079400,0.855400,0.253500,0,10,0
100,10,invalid,3,3.346100,0.845000,0.079100,0.847500,0.244600,0,0,10
100,100,new,3,255.333500,1.719600,0.138700,1.837900,0.352600,100,0,0
100,100,duplicate,3,49.179600,0.788000,0.079400,0.822000,0.238400,0,100,0
100,100,collision,3,45.640100,1.070800,0.081600,1.269700,2.407700,0,100,0
100,100,invalid,3,30.678500,1.405600,0.086200,3.583800,0.319200,0,0,100
100,0,empty,3,1.036200,0.750200,0.079000,0.850900,0.264500,0,0,0
1000,10,new,1,269.851800,8.911400,0.780800,9.723500,0.328300,10,0,0
1000,10,duplicate,1,223.763300,9.294100,0.765500,9.162000,0.331900,0,10,0
1000,10,collision,1,12.552200,8.212000,0.762700,10.222300,0.306500,0,10,0
1000,10,invalid,1,3.641500,10.494800,0.990800,11.044600,0.595200,0,0,10
1000,100,new,1,647.509700,11.158900,0.919500,14.044400,0.515700,100,0,0
1000,100,duplicate,1,284.164400,8.135400,0.812000,8.996200,0.282900,0,100,0
1000,100,collision,1,34.551200,8.674900,0.814700,8.896800,0.292200,0,100,0
1000,100,invalid,1,24.656400,8.610200,0.763100,8.986900,0.290700,0,0,100
1000,0,empty,1,1.473500,8.229800,0.763800,9.322000,0.326000,0,0,0
1000,10,new,2,277.205200,8.435000,0.887400,10.705600,0.323400,10,0,0
1000,10,duplicate,2,232.277000,8.373600,0.848100,9.687500,0.317700,0,10,0
1000,10,collision,2,11.869000,8.468100,0.752300,9.903000,0.443100,0,10,0
1000,10,invalid,2,3.528700,8.029500,0.756800,9.119500,0.470600,0,0,10
1000,100,new,2,483.840200,9.730400,0.829300,10.812800,0.306000,100,0,0
1000,100,duplicate,2,298.968100,11.201600,0.846700,10.080600,0.330600,0,100,0
1000,100,collision,2,33.091400,8.033000,0.757900,8.844100,0.390300,0,100,0
1000,100,invalid,2,23.830900,8.026200,0.754700,8.782300,0.382100,0,0,100
1000,0,empty,2,1.164700,8.177500,0.764500,8.904300,0.276700,0,0,0
1000,10,new,3,262.062300,7.874200,0.796800,8.755100,0.288800,10,0,0
1000,10,duplicate,3,212.898600,7.922000,0.735600,9.281500,0.315700,0,10,0
1000,10,collision,3,12.302700,8.690300,0.752800,8.928700,0.321800,0,10,0
1000,10,invalid,3,3.478200,8.399900,0.757400,9.004900,0.288600,0,0,10
1000,100,new,3,473.012300,10.915700,0.899800,11.109300,0.341500,100,0,0
1000,100,duplicate,3,261.976600,7.927500,0.759100,9.471100,0.315500,0,100,0
1000,100,collision,3,32.823500,8.045300,0.755300,8.740700,0.296900,0,100,0
1000,100,invalid,3,24.649700,8.167500,0.751300,9.015200,0.321100,0,0,100
1000,0,empty,3,1.141200,8.210900,0.767000,9.143400,0.471700,0,0,0
