path,rate,waveform,modulated,pair,order,oscillators,frames,seconds,energy,variant
reference,48000,0,0,0,reference-first,32,8192,0.0128915,39117.843344883135,shared-frequency-v1
study,48000,0,0,0,reference-first,32,8192,0.013546000000000001,39117.843344883135,shared-frequency-v1
study,48000,0,0,1,study-first,32,8192,0.013479100000000001,39117.843344883135,shared-frequency-v1
reference,48000,0,0,1,study-first,32,8192,0.0127724,39117.843344883135,shared-frequency-v1
reference,48000,0,0,2,reference-first,32,8192,0.0129341,39117.843344883135,shared-frequency-v1
study,48000,0,0,2,reference-first,32,8192,0.013341199999999999,39117.843344883135,shared-frequency-v1
study,48000,0,0,3,study-first,32,8192,0.013404900000000001,39117.843344883135,shared-frequency-v1
reference,48000,0,0,3,study-first,32,8192,0.0129681,39117.843344883135,shared-frequency-v1
reference,48000,0,1,0,reference-first,32,8192,0.017396499999999999,39098.293974634631,shared-frequency-v1
study,48000,0,1,0,reference-first,32,8192,0.019015399999999998,39098.293974634631,shared-frequency-v1
study,48000,0,1,1,study-first,32,8192,0.0186956,39098.293974634631,shared-frequency-v1
reference,48000,0,1,1,study-first,32,8192,0.017178100000000002,39098.293974634631,shared-frequency-v1
reference,48000,0,1,2,reference-first,32,8192,0.017311900000000002,39098.293974634631,shared-frequency-v1
study,48000,0,1,2,reference-first,32,8192,0.018892599999999999,39098.293974634631,shared-frequency-v1
study,48000,0,1,3,study-first,32,8192,0.0187289,39098.293974634631,shared-frequency-v1
reference,48000,0,1,3,study-first,32,8192,0.017187500000000001,39098.293974634631,shared-frequency-v1
reference,48000,1,0,0,reference-first,32,8192,0.020807900000000001,62880.192621908347,shared-frequency-v1
study,48000,1,0,0,reference-first,32,8192,0.020851600000000001,62880.192621908347,shared-frequency-v1
study,48000,1,0,1,study-first,32,8192,0.0207957,62880.192621908347,shared-frequency-v1
reference,48000,1,0,1,study-first,32,8192,0.0206608,62880.192621908347,shared-frequency-v1
reference,48000,1,0,2,reference-first,32,8192,0.020729999999999998,62880.192621908347,shared-frequency-v1
study,48000,1,0,2,reference-first,32,8192,0.020896999999999999,62880.192621908347,shared-frequency-v1
study,48000,1,0,3,study-first,32,8192,0.020885399999999998,62880.192621908347,shared-frequency-v1
reference,48000,1,0,3,study-first,32,8192,0.020725199999999999,62880.192621908347,shared-frequency-v1
reference,48000,1,1,0,reference-first,32,8192,0.0236776,62859.930957375851,shared-frequency-v1
study,48000,1,1,0,reference-first,32,8192,0.0240381,62859.930957375851,shared-frequency-v1
study,48000,1,1,1,study-first,32,8192,0.023980999999999999,62859.930957375851,shared-frequency-v1
reference,48000,1,1,1,study-first,32,8192,0.023837000000000001,62859.930957375851,shared-frequency-v1
reference,48000,1,1,2,reference-first,32,8192,0.023727399999999999,62859.930957375851,shared-frequency-v1
study,48000,1,1,2,reference-first,32,8192,0.023968099999999999,62859.930957375851,shared-frequency-v1
study,48000,1,1,3,study-first,32,8192,0.023967599999999999,62859.930957375851,shared-frequency-v1
reference,48000,1,1,3,study-first,32,8192,0.023645900000000001,62859.930957375851,shared-frequency-v1
reference,48000,2,0,0,reference-first,32,8192,0.0211509,43964.823642286043,shared-frequency-v1
study,48000,2,0,0,reference-first,32,8192,0.027708799999999999,43964.823642286043,shared-frequency-v1
study,48000,2,0,1,study-first,32,8192,0.020979999999999999,43964.823642286043,shared-frequency-v1
reference,48000,2,0,1,study-first,32,8192,0.0210482,43964.823642286043,shared-frequency-v1
reference,48000,2,0,2,reference-first,32,8192,0.021724299999999998,43964.823642286043,shared-frequency-v1
study,48000,2,0,2,reference-first,32,8192,0.022254099999999999,43964.823642286043,shared-frequency-v1
study,48000,2,0,3,study-first,32,8192,0.0214997,43964.823642286043,shared-frequency-v1
reference,48000,2,0,3,study-first,32,8192,0.021879300000000001,43964.823642286043,shared-frequency-v1
reference,48000,2,1,0,reference-first,32,8192,0.0256867,43968.52445935487,shared-frequency-v1
study,48000,2,1,0,reference-first,32,8192,0.031815999999999997,43968.52445935487,shared-frequency-v1
study,48000,2,1,1,study-first,32,8192,0.024114500000000001,43968.52445935487,shared-frequency-v1
reference,48000,2,1,1,study-first,32,8192,0.024250799999999999,43968.52445935487,shared-frequency-v1
reference,48000,2,1,2,reference-first,32,8192,0.023965299999999998,43968.52445935487,shared-frequency-v1
study,48000,2,1,2,reference-first,32,8192,0.023455500000000001,43968.52445935487,shared-frequency-v1
study,48000,2,1,3,study-first,32,8192,0.023334400000000002,43968.52445935487,shared-frequency-v1
reference,48000,2,1,3,study-first,32,8192,0.0238599,43968.52445935487,shared-frequency-v1
reference,48000,3,0,0,reference-first,32,8192,0.020180799999999999,67298.597453283975,shared-frequency-v1
study,48000,3,0,0,reference-first,32,8192,0.020561800000000002,67298.597453283975,shared-frequency-v1
study,48000,3,0,1,study-first,32,8192,0.021078699999999999,67298.597453283975,shared-frequency-v1
reference,48000,3,0,1,study-first,32,8192,0.020451299999999999,67298.597453283975,shared-frequency-v1
reference,48000,3,0,2,reference-first,32,8192,0.020615100000000001,67298.597453283975,shared-frequency-v1
study,48000,3,0,2,reference-first,32,8192,0.020476500000000002,67298.597453283975,shared-frequency-v1
study,48000,3,0,3,study-first,32,8192,0.023619999999999999,67298.597453283975,shared-frequency-v1
reference,48000,3,0,3,study-first,32,8192,0.031044100000000002,67298.597453283975,shared-frequency-v1
reference,48000,3,1,0,reference-first,32,8192,0.021402500000000001,67272.069707139904,shared-frequency-v1
study,48000,3,1,0,reference-first,32,8192,0.022333499999999999,67272.069707139904,shared-frequency-v1
study,48000,3,1,1,study-first,32,8192,0.021982100000000001,67272.069707139904,shared-frequency-v1
reference,48000,3,1,1,study-first,32,8192,0.021830100000000002,67272.069707139904,shared-frequency-v1
reference,48000,3,1,2,reference-first,32,8192,0.021566399999999999,67272.069707139904,shared-frequency-v1
study,48000,3,1,2,reference-first,32,8192,0.0221114,67272.069707139904,shared-frequency-v1
study,48000,3,1,3,study-first,32,8192,0.022337900000000001,67272.069707139904,shared-frequency-v1
reference,48000,3,1,3,study-first,32,8192,0.022412700000000001,67272.069707139904,shared-frequency-v1
reference,96000,0,0,0,reference-first,32,8192,0.0122314,40824.056897915943,shared-frequency-v1
study,96000,0,0,0,reference-first,32,8192,0.019242700000000001,40824.056897915943,shared-frequency-v1
study,96000,0,0,1,study-first,32,8192,0.0125118,40824.056897915943,shared-frequency-v1
reference,96000,0,0,1,study-first,32,8192,0.011883299999999999,40824.056897915943,shared-frequency-v1
reference,96000,0,0,2,reference-first,32,8192,0.0120149,40824.056897915943,shared-frequency-v1
study,96000,0,0,2,reference-first,32,8192,0.012683099999999999,40824.056897915943,shared-frequency-v1
study,96000,0,0,3,study-first,32,8192,0.012530899999999999,40824.056897915943,shared-frequency-v1
reference,96000,0,0,3,study-first,32,8192,0.0119413,40824.056897915943,shared-frequency-v1
reference,96000,0,1,0,reference-first,32,8192,0.016445600000000001,40853.419169570559,shared-frequency-v1
study,96000,0,1,0,reference-first,32,8192,0.017905399999999998,40853.419169570559,shared-frequency-v1
study,96000,0,1,1,study-first,32,8192,0.0179828,40853.419169570559,shared-frequency-v1
reference,96000,0,1,1,study-first,32,8192,0.016520300000000002,40853.419169570559,shared-frequency-v1
reference,96000,0,1,2,reference-first,32,8192,0.016671399999999999,40853.419169570559,shared-frequency-v1
study,96000,0,1,2,reference-first,32,8192,0.0183164,40853.419169570559,shared-frequency-v1
study,96000,0,1,3,study-first,32,8192,0.018288100000000002,40853.419169570559,shared-frequency-v1
reference,96000,0,1,3,study-first,32,8192,0.016470200000000001,40853.419169570559,shared-frequency-v1
reference,96000,1,0,0,reference-first,32,8192,0.020170500000000001,66201.055258607565,shared-frequency-v1
study,96000,1,0,0,reference-first,32,8192,0.020555500000000001,66201.055258607565,shared-frequency-v1
study,96000,1,0,1,study-first,32,8192,0.0204569,66201.055258607565,shared-frequency-v1
reference,96000,1,0,1,study-first,32,8192,0.020046999999999999,66201.055258607565,shared-frequency-v1
reference,96000,1,0,2,reference-first,32,8192,0.020267899999999998,66201.055258607565,shared-frequency-v1
study,96000,1,0,2,reference-first,32,8192,0.0205662,66201.055258607565,shared-frequency-v1
study,96000,1,0,3,study-first,32,8192,0.0205679,66201.055258607565,shared-frequency-v1
reference,96000,1,0,3,study-first,32,8192,0.020059500000000001,66201.055258607565,shared-frequency-v1
reference,96000,1,1,0,reference-first,32,8192,0.0236251,66238.366753562077,shared-frequency-v1
study,96000,1,1,0,reference-first,32,8192,0.023744100000000001,66238.366753562077,shared-frequency-v1
study,96000,1,1,1,study-first,32,8192,0.023420099999999999,66238.366753562077,shared-frequency-v1
reference,96000,1,1,1,study-first,32,8192,0.023217600000000001,66238.366753562077,shared-frequency-v1
reference,96000,1,1,2,reference-first,32,8192,0.023374099999999998,66238.366753562077,shared-frequency-v1
study,96000,1,1,2,reference-first,32,8192,0.024320999999999999,66238.366753562077,shared-frequency-v1
study,96000,1,1,3,study-first,32,8192,0.023286500000000002,66238.366753562077,shared-frequency-v1
reference,96000,1,1,3,study-first,32,8192,0.023056900000000002,66238.366753562077,shared-frequency-v1
reference,96000,2,0,0,reference-first,32,8192,0.020703599999999999,46267.513623681269,shared-frequency-v1
study,96000,2,0,0,reference-first,32,8192,0.0205855,46267.513623681269,shared-frequency-v1
study,96000,2,0,1,study-first,32,8192,0.0205398,46267.513623681269,shared-frequency-v1
reference,96000,2,0,1,study-first,32,8192,0.020962000000000001,46267.513623681269,shared-frequency-v1
reference,96000,2,0,2,reference-first,32,8192,0.020891099999999999,46267.513623681269,shared-frequency-v1
study,96000,2,0,2,reference-first,32,8192,0.020539600000000002,46267.513623681269,shared-frequency-v1
study,96000,2,0,3,study-first,32,8192,0.020571699999999998,46267.513623681269,shared-frequency-v1
reference,96000,2,0,3,study-first,32,8192,0.0208875,46267.513623681269,shared-frequency-v1
reference,96000,2,1,0,reference-first,32,8192,0.023200200000000001,46285.248319989136,shared-frequency-v1
study,96000,2,1,0,reference-first,32,8192,0.023294200000000001,46285.248319989136,shared-frequency-v1
study,96000,2,1,1,study-first,32,8192,0.030074,46285.248319989136,shared-frequency-v1
reference,96000,2,1,1,study-first,32,8192,0.0233628,46285.248319989136,shared-frequency-v1
reference,96000,2,1,2,reference-first,32,8192,0.0241169,46285.248319989136,shared-frequency-v1
study,96000,2,1,2,reference-first,32,8192,0.027718,46285.248319989136,shared-frequency-v1
study,96000,2,1,3,study-first,32,8192,0.024744700000000001,46285.248319989136,shared-frequency-v1
reference,96000,2,1,3,study-first,32,8192,0.023111,46285.248319989136,shared-frequency-v1
reference,96000,3,0,0,reference-first,32,8192,0.019255499999999998,71015.941613140181,shared-frequency-v1
study,96000,3,0,0,reference-first,32,8192,0.019511400000000002,71015.941613140181,shared-frequency-v1
study,96000,3,0,1,study-first,32,8192,0.020224200000000001,71015.941613140181,shared-frequency-v1
reference,96000,3,0,1,study-first,32,8192,0.0193679,71015.941613140181,shared-frequency-v1
reference,96000,3,0,2,reference-first,32,8192,0.019396799999999999,71015.941613140181,shared-frequency-v1
study,96000,3,0,2,reference-first,32,8192,0.019649900000000001,71015.941613140181,shared-frequency-v1
study,96000,3,0,3,study-first,32,8192,0.020074100000000001,71015.941613140181,shared-frequency-v1
reference,96000,3,0,3,study-first,32,8192,0.020502200000000002,71015.941613140181,shared-frequency-v1
reference,96000,3,1,0,reference-first,32,8192,0.021919399999999999,71051.651880630176,shared-frequency-v1
study,96000,3,1,0,reference-first,32,8192,0.022250099999999998,71051.651880630176,shared-frequency-v1
study,96000,3,1,1,study-first,32,8192,0.021390900000000001,71051.651880630176,shared-frequency-v1
reference,96000,3,1,1,study-first,32,8192,0.021590499999999999,71051.651880630176,shared-frequency-v1
reference,96000,3,1,2,reference-first,32,8192,0.020981900000000001,71051.651880630176,shared-frequency-v1
study,96000,3,1,2,reference-first,32,8192,0.021162,71051.651880630176,shared-frequency-v1
study,96000,3,1,3,study-first,32,8192,0.021770100000000001,71051.651880630176,shared-frequency-v1
reference,96000,3,1,3,study-first,32,8192,0.020823500000000002,71051.651880630176,shared-frequency-v1
reference,192000,0,0,0,reference-first,32,8192,0.0113703,42059.95178355879,shared-frequency-v1
study,192000,0,0,0,reference-first,32,8192,0.012079400000000001,42059.95178355879,shared-frequency-v1
study,192000,0,0,1,study-first,32,8192,0.0120357,42059.95178355879,shared-frequency-v1
reference,192000,0,0,1,study-first,32,8192,0.011365,42059.95178355879,shared-frequency-v1
reference,192000,0,0,2,reference-first,32,8192,0.011447799999999999,42059.95178355879,shared-frequency-v1
study,192000,0,0,2,reference-first,32,8192,0.0120734,42059.95178355879,shared-frequency-v1
study,192000,0,0,3,study-first,32,8192,0.012033500000000001,42059.95178355879,shared-frequency-v1
reference,192000,0,0,3,study-first,32,8192,0.0114266,42059.95178355879,shared-frequency-v1
reference,192000,0,1,0,reference-first,32,8192,0.0158031,42068.031824341902,shared-frequency-v1
study,192000,0,1,0,reference-first,32,8192,0.017297400000000001,42068.031824341902,shared-frequency-v1
study,192000,0,1,1,study-first,32,8192,0.017513399999999998,42068.031824341902,shared-frequency-v1
reference,192000,0,1,1,study-first,32,8192,0.015928299999999999,42068.031824341902,shared-frequency-v1
reference,192000,0,1,2,reference-first,32,8192,0.015973999999999999,42068.031824341902,shared-frequency-v1
study,192000,0,1,2,reference-first,32,8192,0.017578900000000001,42068.031824341902,shared-frequency-v1
study,192000,0,1,3,study-first,32,8192,0.017508200000000002,42068.031824341902,shared-frequency-v1
reference,192000,0,1,3,study-first,32,8192,0.0158751,42068.031824341902,shared-frequency-v1
reference,192000,1,0,0,reference-first,32,8192,0.020275899999999999,66882.905202349197,shared-frequency-v1
study,192000,1,0,0,reference-first,32,8192,0.019975099999999999,66882.905202349197,shared-frequency-v1
study,192000,1,0,1,study-first,32,8192,0.0200428,66882.905202349197,shared-frequency-v1
reference,192000,1,0,1,study-first,32,8192,0.031737500000000002,66882.905202349197,shared-frequency-v1
reference,192000,1,0,2,reference-first,32,8192,0.019590099999999999,66882.905202349197,shared-frequency-v1
study,192000,1,0,2,reference-first,32,8192,0.019746099999999999,66882.905202349197,shared-frequency-v1
study,192000,1,0,3,study-first,32,8192,0.020081600000000002,66882.905202349197,shared-frequency-v1
reference,192000,1,0,3,study-first,32,8192,0.019489699999999999,66882.905202349197,shared-frequency-v1
reference,192000,1,1,0,reference-first,32,8192,0.022256700000000001,66889.087174247848,shared-frequency-v1
study,192000,1,1,0,reference-first,32,8192,0.0231799,66889.087174247848,shared-frequency-v1
study,192000,1,1,1,study-first,32,8192,0.0239195,66889.087174247848,shared-frequency-v1
reference,192000,1,1,1,study-first,32,8192,0.022951900000000001,66889.087174247848,shared-frequency-v1
reference,192000,1,1,2,reference-first,32,8192,0.023701900000000001,66889.087174247848,shared-frequency-v1
study,192000,1,1,2,reference-first,32,8192,0.022793999999999998,66889.087174247848,shared-frequency-v1
study,192000,1,1,3,study-first,32,8192,0.023149300000000001,66889.087174247848,shared-frequency-v1
reference,192000,1,1,3,study-first,32,8192,0.023234100000000001,66889.087174247848,shared-frequency-v1
reference,192000,2,0,0,reference-first,32,8192,0.0204289,46544.55655078822,shared-frequency-v1
study,192000,2,0,0,reference-first,32,8192,0.020371400000000001,46544.55655078822,shared-frequency-v1
study,192000,2,0,1,study-first,32,8192,0.0205271,46544.55655078822,shared-frequency-v1
reference,192000,2,0,1,study-first,32,8192,0.0199182,46544.55655078822,shared-frequency-v1
reference,192000,2,0,2,reference-first,32,8192,0.020216499999999998,46544.55655078822,shared-frequency-v1
study,192000,2,0,2,reference-first,32,8192,0.020839199999999999,46544.55655078822,shared-frequency-v1
study,192000,2,0,3,study-first,32,8192,0.020532000000000002,46544.55655078822,shared-frequency-v1
reference,192000,2,0,3,study-first,32,8192,0.020705500000000002,46544.55655078822,shared-frequency-v1
reference,192000,2,1,0,reference-first,32,8192,0.022975300000000001,46535.528147385761,shared-frequency-v1
study,192000,2,1,0,reference-first,32,8192,0.023444,46535.528147385761,shared-frequency-v1
study,192000,2,1,1,study-first,32,8192,0.023447800000000001,46535.528147385761,shared-frequency-v1
reference,192000,2,1,1,study-first,32,8192,0.0233101,46535.528147385761,shared-frequency-v1
reference,192000,2,1,2,reference-first,32,8192,0.0230888,46535.528147385761,shared-frequency-v1
study,192000,2,1,2,reference-first,32,8192,0.023461800000000001,46535.528147385761,shared-frequency-v1
study,192000,2,1,3,study-first,32,8192,0.022941900000000001,46535.528147385761,shared-frequency-v1
reference,192000,2,1,3,study-first,32,8192,0.029601700000000002,46535.528147385761,shared-frequency-v1
reference,192000,3,0,0,reference-first,32,8192,0.0190431,72003.043544201981,shared-frequency-v1
study,192000,3,0,0,reference-first,32,8192,0.019045599999999999,72003.043544201981,shared-frequency-v1
study,192000,3,0,1,study-first,32,8192,0.019048300000000001,72003.043544201981,shared-frequency-v1
reference,192000,3,0,1,study-first,32,8192,0.019022500000000001,72003.043544201981,shared-frequency-v1
reference,192000,3,0,2,reference-first,32,8192,0.018794999999999999,72003.043544201981,shared-frequency-v1
study,192000,3,0,2,reference-first,32,8192,0.0190606,72003.043544201981,shared-frequency-v1
study,192000,3,0,3,study-first,32,8192,0.0190952,72003.043544201981,shared-frequency-v1
reference,192000,3,0,3,study-first,32,8192,0.018701099999999998,72003.043544201981,shared-frequency-v1
reference,192000,3,1,0,reference-first,32,8192,0.020242400000000001,72024.623329004011,shared-frequency-v1
study,192000,3,1,0,reference-first,32,8192,0.020309899999999999,72024.623329004011,shared-frequency-v1
study,192000,3,1,1,study-first,32,8192,0.0203664,72024.623329004011,shared-frequency-v1
reference,192000,3,1,1,study-first,32,8192,0.020172099999999998,72024.623329004011,shared-frequency-v1
reference,192000,3,1,2,reference-first,32,8192,0.020164000000000001,72024.623329004011,shared-frequency-v1
study,192000,3,1,2,reference-first,32,8192,0.020686099999999999,72024.623329004011,shared-frequency-v1
study,192000,3,1,3,study-first,32,8192,0.0202664,72024.623329004011,shared-frequency-v1
reference,192000,3,1,3,study-first,32,8192,0.019765499999999998,72024.623329004011,shared-frequency-v1
