path,rate,waveform,modulated,pair,order,oscillators,frames,seconds,energy,variant,campaign,comparison,warmup_frames
reference,48000,0,0,0,reference-first,32,131072,0.185944209,506921.60363111069,shared-frequency-v1,extended-v1,reference-repeat,12000
study,48000,0,0,0,reference-first,32,131072,0.18415812500000001,506921.60363111069,shared-frequency-v1,extended-v1,reference-repeat,12000
study,48000,0,0,1,study-first,32,131072,0.18461037499999999,506921.60363111069,shared-frequency-v1,extended-v1,reference-repeat,12000
reference,48000,0,0,1,study-first,32,131072,0.18494137499999999,506921.60363111069,shared-frequency-v1,extended-v1,reference-repeat,12000
reference,48000,0,0,2,reference-first,32,131072,0.18538054200000001,506921.60363111069,shared-frequency-v1,extended-v1,reference-repeat,12000
study,48000,0,0,2,reference-first,32,131072,0.186126666,506921.60363111069,shared-frequency-v1,extended-v1,reference-repeat,12000
study,48000,0,0,3,study-first,32,131072,0.185373333,506921.60363111069,shared-frequency-v1,extended-v1,reference-repeat,12000
reference,48000,0,0,3,study-first,32,131072,0.185055833,506921.60363111069,shared-frequency-v1,extended-v1,reference-repeat,12000
reference,48000,0,0,4,reference-first,32,131072,0.18484575,506921.60363111069,shared-frequency-v1,extended-v1,reference-repeat,12000
study,48000,0,0,4,reference-first,32,131072,0.18479316700000001,506921.60363111069,shared-frequency-v1,extended-v1,reference-repeat,12000
study,48000,0,0,5,study-first,32,131072,0.18299874999999999,506921.60363111069,shared-frequency-v1,extended-v1,reference-repeat,12000
reference,48000,0,0,5,study-first,32,131072,0.18458129100000001,506921.60363111069,shared-frequency-v1,extended-v1,reference-repeat,12000
reference,48000,0,0,6,reference-first,32,131072,0.18458975,506921.60363111069,shared-frequency-v1,extended-v1,reference-repeat,12000
study,48000,0,0,6,reference-first,32,131072,0.183532,506921.60363111069,shared-frequency-v1,extended-v1,reference-repeat,12000
study,48000,0,0,7,study-first,32,131072,0.18422416699999999,506921.60363111069,shared-frequency-v1,extended-v1,reference-repeat,12000
reference,48000,0,0,7,study-first,32,131072,0.18718516599999999,506921.60363111069,shared-frequency-v1,extended-v1,reference-repeat,12000
reference,48000,0,1,0,reference-first,32,131072,0.18214583300000001,506854.30751985678,shared-frequency-v1,extended-v1,reference-repeat,12000
study,48000,0,1,0,reference-first,32,131072,0.26757658299999998,506854.30751985678,shared-frequency-v1,extended-v1,reference-repeat,12000
study,48000,0,1,1,study-first,32,131072,0.17537791699999999,506854.30751985678,shared-frequency-v1,extended-v1,reference-repeat,12000
reference,48000,0,1,1,study-first,32,131072,0.17426354099999999,506854.30751985678,shared-frequency-v1,extended-v1,reference-repeat,12000
reference,48000,0,1,2,reference-first,32,131072,0.17431545800000001,506854.30751985678,shared-frequency-v1,extended-v1,reference-repeat,12000
study,48000,0,1,2,reference-first,32,131072,0.17445025,506854.30751985678,shared-frequency-v1,extended-v1,reference-repeat,12000
study,48000,0,1,3,study-first,32,131072,0.17352799999999999,506854.30751985678,shared-frequency-v1,extended-v1,reference-repeat,12000
reference,48000,0,1,3,study-first,32,131072,0.17574058300000001,506854.30751985678,shared-frequency-v1,extended-v1,reference-repeat,12000
reference,48000,0,1,4,reference-first,32,131072,0.175228416,506854.30751985678,shared-frequency-v1,extended-v1,reference-repeat,12000
study,48000,0,1,4,reference-first,32,131072,0.17538120800000001,506854.30751985678,shared-frequency-v1,extended-v1,reference-repeat,12000
study,48000,0,1,5,study-first,32,131072,0.175534833,506854.30751985678,shared-frequency-v1,extended-v1,reference-repeat,12000
reference,48000,0,1,5,study-first,32,131072,0.17504758400000001,506854.30751985678,shared-frequency-v1,extended-v1,reference-repeat,12000
reference,48000,0,1,6,reference-first,32,131072,0.17508908400000001,506854.30751985678,shared-frequency-v1,extended-v1,reference-repeat,12000
study,48000,0,1,6,reference-first,32,131072,0.17520395799999999,506854.30751985678,shared-frequency-v1,extended-v1,reference-repeat,12000
study,48000,0,1,7,study-first,32,131072,0.17333991700000001,506854.30751985678,shared-frequency-v1,extended-v1,reference-repeat,12000
reference,48000,0,1,7,study-first,32,131072,0.173975875,506854.30751985678,shared-frequency-v1,extended-v1,reference-repeat,12000
reference,48000,1,0,0,reference-first,32,131072,0.230980667,769459.95991017506,shared-frequency-v1,extended-v1,reference-repeat,12000
study,48000,1,0,0,reference-first,32,131072,0.23112533399999999,769459.95991017506,shared-frequency-v1,extended-v1,reference-repeat,12000
study,48000,1,0,1,study-first,32,131072,0.22958245799999999,769459.95991017506,shared-frequency-v1,extended-v1,reference-repeat,12000
reference,48000,1,0,1,study-first,32,131072,0.23070670800000001,769459.95991017506,shared-frequency-v1,extended-v1,reference-repeat,12000
reference,48000,1,0,2,reference-first,32,131072,0.23121683300000001,769459.95991017506,shared-frequency-v1,extended-v1,reference-repeat,12000
study,48000,1,0,2,reference-first,32,131072,0.23296254199999999,769459.95991017506,shared-frequency-v1,extended-v1,reference-repeat,12000
study,48000,1,0,3,study-first,32,131072,0.23136537500000001,769459.95991017506,shared-frequency-v1,extended-v1,reference-repeat,12000
reference,48000,1,0,3,study-first,32,131072,0.231409542,769459.95991017506,shared-frequency-v1,extended-v1,reference-repeat,12000
reference,48000,1,0,4,reference-first,32,131072,0.230760417,769459.95991017506,shared-frequency-v1,extended-v1,reference-repeat,12000
study,48000,1,0,4,reference-first,32,131072,0.23268187500000001,769459.95991017506,shared-frequency-v1,extended-v1,reference-repeat,12000
study,48000,1,0,5,study-first,32,131072,0.231546791,769459.95991017506,shared-frequency-v1,extended-v1,reference-repeat,12000
reference,48000,1,0,5,study-first,32,131072,0.23288483400000001,769459.95991017506,shared-frequency-v1,extended-v1,reference-repeat,12000
reference,48000,1,0,6,reference-first,32,131072,0.23256020799999999,769459.95991017506,shared-frequency-v1,extended-v1,reference-repeat,12000
study,48000,1,0,6,reference-first,32,131072,0.23343429099999999,769459.95991017506,shared-frequency-v1,extended-v1,reference-repeat,12000
study,48000,1,0,7,study-first,32,131072,0.230432792,769459.95991017506,shared-frequency-v1,extended-v1,reference-repeat,12000
reference,48000,1,0,7,study-first,32,131072,0.23096704100000001,769459.95991017506,shared-frequency-v1,extended-v1,reference-repeat,12000
reference,48000,1,1,0,reference-first,32,131072,0.23424033399999999,769349.02743012272,shared-frequency-v1,extended-v1,reference-repeat,12000
study,48000,1,1,0,reference-first,32,131072,0.234118458,769349.02743012272,shared-frequency-v1,extended-v1,reference-repeat,12000
study,48000,1,1,1,study-first,32,131072,0.23265925000000001,769349.02743012272,shared-frequency-v1,extended-v1,reference-repeat,12000
reference,48000,1,1,1,study-first,32,131072,0.23380020800000001,769349.02743012272,shared-frequency-v1,extended-v1,reference-repeat,12000
reference,48000,1,1,2,reference-first,32,131072,0.233273333,769349.02743012272,shared-frequency-v1,extended-v1,reference-repeat,12000
study,48000,1,1,2,reference-first,32,131072,0.23351804200000001,769349.02743012272,shared-frequency-v1,extended-v1,reference-repeat,12000
study,48000,1,1,3,study-first,32,131072,0.23252587499999999,769349.02743012272,shared-frequency-v1,extended-v1,reference-repeat,12000
reference,48000,1,1,3,study-first,32,131072,0.234968708,769349.02743012272,shared-frequency-v1,extended-v1,reference-repeat,12000
reference,48000,1,1,4,reference-first,32,131072,0.232465792,769349.02743012272,shared-frequency-v1,extended-v1,reference-repeat,12000
study,48000,1,1,4,reference-first,32,131072,0.23399679200000001,769349.02743012272,shared-frequency-v1,extended-v1,reference-repeat,12000
study,48000,1,1,5,study-first,32,131072,0.23451370899999999,769349.02743012272,shared-frequency-v1,extended-v1,reference-repeat,12000
reference,48000,1,1,5,study-first,32,131072,0.23474866699999999,769349.02743012272,shared-frequency-v1,extended-v1,reference-repeat,12000
reference,48000,1,1,6,reference-first,32,131072,0.23626408300000001,769349.02743012272,shared-frequency-v1,extended-v1,reference-repeat,12000
study,48000,1,1,6,reference-first,32,131072,0.23451412499999999,769349.02743012272,shared-frequency-v1,extended-v1,reference-repeat,12000
study,48000,1,1,7,study-first,32,131072,0.23197891700000001,769349.02743012272,shared-frequency-v1,extended-v1,reference-repeat,12000
reference,48000,1,1,7,study-first,32,131072,0.233373583,769349.02743012272,shared-frequency-v1,extended-v1,reference-repeat,12000
reference,48000,2,0,0,reference-first,32,131072,0.33929787500000003,511782.75609346008,shared-frequency-v1,extended-v1,reference-repeat,12000
study,48000,2,0,0,reference-first,32,131072,0.33972875000000002,511782.75609346008,shared-frequency-v1,extended-v1,reference-repeat,12000
study,48000,2,0,1,study-first,32,131072,0.34254108300000002,511782.75609346008,shared-frequency-v1,extended-v1,reference-repeat,12000
reference,48000,2,0,1,study-first,32,131072,0.342110625,511782.75609346008,shared-frequency-v1,extended-v1,reference-repeat,12000
reference,48000,2,0,2,reference-first,32,131072,0.33947654199999999,511782.75609346008,shared-frequency-v1,extended-v1,reference-repeat,12000
study,48000,2,0,2,reference-first,32,131072,0.34809833400000001,511782.75609346008,shared-frequency-v1,extended-v1,reference-repeat,12000
study,48000,2,0,3,study-first,32,131072,0.34486866599999999,511782.75609346008,shared-frequency-v1,extended-v1,reference-repeat,12000
reference,48000,2,0,3,study-first,32,131072,0.3431575,511782.75609346008,shared-frequency-v1,extended-v1,reference-repeat,12000
reference,48000,2,0,4,reference-first,32,131072,0.34023208399999999,511782.75609346008,shared-frequency-v1,extended-v1,reference-repeat,12000
study,48000,2,0,4,reference-first,32,131072,0.33909337499999997,511782.75609346008,shared-frequency-v1,extended-v1,reference-repeat,12000
study,48000,2,0,5,study-first,32,131072,0.341128125,511782.75609346008,shared-frequency-v1,extended-v1,reference-repeat,12000
reference,48000,2,0,5,study-first,32,131072,0.34399170899999998,511782.75609346008,shared-frequency-v1,extended-v1,reference-repeat,12000
reference,48000,2,0,6,reference-first,32,131072,0.33959600000000001,511782.75609346008,shared-frequency-v1,extended-v1,reference-repeat,12000
study,48000,2,0,6,reference-first,32,131072,0.34033983299999998,511782.75609346008,shared-frequency-v1,extended-v1,reference-repeat,12000
study,48000,2,0,7,study-first,32,131072,0.39725408400000001,511782.75609346008,shared-frequency-v1,extended-v1,reference-repeat,12000
reference,48000,2,0,7,study-first,32,131072,0.342100083,511782.75609346008,shared-frequency-v1,extended-v1,reference-repeat,12000
reference,48000,2,1,0,reference-first,32,131072,0.337570333,511685.83873558539,shared-frequency-v1,extended-v1,reference-repeat,12000
study,48000,2,1,0,reference-first,32,131072,0.338114792,511685.83873558539,shared-frequency-v1,extended-v1,reference-repeat,12000
study,48000,2,1,1,study-first,32,131072,0.342184667,511685.83873558539,shared-frequency-v1,extended-v1,reference-repeat,12000
reference,48000,2,1,1,study-first,32,131072,0.33795025000000001,511685.83873558539,shared-frequency-v1,extended-v1,reference-repeat,12000
reference,48000,2,1,2,reference-first,32,131072,0.33540879099999998,511685.83873558539,shared-frequency-v1,extended-v1,reference-repeat,12000
study,48000,2,1,2,reference-first,32,131072,0.33446625000000002,511685.83873558539,shared-frequency-v1,extended-v1,reference-repeat,12000
study,48000,2,1,3,study-first,32,131072,0.33637525000000001,511685.83873558539,shared-frequency-v1,extended-v1,reference-repeat,12000
reference,48000,2,1,3,study-first,32,131072,0.33723083300000001,511685.83873558539,shared-frequency-v1,extended-v1,reference-repeat,12000
reference,48000,2,1,4,reference-first,32,131072,0.33452720800000002,511685.83873558539,shared-frequency-v1,extended-v1,reference-repeat,12000
study,48000,2,1,4,reference-first,32,131072,0.33657879200000002,511685.83873558539,shared-frequency-v1,extended-v1,reference-repeat,12000
study,48000,2,1,5,study-first,32,131072,0.33684291700000002,511685.83873558539,shared-frequency-v1,extended-v1,reference-repeat,12000
reference,48000,2,1,5,study-first,32,131072,0.33637429200000002,511685.83873558539,shared-frequency-v1,extended-v1,reference-repeat,12000
reference,48000,2,1,6,reference-first,32,131072,0.33759220899999998,511685.83873558539,shared-frequency-v1,extended-v1,reference-repeat,12000
study,48000,2,1,6,reference-first,32,131072,0.33766262499999999,511685.83873558539,shared-frequency-v1,extended-v1,reference-repeat,12000
study,48000,2,1,7,study-first,32,131072,0.33505212499999998,511685.83873558539,shared-frequency-v1,extended-v1,reference-repeat,12000
reference,48000,2,1,7,study-first,32,131072,0.33502108400000002,511685.83873558539,shared-frequency-v1,extended-v1,reference-repeat,12000
reference,48000,3,0,0,reference-first,32,131072,0.26215308399999998,782769.316373343,shared-frequency-v1,extended-v1,reference-repeat,12000
study,48000,3,0,0,reference-first,32,131072,0.26284800000000003,782769.316373343,shared-frequency-v1,extended-v1,reference-repeat,12000
study,48000,3,0,1,study-first,32,131072,0.26163679200000001,782769.316373343,shared-frequency-v1,extended-v1,reference-repeat,12000
reference,48000,3,0,1,study-first,32,131072,0.26342729199999998,782769.316373343,shared-frequency-v1,extended-v1,reference-repeat,12000
reference,48000,3,0,2,reference-first,32,131072,0.261210791,782769.316373343,shared-frequency-v1,extended-v1,reference-repeat,12000
study,48000,3,0,2,reference-first,32,131072,0.26190174999999999,782769.316373343,shared-frequency-v1,extended-v1,reference-repeat,12000
study,48000,3,0,3,study-first,32,131072,0.26190095800000002,782769.316373343,shared-frequency-v1,extended-v1,reference-repeat,12000
reference,48000,3,0,3,study-first,32,131072,0.26122891599999998,782769.316373343,shared-frequency-v1,extended-v1,reference-repeat,12000
reference,48000,3,0,4,reference-first,32,131072,0.26455708300000003,782769.316373343,shared-frequency-v1,extended-v1,reference-repeat,12000
study,48000,3,0,4,reference-first,32,131072,0.26444983399999999,782769.316373343,shared-frequency-v1,extended-v1,reference-repeat,12000
study,48000,3,0,5,study-first,32,131072,0.263979833,782769.316373343,shared-frequency-v1,extended-v1,reference-repeat,12000
reference,48000,3,0,5,study-first,32,131072,0.26261729099999997,782769.316373343,shared-frequency-v1,extended-v1,reference-repeat,12000
reference,48000,3,0,6,reference-first,32,131072,0.26278299999999999,782769.316373343,shared-frequency-v1,extended-v1,reference-repeat,12000
study,48000,3,0,6,reference-first,32,131072,0.26368720800000001,782769.316373343,shared-frequency-v1,extended-v1,reference-repeat,12000
study,48000,3,0,7,study-first,32,131072,0.26252266600000002,782769.316373343,shared-frequency-v1,extended-v1,reference-repeat,12000
reference,48000,3,0,7,study-first,32,131072,0.26406333399999998,782769.316373343,shared-frequency-v1,extended-v1,reference-repeat,12000
reference,48000,3,1,0,reference-first,32,131072,0.23870512499999999,782655.20692387421,shared-frequency-v1,extended-v1,reference-repeat,12000
study,48000,3,1,0,reference-first,32,131072,0.239874333,782655.20692387421,shared-frequency-v1,extended-v1,reference-repeat,12000
study,48000,3,1,1,study-first,32,131072,0.23921799999999999,782655.20692387421,shared-frequency-v1,extended-v1,reference-repeat,12000
reference,48000,3,1,1,study-first,32,131072,0.23919795799999999,782655.20692387421,shared-frequency-v1,extended-v1,reference-repeat,12000
reference,48000,3,1,2,reference-first,32,131072,0.23777237500000001,782655.20692387421,shared-frequency-v1,extended-v1,reference-repeat,12000
study,48000,3,1,2,reference-first,32,131072,0.23901700000000001,782655.20692387421,shared-frequency-v1,extended-v1,reference-repeat,12000
study,48000,3,1,3,study-first,32,131072,0.23852266699999999,782655.20692387421,shared-frequency-v1,extended-v1,reference-repeat,12000
reference,48000,3,1,3,study-first,32,131072,0.23912074999999999,782655.20692387421,shared-frequency-v1,extended-v1,reference-repeat,12000
reference,48000,3,1,4,reference-first,32,131072,0.23943600000000001,782655.20692387421,shared-frequency-v1,extended-v1,reference-repeat,12000
study,48000,3,1,4,reference-first,32,131072,0.23944120799999999,782655.20692387421,shared-frequency-v1,extended-v1,reference-repeat,12000
study,48000,3,1,5,study-first,32,131072,0.23947125,782655.20692387421,shared-frequency-v1,extended-v1,reference-repeat,12000
reference,48000,3,1,5,study-first,32,131072,0.23823766699999999,782655.20692387421,shared-frequency-v1,extended-v1,reference-repeat,12000
reference,48000,3,1,6,reference-first,32,131072,0.23986916699999999,782655.20692387421,shared-frequency-v1,extended-v1,reference-repeat,12000
study,48000,3,1,6,reference-first,32,131072,0.23918104100000001,782655.20692387421,shared-frequency-v1,extended-v1,reference-repeat,12000
study,48000,3,1,7,study-first,32,131072,0.23981237499999999,782655.20692387421,shared-frequency-v1,extended-v1,reference-repeat,12000
reference,48000,3,1,7,study-first,32,131072,0.237948625,782655.20692387421,shared-frequency-v1,extended-v1,reference-repeat,12000
reference,96000,0,0,0,reference-first,32,131072,0.18249641699999999,526682.46178335662,shared-frequency-v1,extended-v1,reference-repeat,24000
study,96000,0,0,0,reference-first,32,131072,0.181113834,526682.46178335662,shared-frequency-v1,extended-v1,reference-repeat,24000
study,96000,0,0,1,study-first,32,131072,0.17986874999999999,526682.46178335662,shared-frequency-v1,extended-v1,reference-repeat,24000
reference,96000,0,0,1,study-first,32,131072,0.18082462499999999,526682.46178335662,shared-frequency-v1,extended-v1,reference-repeat,24000
reference,96000,0,0,2,reference-first,32,131072,0.17946645899999999,526682.46178335662,shared-frequency-v1,extended-v1,reference-repeat,24000
study,96000,0,0,2,reference-first,32,131072,0.18074770800000001,526682.46178335662,shared-frequency-v1,extended-v1,reference-repeat,24000
study,96000,0,0,3,study-first,32,131072,0.17972399999999999,526682.46178335662,shared-frequency-v1,extended-v1,reference-repeat,24000
reference,96000,0,0,3,study-first,32,131072,0.18216725,526682.46178335662,shared-frequency-v1,extended-v1,reference-repeat,24000
reference,96000,0,0,4,reference-first,32,131072,0.18235799999999999,526682.46178335662,shared-frequency-v1,extended-v1,reference-repeat,24000
study,96000,0,0,4,reference-first,32,131072,0.18557516600000001,526682.46178335662,shared-frequency-v1,extended-v1,reference-repeat,24000
study,96000,0,0,5,study-first,32,131072,0.182077083,526682.46178335662,shared-frequency-v1,extended-v1,reference-repeat,24000
reference,96000,0,0,5,study-first,32,131072,0.18168804199999999,526682.46178335662,shared-frequency-v1,extended-v1,reference-repeat,24000
reference,96000,0,0,6,reference-first,32,131072,0.18356983399999999,526682.46178335662,shared-frequency-v1,extended-v1,reference-repeat,24000
study,96000,0,0,6,reference-first,32,131072,0.181116417,526682.46178335662,shared-frequency-v1,extended-v1,reference-repeat,24000
study,96000,0,0,7,study-first,32,131072,0.183771667,526682.46178335662,shared-frequency-v1,extended-v1,reference-repeat,24000
reference,96000,0,0,7,study-first,32,131072,0.18058099999999999,526682.46178335662,shared-frequency-v1,extended-v1,reference-repeat,24000
reference,96000,0,1,0,reference-first,32,131072,0.172607291,526756.81666280166,shared-frequency-v1,extended-v1,reference-repeat,24000
study,96000,0,1,0,reference-first,32,131072,0.17231175000000001,526756.81666280166,shared-frequency-v1,extended-v1,reference-repeat,24000
study,96000,0,1,1,study-first,32,131072,0.171028333,526756.81666280166,shared-frequency-v1,extended-v1,reference-repeat,24000
reference,96000,0,1,1,study-first,32,131072,0.172547542,526756.81666280166,shared-frequency-v1,extended-v1,reference-repeat,24000
reference,96000,0,1,2,reference-first,32,131072,0.17146920900000001,526756.81666280166,shared-frequency-v1,extended-v1,reference-repeat,24000
study,96000,0,1,2,reference-first,32,131072,0.17323608300000001,526756.81666280166,shared-frequency-v1,extended-v1,reference-repeat,24000
study,96000,0,1,3,study-first,32,131072,0.17180658400000001,526756.81666280166,shared-frequency-v1,extended-v1,reference-repeat,24000
reference,96000,0,1,3,study-first,32,131072,0.170998125,526756.81666280166,shared-frequency-v1,extended-v1,reference-repeat,24000
reference,96000,0,1,4,reference-first,32,131072,0.17195258299999999,526756.81666280166,shared-frequency-v1,extended-v1,reference-repeat,24000
study,96000,0,1,4,reference-first,32,131072,0.169850417,526756.81666280166,shared-frequency-v1,extended-v1,reference-repeat,24000
study,96000,0,1,5,study-first,32,131072,0.17261137500000001,526756.81666280166,shared-frequency-v1,extended-v1,reference-repeat,24000
reference,96000,0,1,5,study-first,32,131072,0.17246212499999999,526756.81666280166,shared-frequency-v1,extended-v1,reference-repeat,24000
reference,96000,0,1,6,reference-first,32,131072,0.17235641700000001,526756.81666280166,shared-frequency-v1,extended-v1,reference-repeat,24000
study,96000,0,1,6,reference-first,32,131072,0.172994542,526756.81666280166,shared-frequency-v1,extended-v1,reference-repeat,24000
study,96000,0,1,7,study-first,32,131072,0.17206316699999999,526756.81666280166,shared-frequency-v1,extended-v1,reference-repeat,24000
reference,96000,0,1,7,study-first,32,131072,0.17183599999999999,526756.81666280166,shared-frequency-v1,extended-v1,reference-repeat,24000
reference,96000,1,0,0,reference-first,32,131072,0.22645579199999999,798755.4297454257,shared-frequency-v1,extended-v1,reference-repeat,24000
study,96000,1,0,0,reference-first,32,131072,0.22765591600000001,798755.4297454257,shared-frequency-v1,extended-v1,reference-repeat,24000
study,96000,1,0,1,study-first,32,131072,0.22607770899999999,798755.4297454257,shared-frequency-v1,extended-v1,reference-repeat,24000
reference,96000,1,0,1,study-first,32,131072,0.22868312499999999,798755.4297454257,shared-frequency-v1,extended-v1,reference-repeat,24000
reference,96000,1,0,2,reference-first,32,131072,0.228573833,798755.4297454257,shared-frequency-v1,extended-v1,reference-repeat,24000
study,96000,1,0,2,reference-first,32,131072,0.228319833,798755.4297454257,shared-frequency-v1,extended-v1,reference-repeat,24000
study,96000,1,0,3,study-first,32,131072,0.22699804200000001,798755.4297454257,shared-frequency-v1,extended-v1,reference-repeat,24000
reference,96000,1,0,3,study-first,32,131072,0.22659299999999999,798755.4297454257,shared-frequency-v1,extended-v1,reference-repeat,24000
reference,96000,1,0,4,reference-first,32,131072,0.22692779199999999,798755.4297454257,shared-frequency-v1,extended-v1,reference-repeat,24000
study,96000,1,0,4,reference-first,32,131072,0.22615870900000001,798755.4297454257,shared-frequency-v1,extended-v1,reference-repeat,24000
study,96000,1,0,5,study-first,32,131072,0.22675200000000001,798755.4297454257,shared-frequency-v1,extended-v1,reference-repeat,24000
reference,96000,1,0,5,study-first,32,131072,0.227495791,798755.4297454257,shared-frequency-v1,extended-v1,reference-repeat,24000
reference,96000,1,0,6,reference-first,32,131072,0.22817854200000001,798755.4297454257,shared-frequency-v1,extended-v1,reference-repeat,24000
study,96000,1,0,6,reference-first,32,131072,0.22779754199999999,798755.4297454257,shared-frequency-v1,extended-v1,reference-repeat,24000
study,96000,1,0,7,study-first,32,131072,0.22844100000000001,798755.4297454257,shared-frequency-v1,extended-v1,reference-repeat,24000
reference,96000,1,0,7,study-first,32,131072,0.227118083,798755.4297454257,shared-frequency-v1,extended-v1,reference-repeat,24000
reference,96000,1,1,0,reference-first,32,131072,0.23138904199999999,798859.48184312123,shared-frequency-v1,extended-v1,reference-repeat,24000
study,96000,1,1,0,reference-first,32,131072,0.22823433400000001,798859.48184312123,shared-frequency-v1,extended-v1,reference-repeat,24000
study,96000,1,1,1,study-first,32,131072,0.229313292,798859.48184312123,shared-frequency-v1,extended-v1,reference-repeat,24000
reference,96000,1,1,1,study-first,32,131072,0.22904554099999999,798859.48184312123,shared-frequency-v1,extended-v1,reference-repeat,24000
reference,96000,1,1,2,reference-first,32,131072,0.22808200000000001,798859.48184312123,shared-frequency-v1,extended-v1,reference-repeat,24000
study,96000,1,1,2,reference-first,32,131072,0.22897741599999999,798859.48184312123,shared-frequency-v1,extended-v1,reference-repeat,24000
study,96000,1,1,3,study-first,32,131072,0.23089999999999999,798859.48184312123,shared-frequency-v1,extended-v1,reference-repeat,24000
reference,96000,1,1,3,study-first,32,131072,0.228899459,798859.48184312123,shared-frequency-v1,extended-v1,reference-repeat,24000
reference,96000,1,1,4,reference-first,32,131072,0.22889187499999999,798859.48184312123,shared-frequency-v1,extended-v1,reference-repeat,24000
study,96000,1,1,4,reference-first,32,131072,0.23279887499999999,798859.48184312123,shared-frequency-v1,extended-v1,reference-repeat,24000
study,96000,1,1,5,study-first,32,131072,0.22948770900000001,798859.48184312123,shared-frequency-v1,extended-v1,reference-repeat,24000
reference,96000,1,1,5,study-first,32,131072,0.23046708399999999,798859.48184312123,shared-frequency-v1,extended-v1,reference-repeat,24000
reference,96000,1,1,6,reference-first,32,131072,0.230276958,798859.48184312123,shared-frequency-v1,extended-v1,reference-repeat,24000
study,96000,1,1,6,reference-first,32,131072,0.23006420799999999,798859.48184312123,shared-frequency-v1,extended-v1,reference-repeat,24000
study,96000,1,1,7,study-first,32,131072,0.22887816699999999,798859.48184312123,shared-frequency-v1,extended-v1,reference-repeat,24000
reference,96000,1,1,7,study-first,32,131072,0.23144575000000001,798859.48184312123,shared-frequency-v1,extended-v1,reference-repeat,24000
reference,96000,2,0,0,reference-first,32,131072,0.35150483399999999,529736.73713121272,shared-frequency-v1,extended-v1,reference-repeat,24000
study,96000,2,0,0,reference-first,32,131072,0.338729,529736.73713121272,shared-frequency-v1,extended-v1,reference-repeat,24000
study,96000,2,0,1,study-first,32,131072,0.336812375,529736.73713121272,shared-frequency-v1,extended-v1,reference-repeat,24000
reference,96000,2,0,1,study-first,32,131072,0.33813925,529736.73713121272,shared-frequency-v1,extended-v1,reference-repeat,24000
reference,96000,2,0,2,reference-first,32,131072,0.337767125,529736.73713121272,shared-frequency-v1,extended-v1,reference-repeat,24000
study,96000,2,0,2,reference-first,32,131072,0.34407149999999997,529736.73713121272,shared-frequency-v1,extended-v1,reference-repeat,24000
study,96000,2,0,3,study-first,32,131072,0.34782333300000001,529736.73713121272,shared-frequency-v1,extended-v1,reference-repeat,24000
reference,96000,2,0,3,study-first,32,131072,0.34007495799999998,529736.73713121272,shared-frequency-v1,extended-v1,reference-repeat,24000
reference,96000,2,0,4,reference-first,32,131072,0.33867883399999998,529736.73713121272,shared-frequency-v1,extended-v1,reference-repeat,24000
study,96000,2,0,4,reference-first,32,131072,0.33962287499999999,529736.73713121272,shared-frequency-v1,extended-v1,reference-repeat,24000
study,96000,2,0,5,study-first,32,131072,0.33900200000000003,529736.73713121272,shared-frequency-v1,extended-v1,reference-repeat,24000
reference,96000,2,0,5,study-first,32,131072,0.33814737499999997,529736.73713121272,shared-frequency-v1,extended-v1,reference-repeat,24000
reference,96000,2,0,6,reference-first,32,131072,0.34163166700000003,529736.73713121272,shared-frequency-v1,extended-v1,reference-repeat,24000
study,96000,2,0,6,reference-first,32,131072,0.34004050000000002,529736.73713121272,shared-frequency-v1,extended-v1,reference-repeat,24000
study,96000,2,0,7,study-first,32,131072,0.34072649999999999,529736.73713121272,shared-frequency-v1,extended-v1,reference-repeat,24000
reference,96000,2,0,7,study-first,32,131072,0.33886554200000002,529736.73713121272,shared-frequency-v1,extended-v1,reference-repeat,24000
reference,96000,2,1,0,reference-first,32,131072,0.33632774999999998,529721.81748553424,shared-frequency-v1,extended-v1,reference-repeat,24000
study,96000,2,1,0,reference-first,32,131072,0.33993162500000002,529721.81748553424,shared-frequency-v1,extended-v1,reference-repeat,24000
study,96000,2,1,1,study-first,32,131072,0.33465387499999999,529721.81748553424,shared-frequency-v1,extended-v1,reference-repeat,24000
reference,96000,2,1,1,study-first,32,131072,0.33669616600000002,529721.81748553424,shared-frequency-v1,extended-v1,reference-repeat,24000
reference,96000,2,1,2,reference-first,32,131072,0.334169459,529721.81748553424,shared-frequency-v1,extended-v1,reference-repeat,24000
study,96000,2,1,2,reference-first,32,131072,0.332742333,529721.81748553424,shared-frequency-v1,extended-v1,reference-repeat,24000
study,96000,2,1,3,study-first,32,131072,0.334459583,529721.81748553424,shared-frequency-v1,extended-v1,reference-repeat,24000
reference,96000,2,1,3,study-first,32,131072,0.33375312499999998,529721.81748553424,shared-frequency-v1,extended-v1,reference-repeat,24000
reference,96000,2,1,4,reference-first,32,131072,0.41708441699999999,529721.81748553424,shared-frequency-v1,extended-v1,reference-repeat,24000
study,96000,2,1,4,reference-first,32,131072,0.33682187499999999,529721.81748553424,shared-frequency-v1,extended-v1,reference-repeat,24000
study,96000,2,1,5,study-first,32,131072,0.33681954200000003,529721.81748553424,shared-frequency-v1,extended-v1,reference-repeat,24000
reference,96000,2,1,5,study-first,32,131072,0.33515112499999999,529721.81748553424,shared-frequency-v1,extended-v1,reference-repeat,24000
reference,96000,2,1,6,reference-first,32,131072,0.33388337499999998,529721.81748553424,shared-frequency-v1,extended-v1,reference-repeat,24000
study,96000,2,1,6,reference-first,32,131072,0.33491858299999999,529721.81748553424,shared-frequency-v1,extended-v1,reference-repeat,24000
study,96000,2,1,7,study-first,32,131072,0.33457924999999999,529721.81748553424,shared-frequency-v1,extended-v1,reference-repeat,24000
reference,96000,2,1,7,study-first,32,131072,0.33356870799999999,529721.81748553424,shared-frequency-v1,extended-v1,reference-repeat,24000
reference,96000,3,0,0,reference-first,32,131072,0.24493679199999999,812574.43815632618,shared-frequency-v1,extended-v1,reference-repeat,24000
study,96000,3,0,0,reference-first,32,131072,0.24528975,812574.43815632618,shared-frequency-v1,extended-v1,reference-repeat,24000
study,96000,3,0,1,study-first,32,131072,0.24259966599999999,812574.43815632618,shared-frequency-v1,extended-v1,reference-repeat,24000
reference,96000,3,0,1,study-first,32,131072,0.24567941700000001,812574.43815632618,shared-frequency-v1,extended-v1,reference-repeat,24000
reference,96000,3,0,2,reference-first,32,131072,0.246341167,812574.43815632618,shared-frequency-v1,extended-v1,reference-repeat,24000
study,96000,3,0,2,reference-first,32,131072,0.24650791599999999,812574.43815632618,shared-frequency-v1,extended-v1,reference-repeat,24000
study,96000,3,0,3,study-first,32,131072,0.24607625,812574.43815632618,shared-frequency-v1,extended-v1,reference-repeat,24000
reference,96000,3,0,3,study-first,32,131072,0.245859833,812574.43815632618,shared-frequency-v1,extended-v1,reference-repeat,24000
reference,96000,3,0,4,reference-first,32,131072,0.24491808300000001,812574.43815632618,shared-frequency-v1,extended-v1,reference-repeat,24000
study,96000,3,0,4,reference-first,32,131072,0.24320433399999999,812574.43815632618,shared-frequency-v1,extended-v1,reference-repeat,24000
study,96000,3,0,5,study-first,32,131072,0.24643324999999999,812574.43815632618,shared-frequency-v1,extended-v1,reference-repeat,24000
reference,96000,3,0,5,study-first,32,131072,0.24473587499999999,812574.43815632618,shared-frequency-v1,extended-v1,reference-repeat,24000
reference,96000,3,0,6,reference-first,32,131072,0.244997083,812574.43815632618,shared-frequency-v1,extended-v1,reference-repeat,24000
study,96000,3,0,6,reference-first,32,131072,0.24516625,812574.43815632618,shared-frequency-v1,extended-v1,reference-repeat,24000
study,96000,3,0,7,study-first,32,131072,0.243492875,812574.43815632618,shared-frequency-v1,extended-v1,reference-repeat,24000
reference,96000,3,0,7,study-first,32,131072,0.24785808300000001,812574.43815632618,shared-frequency-v1,extended-v1,reference-repeat,24000
reference,96000,3,1,0,reference-first,32,131072,0.22583816700000001,812583.85798732715,shared-frequency-v1,extended-v1,reference-repeat,24000
study,96000,3,1,0,reference-first,32,131072,0.22656124999999999,812583.85798732715,shared-frequency-v1,extended-v1,reference-repeat,24000
study,96000,3,1,1,study-first,32,131072,0.22782975,812583.85798732715,shared-frequency-v1,extended-v1,reference-repeat,24000
reference,96000,3,1,1,study-first,32,131072,0.22702491599999999,812583.85798732715,shared-frequency-v1,extended-v1,reference-repeat,24000
reference,96000,3,1,2,reference-first,32,131072,0.226709625,812583.85798732715,shared-frequency-v1,extended-v1,reference-repeat,24000
study,96000,3,1,2,reference-first,32,131072,0.22659241699999999,812583.85798732715,shared-frequency-v1,extended-v1,reference-repeat,24000
study,96000,3,1,3,study-first,32,131072,0.22841387499999999,812583.85798732715,shared-frequency-v1,extended-v1,reference-repeat,24000
reference,96000,3,1,3,study-first,32,131072,0.226218583,812583.85798732715,shared-frequency-v1,extended-v1,reference-repeat,24000
reference,96000,3,1,4,reference-first,32,131072,0.226286917,812583.85798732715,shared-frequency-v1,extended-v1,reference-repeat,24000
study,96000,3,1,4,reference-first,32,131072,0.22630758300000001,812583.85798732715,shared-frequency-v1,extended-v1,reference-repeat,24000
study,96000,3,1,5,study-first,32,131072,0.22693337499999999,812583.85798732715,shared-frequency-v1,extended-v1,reference-repeat,24000
reference,96000,3,1,5,study-first,32,131072,0.22597324999999999,812583.85798732715,shared-frequency-v1,extended-v1,reference-repeat,24000
reference,96000,3,1,6,reference-first,32,131072,0.22660633399999999,812583.85798732715,shared-frequency-v1,extended-v1,reference-repeat,24000
study,96000,3,1,6,reference-first,32,131072,0.22578441699999999,812583.85798732715,shared-frequency-v1,extended-v1,reference-repeat,24000
study,96000,3,1,7,study-first,32,131072,0.226777167,812583.85798732715,shared-frequency-v1,extended-v1,reference-repeat,24000
reference,96000,3,1,7,study-first,32,131072,0.22609216700000001,812583.85798732715,shared-frequency-v1,extended-v1,reference-repeat,24000
reference,192000,0,0,0,reference-first,32,131072,0.179756,569059.08437568974,shared-frequency-v1,extended-v1,reference-repeat,48000
study,192000,0,0,0,reference-first,32,131072,0.18081800000000001,569059.08437568974,shared-frequency-v1,extended-v1,reference-repeat,48000
study,192000,0,0,1,study-first,32,131072,0.17887824999999999,569059.08437568974,shared-frequency-v1,extended-v1,reference-repeat,48000
reference,192000,0,0,1,study-first,32,131072,0.18039116699999999,569059.08437568974,shared-frequency-v1,extended-v1,reference-repeat,48000
reference,192000,0,0,2,reference-first,32,131072,0.18057500000000001,569059.08437568974,shared-frequency-v1,extended-v1,reference-repeat,48000
study,192000,0,0,2,reference-first,32,131072,0.17976170799999999,569059.08437568974,shared-frequency-v1,extended-v1,reference-repeat,48000
study,192000,0,0,3,study-first,32,131072,0.18038954200000001,569059.08437568974,shared-frequency-v1,extended-v1,reference-repeat,48000
reference,192000,0,0,3,study-first,32,131072,0.17906404200000001,569059.08437568974,shared-frequency-v1,extended-v1,reference-repeat,48000
reference,192000,0,0,4,reference-first,32,131072,0.17915529099999999,569059.08437568974,shared-frequency-v1,extended-v1,reference-repeat,48000
study,192000,0,0,4,reference-first,32,131072,0.17816995799999999,569059.08437568974,shared-frequency-v1,extended-v1,reference-repeat,48000
study,192000,0,0,5,study-first,32,131072,0.18040645899999999,569059.08437568974,shared-frequency-v1,extended-v1,reference-repeat,48000
reference,192000,0,0,5,study-first,32,131072,0.179353291,569059.08437568974,shared-frequency-v1,extended-v1,reference-repeat,48000
reference,192000,0,0,6,reference-first,32,131072,0.18000704200000001,569059.08437568974,shared-frequency-v1,extended-v1,reference-repeat,48000
study,192000,0,0,6,reference-first,32,131072,0.17839425,569059.08437568974,shared-frequency-v1,extended-v1,reference-repeat,48000
study,192000,0,0,7,study-first,32,131072,0.179097583,569059.08437568974,shared-frequency-v1,extended-v1,reference-repeat,48000
reference,192000,0,0,7,study-first,32,131072,0.177949834,569059.08437568974,shared-frequency-v1,extended-v1,reference-repeat,48000
reference,192000,0,1,0,reference-first,32,131072,0.16915087500000001,569507.35251144017,shared-frequency-v1,extended-v1,reference-repeat,48000
study,192000,0,1,0,reference-first,32,131072,0.17097691700000001,569507.35251144017,shared-frequency-v1,extended-v1,reference-repeat,48000
study,192000,0,1,1,study-first,32,131072,0.17093108400000001,569507.35251144017,shared-frequency-v1,extended-v1,reference-repeat,48000
reference,192000,0,1,1,study-first,32,131072,0.170885167,569507.35251144017,shared-frequency-v1,extended-v1,reference-repeat,48000
reference,192000,0,1,2,reference-first,32,131072,0.17136454200000001,569507.35251144017,shared-frequency-v1,extended-v1,reference-repeat,48000
study,192000,0,1,2,reference-first,32,131072,0.170680583,569507.35251144017,shared-frequency-v1,extended-v1,reference-repeat,48000
study,192000,0,1,3,study-first,32,131072,0.171115292,569507.35251144017,shared-frequency-v1,extended-v1,reference-repeat,48000
reference,192000,0,1,3,study-first,32,131072,0.16947737500000001,569507.35251144017,shared-frequency-v1,extended-v1,reference-repeat,48000
reference,192000,0,1,4,reference-first,32,131072,0.17058441599999999,569507.35251144017,shared-frequency-v1,extended-v1,reference-repeat,48000
study,192000,0,1,4,reference-first,32,131072,0.16967370800000001,569507.35251144017,shared-frequency-v1,extended-v1,reference-repeat,48000
study,192000,0,1,5,study-first,32,131072,0.16903395800000001,569507.35251144017,shared-frequency-v1,extended-v1,reference-repeat,48000
reference,192000,0,1,5,study-first,32,131072,0.16989812500000001,569507.35251144017,shared-frequency-v1,extended-v1,reference-repeat,48000
reference,192000,0,1,6,reference-first,32,131072,0.169578959,569507.35251144017,shared-frequency-v1,extended-v1,reference-repeat,48000
study,192000,0,1,6,reference-first,32,131072,0.1691935,569507.35251144017,shared-frequency-v1,extended-v1,reference-repeat,48000
study,192000,0,1,7,study-first,32,131072,0.16863779200000001,569507.35251144017,shared-frequency-v1,extended-v1,reference-repeat,48000
reference,192000,0,1,7,study-first,32,131072,0.17019899999999999,569507.35251144017,shared-frequency-v1,extended-v1,reference-repeat,48000
reference,192000,1,0,0,reference-first,32,131072,0.22516325000000001,879766.21801011811,shared-frequency-v1,extended-v1,reference-repeat,48000
study,192000,1,0,0,reference-first,32,131072,0.22452274999999999,879766.21801011811,shared-frequency-v1,extended-v1,reference-repeat,48000
study,192000,1,0,1,study-first,32,131072,0.22672783299999999,879766.21801011811,shared-frequency-v1,extended-v1,reference-repeat,48000
reference,192000,1,0,1,study-first,32,131072,0.226638125,879766.21801011811,shared-frequency-v1,extended-v1,reference-repeat,48000
reference,192000,1,0,2,reference-first,32,131072,0.22751795899999999,879766.21801011811,shared-frequency-v1,extended-v1,reference-repeat,48000
study,192000,1,0,2,reference-first,32,131072,0.22648470800000001,879766.21801011811,shared-frequency-v1,extended-v1,reference-repeat,48000
study,192000,1,0,3,study-first,32,131072,0.22676212500000001,879766.21801011811,shared-frequency-v1,extended-v1,reference-repeat,48000
reference,192000,1,0,3,study-first,32,131072,0.22728358300000001,879766.21801011811,shared-frequency-v1,extended-v1,reference-repeat,48000
reference,192000,1,0,4,reference-first,32,131072,0.22575408299999999,879766.21801011811,shared-frequency-v1,extended-v1,reference-repeat,48000
study,192000,1,0,4,reference-first,32,131072,0.22564008299999999,879766.21801011811,shared-frequency-v1,extended-v1,reference-repeat,48000
study,192000,1,0,5,study-first,32,131072,0.22570816699999999,879766.21801011811,shared-frequency-v1,extended-v1,reference-repeat,48000
reference,192000,1,0,5,study-first,32,131072,0.22580937500000001,879766.21801011811,shared-frequency-v1,extended-v1,reference-repeat,48000
reference,192000,1,0,6,reference-first,32,131072,0.226831541,879766.21801011811,shared-frequency-v1,extended-v1,reference-repeat,48000
study,192000,1,0,6,reference-first,32,131072,0.22505775,879766.21801011811,shared-frequency-v1,extended-v1,reference-repeat,48000
study,192000,1,0,7,study-first,32,131072,0.225383792,879766.21801011811,shared-frequency-v1,extended-v1,reference-repeat,48000
reference,192000,1,0,7,study-first,32,131072,0.22678562499999999,879766.21801011811,shared-frequency-v1,extended-v1,reference-repeat,48000
reference,192000,1,1,0,reference-first,32,131072,0.23055795800000001,880171.65564463136,shared-frequency-v1,extended-v1,reference-repeat,48000
study,192000,1,1,0,reference-first,32,131072,0.23092104099999999,880171.65564463136,shared-frequency-v1,extended-v1,reference-repeat,48000
study,192000,1,1,1,study-first,32,131072,0.227617292,880171.65564463136,shared-frequency-v1,extended-v1,reference-repeat,48000
reference,192000,1,1,1,study-first,32,131072,0.22862795899999999,880171.65564463136,shared-frequency-v1,extended-v1,reference-repeat,48000
reference,192000,1,1,2,reference-first,32,131072,0.22859350000000001,880171.65564463136,shared-frequency-v1,extended-v1,reference-repeat,48000
study,192000,1,1,2,reference-first,32,131072,0.226934208,880171.65564463136,shared-frequency-v1,extended-v1,reference-repeat,48000
study,192000,1,1,3,study-first,32,131072,0.22689962499999999,880171.65564463136,shared-frequency-v1,extended-v1,reference-repeat,48000
reference,192000,1,1,3,study-first,32,131072,0.227200917,880171.65564463136,shared-frequency-v1,extended-v1,reference-repeat,48000
reference,192000,1,1,4,reference-first,32,131072,0.22522370899999999,880171.65564463136,shared-frequency-v1,extended-v1,reference-repeat,48000
study,192000,1,1,4,reference-first,32,131072,0.234704833,880171.65564463136,shared-frequency-v1,extended-v1,reference-repeat,48000
study,192000,1,1,5,study-first,32,131072,0.227595042,880171.65564463136,shared-frequency-v1,extended-v1,reference-repeat,48000
reference,192000,1,1,5,study-first,32,131072,0.22786775000000001,880171.65564463136,shared-frequency-v1,extended-v1,reference-repeat,48000
reference,192000,1,1,6,reference-first,32,131072,0.22987983300000001,880171.65564463136,shared-frequency-v1,extended-v1,reference-repeat,48000
study,192000,1,1,6,reference-first,32,131072,0.228626458,880171.65564463136,shared-frequency-v1,extended-v1,reference-repeat,48000
study,192000,1,1,7,study-first,32,131072,0.228960625,880171.65564463136,shared-frequency-v1,extended-v1,reference-repeat,48000
reference,192000,1,1,7,study-first,32,131072,0.23037099999999999,880171.65564463136,shared-frequency-v1,extended-v1,reference-repeat,48000
reference,192000,2,0,0,reference-first,32,131072,0.33632441699999999,591179.9343266614,shared-frequency-v1,extended-v1,reference-repeat,48000
study,192000,2,0,0,reference-first,32,131072,0.335931125,591179.9343266614,shared-frequency-v1,extended-v1,reference-repeat,48000
study,192000,2,0,1,study-first,32,131072,0.33811629199999998,591179.9343266614,shared-frequency-v1,extended-v1,reference-repeat,48000
reference,192000,2,0,1,study-first,32,131072,0.33704624999999999,591179.9343266614,shared-frequency-v1,extended-v1,reference-repeat,48000
reference,192000,2,0,2,reference-first,32,131072,0.33712550000000002,591179.9343266614,shared-frequency-v1,extended-v1,reference-repeat,48000
study,192000,2,0,2,reference-first,32,131072,0.33694737499999999,591179.9343266614,shared-frequency-v1,extended-v1,reference-repeat,48000
study,192000,2,0,3,study-first,32,131072,0.34085058400000001,591179.9343266614,shared-frequency-v1,extended-v1,reference-repeat,48000
reference,192000,2,0,3,study-first,32,131072,0.34032179099999998,591179.9343266614,shared-frequency-v1,extended-v1,reference-repeat,48000
reference,192000,2,0,4,reference-first,32,131072,0.33801170899999999,591179.9343266614,shared-frequency-v1,extended-v1,reference-repeat,48000
study,192000,2,0,4,reference-first,32,131072,0.33814712499999999,591179.9343266614,shared-frequency-v1,extended-v1,reference-repeat,48000
study,192000,2,0,5,study-first,32,131072,0.336984583,591179.9343266614,shared-frequency-v1,extended-v1,reference-repeat,48000
reference,192000,2,0,5,study-first,32,131072,0.33661908299999999,591179.9343266614,shared-frequency-v1,extended-v1,reference-repeat,48000
reference,192000,2,0,6,reference-first,32,131072,0.33616558400000002,591179.9343266614,shared-frequency-v1,extended-v1,reference-repeat,48000
study,192000,2,0,6,reference-first,32,131072,0.335672625,591179.9343266614,shared-frequency-v1,extended-v1,reference-repeat,48000
study,192000,2,0,7,study-first,32,131072,0.33700979199999997,591179.9343266614,shared-frequency-v1,extended-v1,reference-repeat,48000
reference,192000,2,0,7,study-first,32,131072,0.339917625,591179.9343266614,shared-frequency-v1,extended-v1,reference-repeat,48000
reference,192000,2,1,0,reference-first,32,131072,0.33616366600000003,591501.13278435054,shared-frequency-v1,extended-v1,reference-repeat,48000
study,192000,2,1,0,reference-first,32,131072,0.33279383400000001,591501.13278435054,shared-frequency-v1,extended-v1,reference-repeat,48000
study,192000,2,1,1,study-first,32,131072,0.33258445800000003,591501.13278435054,shared-frequency-v1,extended-v1,reference-repeat,48000
reference,192000,2,1,1,study-first,32,131072,0.332735791,591501.13278435054,shared-frequency-v1,extended-v1,reference-repeat,48000
reference,192000,2,1,2,reference-first,32,131072,0.33318095800000003,591501.13278435054,shared-frequency-v1,extended-v1,reference-repeat,48000
study,192000,2,1,2,reference-first,32,131072,0.33378837500000003,591501.13278435054,shared-frequency-v1,extended-v1,reference-repeat,48000
study,192000,2,1,3,study-first,32,131072,0.33203549999999998,591501.13278435054,shared-frequency-v1,extended-v1,reference-repeat,48000
reference,192000,2,1,3,study-first,32,131072,0.33401287499999999,591501.13278435054,shared-frequency-v1,extended-v1,reference-repeat,48000
reference,192000,2,1,4,reference-first,32,131072,0.33575354200000002,591501.13278435054,shared-frequency-v1,extended-v1,reference-repeat,48000
study,192000,2,1,4,reference-first,32,131072,0.33563870800000001,591501.13278435054,shared-frequency-v1,extended-v1,reference-repeat,48000
study,192000,2,1,5,study-first,32,131072,0.333635917,591501.13278435054,shared-frequency-v1,extended-v1,reference-repeat,48000
reference,192000,2,1,5,study-first,32,131072,0.33397250000000001,591501.13278435054,shared-frequency-v1,extended-v1,reference-repeat,48000
reference,192000,2,1,6,reference-first,32,131072,0.33506683399999998,591501.13278435054,shared-frequency-v1,extended-v1,reference-repeat,48000
study,192000,2,1,6,reference-first,32,131072,0.33535500000000001,591501.13278435054,shared-frequency-v1,extended-v1,reference-repeat,48000
study,192000,2,1,7,study-first,32,131072,0.33288695899999998,591501.13278435054,shared-frequency-v1,extended-v1,reference-repeat,48000
reference,192000,2,1,7,study-first,32,131072,0.332513167,591501.13278435054,shared-frequency-v1,extended-v1,reference-repeat,48000
reference,192000,3,0,0,reference-first,32,131072,0.23464416699999999,910071.60877214978,shared-frequency-v1,extended-v1,reference-repeat,48000
study,192000,3,0,0,reference-first,32,131072,0.23483837499999999,910071.60877214978,shared-frequency-v1,extended-v1,reference-repeat,48000
study,192000,3,0,1,study-first,32,131072,0.235263625,910071.60877214978,shared-frequency-v1,extended-v1,reference-repeat,48000
reference,192000,3,0,1,study-first,32,131072,0.233773958,910071.60877214978,shared-frequency-v1,extended-v1,reference-repeat,48000
reference,192000,3,0,2,reference-first,32,131072,0.23415979200000001,910071.60877214978,shared-frequency-v1,extended-v1,reference-repeat,48000
study,192000,3,0,2,reference-first,32,131072,0.23349208299999999,910071.60877214978,shared-frequency-v1,extended-v1,reference-repeat,48000
study,192000,3,0,3,study-first,32,131072,0.23217512500000001,910071.60877214978,shared-frequency-v1,extended-v1,reference-repeat,48000
reference,192000,3,0,3,study-first,32,131072,0.233242,910071.60877214978,shared-frequency-v1,extended-v1,reference-repeat,48000
reference,192000,3,0,4,reference-first,32,131072,0.23328729200000001,910071.60877214978,shared-frequency-v1,extended-v1,reference-repeat,48000
study,192000,3,0,4,reference-first,32,131072,0.233330333,910071.60877214978,shared-frequency-v1,extended-v1,reference-repeat,48000
study,192000,3,0,5,study-first,32,131072,0.233496709,910071.60877214978,shared-frequency-v1,extended-v1,reference-repeat,48000
reference,192000,3,0,5,study-first,32,131072,0.23243150000000001,910071.60877214978,shared-frequency-v1,extended-v1,reference-repeat,48000
reference,192000,3,0,6,reference-first,32,131072,0.234008625,910071.60877214978,shared-frequency-v1,extended-v1,reference-repeat,48000
study,192000,3,0,6,reference-first,32,131072,0.23299070799999999,910071.60877214978,shared-frequency-v1,extended-v1,reference-repeat,48000
study,192000,3,0,7,study-first,32,131072,0.23423845900000001,910071.60877214978,shared-frequency-v1,extended-v1,reference-repeat,48000
reference,192000,3,0,7,study-first,32,131072,0.23405558400000001,910071.60877214978,shared-frequency-v1,extended-v1,reference-repeat,48000
reference,192000,3,1,0,reference-first,32,131072,0.22010329200000001,910511.34647662693,shared-frequency-v1,extended-v1,reference-repeat,48000
study,192000,3,1,0,reference-first,32,131072,0.219178542,910511.34647662693,shared-frequency-v1,extended-v1,reference-repeat,48000
study,192000,3,1,1,study-first,32,131072,0.220486708,910511.34647662693,shared-frequency-v1,extended-v1,reference-repeat,48000
reference,192000,3,1,1,study-first,32,131072,0.218463084,910511.34647662693,shared-frequency-v1,extended-v1,reference-repeat,48000
reference,192000,3,1,2,reference-first,32,131072,0.21882633300000001,910511.34647662693,shared-frequency-v1,extended-v1,reference-repeat,48000
study,192000,3,1,2,reference-first,32,131072,0.218976,910511.34647662693,shared-frequency-v1,extended-v1,reference-repeat,48000
study,192000,3,1,3,study-first,32,131072,0.22737554200000001,910511.34647662693,shared-frequency-v1,extended-v1,reference-repeat,48000
reference,192000,3,1,3,study-first,32,131072,0.225364709,910511.34647662693,shared-frequency-v1,extended-v1,reference-repeat,48000
reference,192000,3,1,4,reference-first,32,131072,0.222633041,910511.34647662693,shared-frequency-v1,extended-v1,reference-repeat,48000
study,192000,3,1,4,reference-first,32,131072,0.225576,910511.34647662693,shared-frequency-v1,extended-v1,reference-repeat,48000
study,192000,3,1,5,study-first,32,131072,0.22375104200000001,910511.34647662693,shared-frequency-v1,extended-v1,reference-repeat,48000
reference,192000,3,1,5,study-first,32,131072,0.222763709,910511.34647662693,shared-frequency-v1,extended-v1,reference-repeat,48000
reference,192000,3,1,6,reference-first,32,131072,0.22331075,910511.34647662693,shared-frequency-v1,extended-v1,reference-repeat,48000
study,192000,3,1,6,reference-first,32,131072,0.30964700000000001,910511.34647662693,shared-frequency-v1,extended-v1,reference-repeat,48000
study,192000,3,1,7,study-first,32,131072,0.22481475000000001,910511.34647662693,shared-frequency-v1,extended-v1,reference-repeat,48000
reference,192000,3,1,7,study-first,32,131072,0.22424945800000001,910511.34647662693,shared-frequency-v1,extended-v1,reference-repeat,48000
