path,rate,waveform,modulated,pair,order,oscillators,frames,seconds,energy
reference,48000,0,0,0,reference-first,32,8192,0.032542799999999997,39117.538761791919
study,48000,0,0,0,reference-first,32,8192,0.026386699999999999,39117.538761791919
study,48000,0,0,1,study-first,32,8192,0.0256726,39117.538761791919
reference,48000,0,0,1,study-first,32,8192,0.0300939,39117.538761791919
reference,48000,0,0,2,reference-first,32,8192,0.029541999999999999,39117.538761791919
study,48000,0,0,2,reference-first,32,8192,0.025636900000000001,39117.538761791919
study,48000,0,0,3,study-first,32,8192,0.0256586,39117.538761791919
reference,48000,0,0,3,study-first,32,8192,0.0295179,39117.538761791919
reference,48000,0,1,0,reference-first,32,8192,0.0341365,39098.202421056289
study,48000,0,1,0,reference-first,32,8192,0.032725700000000003,39098.202421056289
study,48000,0,1,1,study-first,32,8192,0.033565299999999999,39098.202421056289
reference,48000,0,1,1,study-first,32,8192,0.036217300000000001,39098.202421056289
reference,48000,0,1,2,reference-first,32,8192,0.034101600000000003,39098.202421056289
study,48000,0,1,2,reference-first,32,8192,0.038339600000000001,39098.202421056289
study,48000,0,1,3,study-first,32,8192,0.034589799999999997,39098.202421056289
reference,48000,0,1,3,study-first,32,8192,0.033693599999999997,39098.202421056289
reference,48000,1,0,0,reference-first,32,8192,0.044819400000000002,62878.421236449743
study,48000,1,0,0,reference-first,32,8192,0.045494399999999997,62878.421236449743
study,48000,1,0,1,study-first,32,8192,0.044322199999999999,62878.421236449743
reference,48000,1,0,1,study-first,32,8192,0.043270900000000001,62878.421236449743
reference,48000,1,0,2,reference-first,32,8192,0.043619100000000001,62878.421236449743
study,48000,1,0,2,reference-first,32,8192,0.045032900000000001,62878.421236449743
study,48000,1,0,3,study-first,32,8192,0.044642399999999999,62878.421236449743
reference,48000,1,0,3,study-first,32,8192,0.043488699999999998,62878.421236449743
reference,48000,1,1,0,reference-first,32,8192,0.046888800000000001,62859.7596463515
study,48000,1,1,0,reference-first,32,8192,0.046216500000000001,62859.7596463515
study,48000,1,1,1,study-first,32,8192,0.045546000000000003,62859.7596463515
reference,48000,1,1,1,study-first,32,8192,0.046482900000000001,62859.7596463515
reference,48000,1,1,2,reference-first,32,8192,0.046549899999999998,62859.7596463515
study,48000,1,1,2,reference-first,32,8192,0.0455751,62859.7596463515
study,48000,1,1,3,study-first,32,8192,0.048731799999999999,62859.7596463515
reference,48000,1,1,3,study-first,32,8192,0.046415400000000002,62859.7596463515
reference,48000,2,0,0,reference-first,32,8192,0.043360799999999998,43963.564641363024
study,48000,2,0,0,reference-first,32,8192,0.043593399999999997,43963.564641363024
study,48000,2,0,1,study-first,32,8192,0.0436946,43963.564641363024
reference,48000,2,0,1,study-first,32,8192,0.042775199999999999,43963.564641363024
reference,48000,2,0,2,reference-first,32,8192,0.0426051,43963.564641363024
study,48000,2,0,2,reference-first,32,8192,0.043104799999999999,43963.564641363024
study,48000,2,0,3,study-first,32,8192,0.043277700000000002,43963.564641363024
reference,48000,2,0,3,study-first,32,8192,0.042881500000000003,43963.564641363024
reference,48000,2,1,0,reference-first,32,8192,0.045636200000000002,43968.354487116019
study,48000,2,1,0,reference-first,32,8192,0.046529099999999997,43968.354487116019
study,48000,2,1,1,study-first,32,8192,0.046043000000000001,43968.354487116019
reference,48000,2,1,1,study-first,32,8192,0.046507800000000002,43968.354487116019
reference,48000,2,1,2,reference-first,32,8192,0.045602299999999998,43968.354487116019
study,48000,2,1,2,reference-first,32,8192,0.045888100000000001,43968.354487116019
study,48000,2,1,3,study-first,32,8192,0.047560600000000001,43968.354487116019
reference,48000,2,1,3,study-first,32,8192,0.048157800000000001,43968.354487116019
reference,48000,3,0,0,reference-first,32,8192,0.044478900000000002,67296.658541182129
study,48000,3,0,0,reference-first,32,8192,0.043247599999999997,67296.658541182129
study,48000,3,0,1,study-first,32,8192,0.042972900000000001,67296.658541182129
reference,48000,3,0,1,study-first,32,8192,0.040589600000000003,67296.658541182129
reference,48000,3,0,2,reference-first,32,8192,0.0421266,67296.658541182129
study,48000,3,0,2,reference-first,32,8192,0.044088799999999997,67296.658541182129
study,48000,3,0,3,study-first,32,8192,0.043735700000000002,67296.658541182129
reference,48000,3,0,3,study-first,32,8192,0.039791699999999999,67296.658541182129
reference,48000,3,1,0,reference-first,32,8192,0.042869499999999998,67271.809319657652
study,48000,3,1,0,reference-first,32,8192,0.045911,67271.809319657652
study,48000,3,1,1,study-first,32,8192,0.046125100000000002,67271.809319657652
reference,48000,3,1,1,study-first,32,8192,0.043273100000000002,67271.809319657652
reference,48000,3,1,2,reference-first,32,8192,0.043275399999999999,67271.809319657652
study,48000,3,1,2,reference-first,32,8192,0.046074799999999999,67271.809319657652
study,48000,3,1,3,study-first,32,8192,0.046264399999999997,67271.809319657652
reference,48000,3,1,3,study-first,32,8192,0.043306400000000002,67271.809319657652
reference,96000,0,0,0,reference-first,32,8192,0.0293859,40828.402595390558
study,96000,0,0,0,reference-first,32,8192,0.0246076,40828.402595390558
study,96000,0,0,1,study-first,32,8192,0.024999500000000001,40828.402595390558
reference,96000,0,0,1,study-first,32,8192,0.028830499999999998,40828.402595390558
reference,96000,0,0,2,reference-first,32,8192,0.0287491,40828.402595390558
study,96000,0,0,2,reference-first,32,8192,0.024937600000000001,40828.402595390558
study,96000,0,0,3,study-first,32,8192,0.0251118,40828.402595390558
reference,96000,0,0,3,study-first,32,8192,0.0291918,40828.402595390558
reference,96000,0,1,0,reference-first,32,8192,0.032208599999999997,40853.370196495722
study,96000,0,1,0,reference-first,32,8192,0.031865600000000001,40853.370196495722
study,96000,0,1,1,study-first,32,8192,0.031827899999999999,40853.370196495722
reference,96000,0,1,1,study-first,32,8192,0.032051400000000001,40853.370196495722
reference,96000,0,1,2,reference-first,32,8192,0.032096199999999998,40853.370196495722
study,96000,0,1,2,reference-first,32,8192,0.031569100000000003,40853.370196495722
study,96000,0,1,3,study-first,32,8192,0.031655200000000001,40853.370196495722
reference,96000,0,1,3,study-first,32,8192,0.034141699999999997,40853.370196495722
reference,96000,1,0,0,reference-first,32,8192,0.042921300000000003,66207.774677155729
study,96000,1,0,0,reference-first,32,8192,0.043292400000000002,66207.774677155729
study,96000,1,0,1,study-first,32,8192,0.044131499999999997,66207.774677155729
reference,96000,1,0,1,study-first,32,8192,0.042858800000000002,66207.774677155729
reference,96000,1,0,2,reference-first,32,8192,0.042498000000000001,66207.774677155729
study,96000,1,0,2,reference-first,32,8192,0.045035400000000003,66207.774677155729
study,96000,1,0,3,study-first,32,8192,0.047182300000000003,66207.774677155729
reference,96000,1,0,3,study-first,32,8192,0.044250999999999999,66207.774677155729
reference,96000,1,1,0,reference-first,32,8192,0.046013999999999999,66238.31822009178
study,96000,1,1,0,reference-first,32,8192,0.045910300000000001,66238.31822009178
study,96000,1,1,1,study-first,32,8192,0.0458188,66238.31822009178
reference,96000,1,1,1,study-first,32,8192,0.046312600000000002,66238.31822009178
reference,96000,1,1,2,reference-first,32,8192,0.046135099999999998,66238.31822009178
study,96000,1,1,2,reference-first,32,8192,0.046093599999999998,66238.31822009178
study,96000,1,1,3,study-first,32,8192,0.046525999999999998,66238.31822009178
reference,96000,1,1,3,study-first,32,8192,0.046743699999999999,66238.31822009178
reference,96000,2,0,0,reference-first,32,8192,0.042332700000000001,46274.31655308573
study,96000,2,0,0,reference-first,32,8192,0.043345099999999998,46274.31655308573
study,96000,2,0,1,study-first,32,8192,0.043432199999999997,46274.31655308573
reference,96000,2,0,1,study-first,32,8192,0.042302699999999999,46274.31655308573
reference,96000,2,0,2,reference-first,32,8192,0.043084799999999999,46274.31655308573
study,96000,2,0,2,reference-first,32,8192,0.043290299999999997,46274.31655308573
study,96000,2,0,3,study-first,32,8192,0.042919300000000001,46274.31655308573
reference,96000,2,0,3,study-first,32,8192,0.043198199999999999,46274.31655308573
reference,96000,2,1,0,reference-first,32,8192,0.056626700000000002,46285.192671036719
study,96000,2,1,0,reference-first,32,8192,0.045612199999999999,46285.192671036719
study,96000,2,1,1,study-first,32,8192,0.046282900000000002,46285.192671036719
reference,96000,2,1,1,study-first,32,8192,0.0465852,46285.192671036719
reference,96000,2,1,2,reference-first,32,8192,0.0470975,46285.192671036719
study,96000,2,1,2,reference-first,32,8192,0.045792699999999999,46285.192671036719
study,96000,2,1,3,study-first,32,8192,0.048865600000000002,46285.192671036719
reference,96000,2,1,3,study-first,32,8192,0.046516000000000002,46285.192671036719
reference,96000,3,0,0,reference-first,32,8192,0.039669099999999999,71026.6271335825
study,96000,3,0,0,reference-first,32,8192,0.041252900000000002,71026.6271335825
study,96000,3,0,1,study-first,32,8192,0.041405600000000001,71026.6271335825
reference,96000,3,0,1,study-first,32,8192,0.038559200000000002,71026.6271335825
reference,96000,3,0,2,reference-first,32,8192,0.039299000000000001,71026.6271335825
study,96000,3,0,2,reference-first,32,8192,0.041120799999999999,71026.6271335825
study,96000,3,0,3,study-first,32,8192,0.0413998,71026.6271335825
reference,96000,3,0,3,study-first,32,8192,0.038906400000000001,71026.6271335825
reference,96000,3,1,0,reference-first,32,8192,0.041572400000000002,71051.549575930214
study,96000,3,1,0,reference-first,32,8192,0.045411699999999999,71051.549575930214
study,96000,3,1,1,study-first,32,8192,0.044702699999999998,71051.549575930214
reference,96000,3,1,1,study-first,32,8192,0.041935600000000003,71051.549575930214
reference,96000,3,1,2,reference-first,32,8192,0.041849600000000001,71051.549575930214
study,96000,3,1,2,reference-first,32,8192,0.044783799999999999,71051.549575930214
study,96000,3,1,3,study-first,32,8192,0.044668399999999997,71051.549575930214
reference,96000,3,1,3,study-first,32,8192,0.041823399999999997,71051.549575930214
reference,192000,0,0,0,reference-first,32,8192,0.028255300000000001,42062.343855908446
study,192000,0,0,0,reference-first,32,8192,0.024373599999999999,42062.343855908446
study,192000,0,0,1,study-first,32,8192,0.0243232,42062.343855908446
reference,192000,0,0,1,study-first,32,8192,0.028507600000000001,42062.343855908446
reference,192000,0,0,2,reference-first,32,8192,0.030869799999999999,42062.343855908446
study,192000,0,0,2,reference-first,32,8192,0.0250879,42062.343855908446
study,192000,0,0,3,study-first,32,8192,0.024741900000000001,42062.343855908446
reference,192000,0,0,3,study-first,32,8192,0.0287385,42062.343855908446
reference,192000,0,1,0,reference-first,32,8192,0.033124599999999997,42068.026639315511
study,192000,0,1,0,reference-first,32,8192,0.032564799999999998,42068.026639315511
study,192000,0,1,1,study-first,32,8192,0.031734499999999999,42068.026639315511
reference,192000,0,1,1,study-first,32,8192,0.031868899999999999,42068.026639315511
reference,192000,0,1,2,reference-first,32,8192,0.032641200000000002,42068.026639315511
study,192000,0,1,2,reference-first,32,8192,0.031786099999999998,42068.026639315511
study,192000,0,1,3,study-first,32,8192,0.031078499999999998,42068.026639315511
reference,192000,0,1,3,study-first,32,8192,0.031764100000000003,42068.026639315511
reference,192000,1,0,0,reference-first,32,8192,0.042119900000000002,66887.694383221809
study,192000,1,0,0,reference-first,32,8192,0.042764499999999997,66887.694383221809
study,192000,1,0,1,study-first,32,8192,0.042995600000000002,66887.694383221809
reference,192000,1,0,1,study-first,32,8192,0.042299000000000003,66887.694383221809
reference,192000,1,0,2,reference-first,32,8192,0.042385100000000002,66887.694383221809
study,192000,1,0,2,reference-first,32,8192,0.043015200000000003,66887.694383221809
study,192000,1,0,3,study-first,32,8192,0.043671099999999997,66887.694383221809
reference,192000,1,0,3,study-first,32,8192,0.045403300000000001,66887.694383221809
reference,192000,1,1,0,reference-first,32,8192,0.046070100000000003,66889.133004456336
study,192000,1,1,0,reference-first,32,8192,0.045801599999999998,66889.133004456336
study,192000,1,1,1,study-first,32,8192,0.0450862,66889.133004456336
reference,192000,1,1,1,study-first,32,8192,0.0458772,66889.133004456336
reference,192000,1,1,2,reference-first,32,8192,0.046921299999999999,66889.133004456336
study,192000,1,1,2,reference-first,32,8192,0.046486100000000002,66889.133004456336
study,192000,1,1,3,study-first,32,8192,0.0448133,66889.133004456336
reference,192000,1,1,3,study-first,32,8192,0.045919500000000002,66889.133004456336
reference,192000,2,0,0,reference-first,32,8192,0.041782699999999999,46549.219210295327
study,192000,2,0,0,reference-first,32,8192,0.043020799999999998,46549.219210295327
study,192000,2,0,1,study-first,32,8192,0.051577900000000003,46549.219210295327
reference,192000,2,0,1,study-first,32,8192,0.048185100000000002,46549.219210295327
reference,192000,2,0,2,reference-first,32,8192,0.051492400000000001,46549.219210295327
study,192000,2,0,2,reference-first,32,8192,0.048598099999999998,46549.219210295327
study,192000,2,0,3,study-first,32,8192,0.054363700000000001,46549.219210295327
reference,192000,2,0,3,study-first,32,8192,0.046759599999999998,46549.219210295327
reference,192000,2,1,0,reference-first,32,8192,0.065322000000000005,46535.585840703774
study,192000,2,1,0,reference-first,32,8192,0.085691500000000004,46535.585840703774
study,192000,2,1,1,study-first,32,8192,0.057558400000000003,46535.585840703774
reference,192000,2,1,1,study-first,32,8192,0.1023481,46535.585840703774
reference,192000,2,1,2,reference-first,32,8192,0.0539771,46535.585840703774
study,192000,2,1,2,reference-first,32,8192,0.054427799999999998,46535.585840703774
study,192000,2,1,3,study-first,32,8192,0.067802399999999999,46535.585840703774
reference,192000,2,1,3,study-first,32,8192,0.055119599999999998,46535.585840703774
reference,192000,3,0,0,reference-first,32,8192,0.093800499999999995,72010.567017668582
study,192000,3,0,0,reference-first,32,8192,0.057434100000000002,72010.567017668582
study,192000,3,0,1,study-first,32,8192,0.046404399999999998,72010.567017668582
reference,192000,3,0,1,study-first,32,8192,0.0396631,72010.567017668582
reference,192000,3,0,2,reference-first,32,8192,0.047210500000000002,72010.567017668582
study,192000,3,0,2,reference-first,32,8192,0.047435400000000003,72010.567017668582
study,192000,3,0,3,study-first,32,8192,0.042528099999999999,72010.567017668582
reference,192000,3,0,3,study-first,32,8192,0.038968500000000003,72010.567017668582
reference,192000,3,1,0,reference-first,32,8192,0.044066500000000002,72024.692608779573
study,192000,3,1,0,reference-first,32,8192,0.045200200000000003,72024.692608779573
study,192000,3,1,1,study-first,32,8192,0.045839900000000003,72024.692608779573
reference,192000,3,1,1,study-first,32,8192,0.043718699999999999,72024.692608779573
reference,192000,3,1,2,reference-first,32,8192,0.044467600000000003,72024.692608779573
study,192000,3,1,2,reference-first,32,8192,0.051156399999999998,72024.692608779573
study,192000,3,1,3,study-first,32,8192,0.0565494,72024.692608779573
reference,192000,3,1,3,study-first,32,8192,0.045889399999999997,72024.692608779573
